schema_version,session_id,ts_utc_ms,elapsed_ms,source,metric,value,unit,status,reason,scope,sample_count
0.1,ec9d1b29-a9aa-4c3b-9932-1cb0b3c01d02,1787670557098,1045,psutil,process_cpu_pct_raw,174.6,percent,ok,,process,
0.1,ec9d1b29-a9aa-4c3b-9932-1cb0b3c01d02,1787670557098,1045,psutil,process_cpu_pct,8.73,percent,ok,,process,
0.1,ec9d1b29-a9aa-4c3b-9932-1cb0b3c01d02,1787670557098,1045,psutil,process_memory_mb,5531.96875,MiB,ok,,process,
0.1,ec9d1b29-a9aa-4c3b-9932-1cb0b3c01d02,1787670557098,1045,win32_foreground,game_foreground,0.0,boolean,ok,,process,
0.1,ec9d1b29-a9aa-4c3b-9932-1cb0b3c01d02,1787670557098,1045,windows_pdh,process_gpu_pct,5.3026618086593675,percent,ok,,process,
0.1,ec9d1b29-a9aa-4c3b-9932-1cb0b3c01d02,1787670557098,1045,nvidia-smi,device_gpu_util_pct,2.0,percent,ok,,device,
0.1,ec9d1b29-a9aa-4c3b-9932-1cb0b3c01d02,1787670557098,1045,nvidia-smi,device_vram_used_mb,4090.0,MiB,ok,,device,
0.1,ec9d1b29-a9aa-4c3b-9932-1cb0b3c01d02,1787670557098,1045,nvidia-smi,device_gpu_temperature_c,51.0,celsius,ok,,device,
0.1,ec9d1b29-a9aa-4c3b-9932-1cb0b3c01d02,1787670557098,1045,nvidia-smi,device_gpu_power_w,21.92,watt,ok,,device,
0.1,ec9d1b29-a9aa-4c3b-9932-1cb0b3c01d02,1787670557098,1045,nvidia-smi,device_gpu_clock_mhz,435.0,MHz,ok,,device,
0.1,ec9d1b29-a9aa-4c3b-9932-1cb0b3c01d02,1787670558110,2057,psutil,process_cpu_pct_raw,171.9,percent,ok,,process,
0.1,ec9d1b29-a9aa-4c3b-9932-1cb0b3c01d02,1787670558110,2057,psutil,process_cpu_pct,8.595,percent,ok,,process,
0.1,ec9d1b29-a9aa-4c3b-9932-1cb0b3c01d02,1787670558110,2057,psutil,process_memory_mb,5587.91015625,MiB,ok,,process,
0.1,ec9d1b29-a9aa-4c3b-9932-1cb0b3c01d02,1787670558110,2057,win32_foreground,game_foreground,0.0,boolean,ok,,process,
0.1,ec9d1b29-a9aa-4c3b-9932-1cb0b3c01d02,1787670558110,2057,windows_pdh,process_gpu_pct,1.7178105321246535,percent,ok,,process,
0.1,ec9d1b29-a9aa-4c3b-9932-1cb0b3c01d02,1787670559116,3063,psutil,process_cpu_pct_raw,706.6,percent,ok,,process,
0.1,ec9d1b29-a9aa-4c3b-9932-1cb0b3c01d02,1787670559116,3063,psutil,process_cpu_pct,35.33,percent,ok,,process,
0.1,ec9d1b29-a9aa-4c3b-9932-1cb0b3c01d02,1787670559116,3063,psutil,process_memory_mb,5626.88671875,MiB,ok,,process,
0.1,ec9d1b29-a9aa-4c3b-9932-1cb0b3c01d02,1787670559116,3063,win32_foreground,game_foreground,0.0,boolean,ok,,process,
0.1,ec9d1b29-a9aa-4c3b-9932-1cb0b3c01d02,1787670559116,3063,windows_pdh,process_gpu_pct,39.48548118006343,percent,ok,,process,
0.1,ec9d1b29-a9aa-4c3b-9932-1cb0b3c01d02,1787670560121,4068,psutil,process_cpu_pct_raw,1145.3,percent,ok,,process,
0.1,ec9d1b29-a9aa-4c3b-9932-1cb0b3c01d02,1787670560121,4068,psutil,process_cpu_pct,57.265,percent,ok,,process,
0.1,ec9d1b29-a9aa-4c3b-9932-1cb0b3c01d02,1787670560121,4068,psutil,process_memory_mb,5738.7890625,MiB,ok,,process,
0.1,ec9d1b29-a9aa-4c3b-9932-1cb0b3c01d02,1787670560121,4068,win32_foreground,game_foreground,0.0,boolean,ok,,process,
0.1,ec9d1b29-a9aa-4c3b-9932-1cb0b3c01d02,1787670560121,4068,windows_pdh,process_gpu_pct,29.624140206948173,percent,ok,,process,
0.1,ec9d1b29-a9aa-4c3b-9932-1cb0b3c01d02,1787670561111,5058,psutil,process_cpu_pct_raw,1330.9,percent,ok,,process,
0.1,ec9d1b29-a9aa-4c3b-9932-1cb0b3c01d02,1787670561111,5058,psutil,process_cpu_pct,66.545,percent,ok,,process,
0.1,ec9d1b29-a9aa-4c3b-9932-1cb0b3c01d02,1787670561111,5058,psutil,process_memory_mb,5875.703125,MiB,ok,,process,
0.1,ec9d1b29-a9aa-4c3b-9932-1cb0b3c01d02,1787670561111,5058,win32_foreground,game_foreground,1.0,boolean,ok,,process,
0.1,ec9d1b29-a9aa-4c3b-9932-1cb0b3c01d02,1787670561111,5058,windows_pdh,process_gpu_pct,22.293497592839895,percent,ok,,process,
0.1,ec9d1b29-a9aa-4c3b-9932-1cb0b3c01d02,1787670562116,6063,psutil,process_cpu_pct_raw,1314.7,percent,ok,,process,
0.1,ec9d1b29-a9aa-4c3b-9932-1cb0b3c01d02,1787670562116,6063,psutil,process_cpu_pct,65.735,percent,ok,,process,
0.1,ec9d1b29-a9aa-4c3b-9932-1cb0b3c01d02,1787670562116,6063,psutil,process_memory_mb,6008.53515625,MiB,ok,,process,
0.1,ec9d1b29-a9aa-4c3b-9932-1cb0b3c01d02,1787670562116,6063,win32_foreground,game_foreground,1.0,boolean,ok,,process,
0.1,ec9d1b29-a9aa-4c3b-9932-1cb0b3c01d02,1787670562116,6063,windows_pdh,process_gpu_pct,28.65384039806224,percent,ok,,process,
0.1,ec9d1b29-a9aa-4c3b-9932-1cb0b3c01d02,1787670562116,6063,nvidia-smi,device_gpu_util_pct,24.0,percent,ok,,device,
0.1,ec9d1b29-a9aa-4c3b-9932-1cb0b3c01d02,1787670562116,6063,nvidia-smi,device_vram_used_mb,4506.0,MiB,ok,,device,
0.1,ec9d1b29-a9aa-4c3b-9932-1cb0b3c01d02,1787670562116,6063,nvidia-smi,device_gpu_temperature_c,52.0,celsius,ok,,device,
0.1,ec9d1b29-a9aa-4c3b-9932-1cb0b3c01d02,1787670562116,6063,nvidia-smi,device_gpu_power_w,51.53,watt,ok,,device,
0.1,ec9d1b29-a9aa-4c3b-9932-1cb0b3c01d02,1787670562116,6063,nvidia-smi,device_gpu_clock_mhz,1290.0,MHz,ok,,device,
0.1,ec9d1b29-a9aa-4c3b-9932-1cb0b3c01d02,1787670563106,7053,psutil,process_cpu_pct_raw,1424.5,percent,ok,,process,
0.1,ec9d1b29-a9aa-4c3b-9932-1cb0b3c01d02,1787670563106,7053,psutil,process_cpu_pct,71.225,percent,ok,,process,
0.1,ec9d1b29-a9aa-4c3b-9932-1cb0b3c01d02,1787670563106,7053,psutil,process_memory_mb,6199.99609375,MiB,ok,,process,
0.1,ec9d1b29-a9aa-4c3b-9932-1cb0b3c01d02,1787670563106,7053,win32_foreground,game_foreground,0.0,boolean,ok,,process,
0.1,ec9d1b29-a9aa-4c3b-9932-1cb0b3c01d02,1787670559000,2947,presentmon,app_fps,9.707866041156498,fps,ok,,process,2
0.1,ec9d1b29-a9aa-4c3b-9932-1cb0b3c01d02,1787670559000,2947,presentmon,frame_time_avg_ms,103.00925000000001,ms,ok,,process,2
0.1,ec9d1b29-a9aa-4c3b-9932-1cb0b3c01d02,1787670559000,2947,presentmon,frame_time_p95_ms,106.6067,ms,ok,,process,2
0.1,ec9d1b29-a9aa-4c3b-9932-1cb0b3c01d02,1787670559000,2947,presentmon,gpu_busy_median_ms,26.8963,ms,ok,,process,2
0.1,ec9d1b29-a9aa-4c3b-9932-1cb0b3c01d02,1787670559000,2947,presentmon,gpu_busy_p95_ms,26.9266,ms,ok,,process,2
0.1,ec9d1b29-a9aa-4c3b-9932-1cb0b3c01d02,1787670563106,7053,windows_pdh,process_gpu_pct,44.40515063424294,percent,ok,,process,
0.1,ec9d1b29-a9aa-4c3b-9932-1cb0b3c01d02,1787670564127,8074,psutil,process_cpu_pct_raw,1376.2,percent,ok,,process,
0.1,ec9d1b29-a9aa-4c3b-9932-1cb0b3c01d02,1787670564127,8074,psutil,process_cpu_pct,68.81,percent,ok,,process,
0.1,ec9d1b29-a9aa-4c3b-9932-1cb0b3c01d02,1787670564127,8074,psutil,process_memory_mb,6346.2734375,MiB,ok,,process,
0.1,ec9d1b29-a9aa-4c3b-9932-1cb0b3c01d02,1787670564127,8074,win32_foreground,game_foreground,0.0,boolean,ok,,process,
0.1,ec9d1b29-a9aa-4c3b-9932-1cb0b3c01d02,1787670560000,3947,presentmon,app_fps,10.133047932660627,fps,ok,,process,10
0.1,ec9d1b29-a9aa-4c3b-9932-1cb0b3c01d02,1787670560000,3947,presentmon,frame_time_avg_ms,98.68699000000001,ms,ok,,process,10
0.1,ec9d1b29-a9aa-4c3b-9932-1cb0b3c01d02,1787670560000,3947,presentmon,frame_time_p95_ms,131.269,ms,ok,,process,10
0.1,ec9d1b29-a9aa-4c3b-9932-1cb0b3c01d02,1787670560000,3947,presentmon,gpu_busy_median_ms,29.2416,ms,ok,,process,10
0.1,ec9d1b29-a9aa-4c3b-9932-1cb0b3c01d02,1787670560000,3947,presentmon,gpu_busy_p95_ms,31.2433,ms,ok,,process,10
0.1,ec9d1b29-a9aa-4c3b-9932-1cb0b3c01d02,1787670564127,8074,windows_pdh,process_gpu_pct,31.561583278718842,percent,ok,,process,
0.1,ec9d1b29-a9aa-4c3b-9932-1cb0b3c01d02,1787670565102,9049,psutil,process_cpu_pct_raw,1326.1,percent,ok,,process,
0.1,ec9d1b29-a9aa-4c3b-9932-1cb0b3c01d02,1787670565102,9049,psutil,process_cpu_pct,66.30499999999999,percent,ok,,process,
0.1,ec9d1b29-a9aa-4c3b-9932-1cb0b3c01d02,1787670565102,9049,psutil,process_memory_mb,6484.375,MiB,ok,,process,
0.1,ec9d1b29-a9aa-4c3b-9932-1cb0b3c01d02,1787670565102,9049,win32_foreground,game_foreground,0.0,boolean,ok,,process,
0.1,ec9d1b29-a9aa-4c3b-9932-1cb0b3c01d02,1787670561000,4947,presentmon,app_fps,17.22887517364074,fps,ok,,process,18
0.1,ec9d1b29-a9aa-4c3b-9932-1cb0b3c01d02,1787670561000,4947,presentmon,frame_time_avg_ms,58.04209444444444,ms,ok,,process,18
0.1,ec9d1b29-a9aa-4c3b-9932-1cb0b3c01d02,1787670561000,4947,presentmon,frame_time_p95_ms,123.3792,ms,ok,,process,18
0.1,ec9d1b29-a9aa-4c3b-9932-1cb0b3c01d02,1787670561000,4947,presentmon,gpu_busy_median_ms,22.94625,ms,ok,,process,18
0.1,ec9d1b29-a9aa-4c3b-9932-1cb0b3c01d02,1787670561000,4947,presentmon,gpu_busy_p95_ms,31.6671,ms,ok,,process,18
0.1,ec9d1b29-a9aa-4c3b-9932-1cb0b3c01d02,1787670565102,9049,windows_pdh,process_gpu_pct,42.61307543696263,percent,ok,,process,
0.1,ec9d1b29-a9aa-4c3b-9932-1cb0b3c01d02,1787670566108,10055,psutil,process_cpu_pct_raw,1242.2,percent,ok,,process,
0.1,ec9d1b29-a9aa-4c3b-9932-1cb0b3c01d02,1787670566108,10055,psutil,process_cpu_pct,62.11,percent,ok,,process,
0.1,ec9d1b29-a9aa-4c3b-9932-1cb0b3c01d02,1787670566108,10055,psutil,process_memory_mb,6674.21484375,MiB,ok,,process,
0.1,ec9d1b29-a9aa-4c3b-9932-1cb0b3c01d02,1787670566108,10055,win32_foreground,game_foreground,0.0,boolean,ok,,process,
0.1,ec9d1b29-a9aa-4c3b-9932-1cb0b3c01d02,1787670562000,5947,presentmon,app_fps,15.832461316547265,fps,ok,,process,15
0.1,ec9d1b29-a9aa-4c3b-9932-1cb0b3c01d02,1787670562000,5947,presentmon,frame_time_avg_ms,63.16137333333334,ms,ok,,process,15
0.1,ec9d1b29-a9aa-4c3b-9932-1cb0b3c01d02,1787670562000,5947,presentmon,frame_time_p95_ms,85.2316,ms,ok,,process,15
0.1,ec9d1b29-a9aa-4c3b-9932-1cb0b3c01d02,1787670562000,5947,presentmon,gpu_busy_median_ms,21.8383,ms,ok,,process,15
0.1,ec9d1b29-a9aa-4c3b-9932-1cb0b3c01d02,1787670562000,5947,presentmon,gpu_busy_p95_ms,24.1991,ms,ok,,process,15
0.1,ec9d1b29-a9aa-4c3b-9932-1cb0b3c01d02,1787670566108,10055,windows_pdh,process_gpu_pct,42.8059493715961,percent,ok,,process,
0.1,ec9d1b29-a9aa-4c3b-9932-1cb0b3c01d02,1787670567113,11060,psutil,process_cpu_pct_raw,1251.5,percent,ok,,process,
0.1,ec9d1b29-a9aa-4c3b-9932-1cb0b3c01d02,1787670567113,11060,psutil,process_cpu_pct,62.575,percent,ok,,process,
0.1,ec9d1b29-a9aa-4c3b-9932-1cb0b3c01d02,1787670567113,11060,psutil,process_memory_mb,6807.453125,MiB,ok,,process,
0.1,ec9d1b29-a9aa-4c3b-9932-1cb0b3c01d02,1787670567113,11060,win32_foreground,game_foreground,1.0,boolean,ok,,process,
0.1,ec9d1b29-a9aa-4c3b-9932-1cb0b3c01d02,1787670563000,6947,presentmon,app_fps,19.011129114983913,fps,ok,,process,19
0.1,ec9d1b29-a9aa-4c3b-9932-1cb0b3c01d02,1787670563000,6947,presentmon,frame_time_avg_ms,52.60076842105263,ms,ok,,process,19
0.1,ec9d1b29-a9aa-4c3b-9932-1cb0b3c01d02,1787670563000,6947,presentmon,frame_time_p95_ms,80.6325,ms,ok,,process,19
0.1,ec9d1b29-a9aa-4c3b-9932-1cb0b3c01d02,1787670563000,6947,presentmon,gpu_busy_median_ms,21.4414,ms,ok,,process,19
0.1,ec9d1b29-a9aa-4c3b-9932-1cb0b3c01d02,1787670563000,6947,presentmon,gpu_busy_p95_ms,22.8626,ms,ok,,process,19
0.1,ec9d1b29-a9aa-4c3b-9932-1cb0b3c01d02,1787670567113,11060,windows_pdh,process_gpu_pct,44.151876961623195,percent,ok,,process,
0.1,ec9d1b29-a9aa-4c3b-9932-1cb0b3c01d02,1787670567113,11060,nvidia-smi,device_gpu_util_pct,40.0,percent,ok,,device,
0.1,ec9d1b29-a9aa-4c3b-9932-1cb0b3c01d02,1787670567113,11060,nvidia-smi,device_vram_used_mb,4587.0,MiB,ok,,device,
0.1,ec9d1b29-a9aa-4c3b-9932-1cb0b3c01d02,1787670567113,11060,nvidia-smi,device_gpu_temperature_c,56.0,celsius,ok,,device,
0.1,ec9d1b29-a9aa-4c3b-9932-1cb0b3c01d02,1787670567113,11060,nvidia-smi,device_gpu_power_w,97.57,watt,ok,,device,
0.1,ec9d1b29-a9aa-4c3b-9932-1cb0b3c01d02,1787670567113,11060,nvidia-smi,device_gpu_clock_mhz,1995.0,MHz,ok,,device,
0.1,ec9d1b29-a9aa-4c3b-9932-1cb0b3c01d02,1787670568120,12067,psutil,process_cpu_pct_raw,1198.4,percent,ok,,process,
0.1,ec9d1b29-a9aa-4c3b-9932-1cb0b3c01d02,1787670568120,12067,psutil,process_cpu_pct,59.92,percent,ok,,process,
0.1,ec9d1b29-a9aa-4c3b-9932-1cb0b3c01d02,1787670568120,12067,psutil,process_memory_mb,6974.1015625,MiB,ok,,process,
0.1,ec9d1b29-a9aa-4c3b-9932-1cb0b3c01d02,1787670568120,12067,win32_foreground,game_foreground,1.0,boolean,ok,,process,
0.1,ec9d1b29-a9aa-4c3b-9932-1cb0b3c01d02,1787670564000,7947,presentmon,app_fps,20.24425366859617,fps,ok,,process,21
0.1,ec9d1b29-a9aa-4c3b-9932-1cb0b3c01d02,1787670564000,7947,presentmon,frame_time_avg_ms,49.39673333333334,ms,ok,,process,21
0.1,ec9d1b29-a9aa-4c3b-9932-1cb0b3c01d02,1787670564000,7947,presentmon,frame_time_p95_ms,77.1715,ms,ok,,process,21
0.1,ec9d1b29-a9aa-4c3b-9932-1cb0b3c01d02,1787670564000,7947,presentmon,gpu_busy_median_ms,20.8915,ms,ok,,process,21
0.1,ec9d1b29-a9aa-4c3b-9932-1cb0b3c01d02,1787670564000,7947,presentmon,gpu_busy_p95_ms,22.1938,ms,ok,,process,21
0.1,ec9d1b29-a9aa-4c3b-9932-1cb0b3c01d02,1787670568120,12067,windows_pdh,process_gpu_pct,53.02329042250753,percent,ok,,process,
0.1,ec9d1b29-a9aa-4c3b-9932-1cb0b3c01d02,1787670569125,13072,psutil,process_cpu_pct_raw,1190.6,percent,ok,,process,
0.1,ec9d1b29-a9aa-4c3b-9932-1cb0b3c01d02,1787670569125,13072,psutil,process_cpu_pct,59.529999999999994,percent,ok,,process,
0.1,ec9d1b29-a9aa-4c3b-9932-1cb0b3c01d02,1787670569125,13072,psutil,process_memory_mb,7137.41015625,MiB,ok,,process,
0.1,ec9d1b29-a9aa-4c3b-9932-1cb0b3c01d02,1787670569125,13072,win32_foreground,game_foreground,1.0,boolean,ok,,process,
0.1,ec9d1b29-a9aa-4c3b-9932-1cb0b3c01d02,1787670565000,8947,presentmon,app_fps,20.596085734502243,fps,ok,,process,20
0.1,ec9d1b29-a9aa-4c3b-9932-1cb0b3c01d02,1787670565000,8947,presentmon,frame_time_avg_ms,48.552915,ms,ok,,process,20
0.1,ec9d1b29-a9aa-4c3b-9932-1cb0b3c01d02,1787670565000,8947,presentmon,frame_time_p95_ms,77.4041,ms,ok,,process,20
0.1,ec9d1b29-a9aa-4c3b-9932-1cb0b3c01d02,1787670565000,8947,presentmon,gpu_busy_median_ms,20.8268,ms,ok,,process,20
0.1,ec9d1b29-a9aa-4c3b-9932-1cb0b3c01d02,1787670565000,8947,presentmon,gpu_busy_p95_ms,21.7087,ms,ok,,process,20
0.1,ec9d1b29-a9aa-4c3b-9932-1cb0b3c01d02,1787670569125,13072,windows_pdh,process_gpu_pct,54.81137089181066,percent,ok,,process,
0.1,ec9d1b29-a9aa-4c3b-9932-1cb0b3c01d02,1787670570115,14062,psutil,process_cpu_pct_raw,1142.2,percent,ok,,process,
0.1,ec9d1b29-a9aa-4c3b-9932-1cb0b3c01d02,1787670570115,14062,psutil,process_cpu_pct,57.11,percent,ok,,process,
0.1,ec9d1b29-a9aa-4c3b-9932-1cb0b3c01d02,1787670570115,14062,psutil,process_memory_mb,7276.0234375,MiB,ok,,process,
0.1,ec9d1b29-a9aa-4c3b-9932-1cb0b3c01d02,1787670570115,14062,win32_foreground,game_foreground,1.0,boolean,ok,,process,
0.1,ec9d1b29-a9aa-4c3b-9932-1cb0b3c01d02,1787670566000,9947,presentmon,app_fps,25.977853879567668,fps,ok,,process,26
0.1,ec9d1b29-a9aa-4c3b-9932-1cb0b3c01d02,1787670566000,9947,presentmon,frame_time_avg_ms,38.49432692307692,ms,ok,,process,26
0.1,ec9d1b29-a9aa-4c3b-9932-1cb0b3c01d02,1787670566000,9947,presentmon,frame_time_p95_ms,60.9979,ms,ok,,process,26
0.1,ec9d1b29-a9aa-4c3b-9932-1cb0b3c01d02,1787670566000,9947,presentmon,gpu_busy_median_ms,20.5649,ms,ok,,process,26
0.1,ec9d1b29-a9aa-4c3b-9932-1cb0b3c01d02,1787670566000,9947,presentmon,gpu_busy_p95_ms,21.2296,ms,ok,,process,26
0.1,ec9d1b29-a9aa-4c3b-9932-1cb0b3c01d02,1787670570115,14062,windows_pdh,process_gpu_pct,51.71757614935408,percent,ok,,process,
0.1,ec9d1b29-a9aa-4c3b-9932-1cb0b3c01d02,1787670571105,15052,psutil,process_cpu_pct_raw,1242.1,percent,ok,,process,
0.1,ec9d1b29-a9aa-4c3b-9932-1cb0b3c01d02,1787670571105,15052,psutil,process_cpu_pct,62.105,percent,ok,,process,
0.1,ec9d1b29-a9aa-4c3b-9932-1cb0b3c01d02,1787670571105,15052,psutil,process_memory_mb,7422.7890625,MiB,ok,,process,
0.1,ec9d1b29-a9aa-4c3b-9932-1cb0b3c01d02,1787670571105,15052,win32_foreground,game_foreground,1.0,boolean,ok,,process,
0.1,ec9d1b29-a9aa-4c3b-9932-1cb0b3c01d02,1787670571105,15052,windows_pdh,process_gpu_pct,46.11634460771918,percent,ok,,process,
0.1,ec9d1b29-a9aa-4c3b-9932-1cb0b3c01d02,1787670572111,16058,psutil,process_cpu_pct_raw,1212.5,percent,ok,,process,
0.1,ec9d1b29-a9aa-4c3b-9932-1cb0b3c01d02,1787670572111,16058,psutil,process_cpu_pct,60.625,percent,ok,,process,
0.1,ec9d1b29-a9aa-4c3b-9932-1cb0b3c01d02,1787670572111,16058,psutil,process_memory_mb,7593.5,MiB,ok,,process,
0.1,ec9d1b29-a9aa-4c3b-9932-1cb0b3c01d02,1787670572111,16058,win32_foreground,game_foreground,1.0,boolean,ok,,process,
0.1,ec9d1b29-a9aa-4c3b-9932-1cb0b3c01d02,1787670567000,10947,presentmon,app_fps,27.658303581023002,fps,ok,,process,27
0.1,ec9d1b29-a9aa-4c3b-9932-1cb0b3c01d02,1787670567000,10947,presentmon,frame_time_avg_ms,36.155507407407406,ms,ok,,process,27
0.1,ec9d1b29-a9aa-4c3b-9932-1cb0b3c01d02,1787670567000,10947,presentmon,frame_time_p95_ms,58.3232,ms,ok,,process,27
0.1,ec9d1b29-a9aa-4c3b-9932-1cb0b3c01d02,1787670567000,10947,presentmon,gpu_busy_median_ms,20.5707,ms,ok,,process,27
0.1,ec9d1b29-a9aa-4c3b-9932-1cb0b3c01d02,1787670567000,10947,presentmon,gpu_busy_p95_ms,21.8537,ms,ok,,process,27
0.1,ec9d1b29-a9aa-4c3b-9932-1cb0b3c01d02,1787670568000,11947,presentmon,app_fps,25.03227912393031,fps,ok,,process,25
0.1,ec9d1b29-a9aa-4c3b-9932-1cb0b3c01d02,1787670568000,11947,presentmon,frame_time_avg_ms,39.94842,ms,ok,,process,25
0.1,ec9d1b29-a9aa-4c3b-9932-1cb0b3c01d02,1787670568000,11947,presentmon,frame_time_p95_ms,67.3344,ms,ok,,process,25
0.1,ec9d1b29-a9aa-4c3b-9932-1cb0b3c01d02,1787670568000,11947,presentmon,gpu_busy_median_ms,20.9637,ms,ok,,process,25
0.1,ec9d1b29-a9aa-4c3b-9932-1cb0b3c01d02,1787670568000,11947,presentmon,gpu_busy_p95_ms,21.6591,ms,ok,,process,25
0.1,ec9d1b29-a9aa-4c3b-9932-1cb0b3c01d02,1787670572111,16058,windows_pdh,process_gpu_pct,40.819818483069994,percent,ok,,process,
0.1,ec9d1b29-a9aa-4c3b-9932-1cb0b3c01d02,1787670573116,17063,psutil,process_cpu_pct_raw,1171.5,percent,ok,,process,
0.1,ec9d1b29-a9aa-4c3b-9932-1cb0b3c01d02,1787670573116,17063,psutil,process_cpu_pct,58.575,percent,ok,,process,
0.1,ec9d1b29-a9aa-4c3b-9932-1cb0b3c01d02,1787670573116,17063,psutil,process_memory_mb,7757.16015625,MiB,ok,,process,
0.1,ec9d1b29-a9aa-4c3b-9932-1cb0b3c01d02,1787670573116,17063,win32_foreground,game_foreground,1.0,boolean,ok,,process,
0.1,ec9d1b29-a9aa-4c3b-9932-1cb0b3c01d02,1787670569000,12947,presentmon,app_fps,21.712577582987443,fps,ok,,process,22
0.1,ec9d1b29-a9aa-4c3b-9932-1cb0b3c01d02,1787670569000,12947,presentmon,frame_time_avg_ms,46.05625454545455,ms,ok,,process,22
0.1,ec9d1b29-a9aa-4c3b-9932-1cb0b3c01d02,1787670569000,12947,presentmon,frame_time_p95_ms,70.3691,ms,ok,,process,22
0.1,ec9d1b29-a9aa-4c3b-9932-1cb0b3c01d02,1787670569000,12947,presentmon,gpu_busy_median_ms,20.859250000000003,ms,ok,,process,22
0.1,ec9d1b29-a9aa-4c3b-9932-1cb0b3c01d02,1787670569000,12947,presentmon,gpu_busy_p95_ms,22.349,ms,ok,,process,22
0.1,ec9d1b29-a9aa-4c3b-9932-1cb0b3c01d02,1787670573116,17063,windows_pdh,process_gpu_pct,49.74308131382942,percent,ok,,process,
0.1,ec9d1b29-a9aa-4c3b-9932-1cb0b3c01d02,1787670573116,17063,nvidia-smi,device_gpu_util_pct,38.0,percent,ok,,device,
0.1,ec9d1b29-a9aa-4c3b-9932-1cb0b3c01d02,1787670573116,17063,nvidia-smi,device_vram_used_mb,4607.0,MiB,ok,,device,
0.1,ec9d1b29-a9aa-4c3b-9932-1cb0b3c01d02,1787670573116,17063,nvidia-smi,device_gpu_temperature_c,56.0,celsius,ok,,device,
0.1,ec9d1b29-a9aa-4c3b-9932-1cb0b3c01d02,1787670573116,17063,nvidia-smi,device_gpu_power_w,108.89,watt,ok,,device,
0.1,ec9d1b29-a9aa-4c3b-9932-1cb0b3c01d02,1787670573116,17063,nvidia-smi,device_gpu_clock_mhz,1980.0,MHz,ok,,device,
0.1,ec9d1b29-a9aa-4c3b-9932-1cb0b3c01d02,1787670574107,18054,psutil,process_cpu_pct_raw,1265.9,percent,ok,,process,
0.1,ec9d1b29-a9aa-4c3b-9932-1cb0b3c01d02,1787670574107,18054,psutil,process_cpu_pct,63.295,percent,ok,,process,
0.1,ec9d1b29-a9aa-4c3b-9932-1cb0b3c01d02,1787670574107,18054,psutil,process_memory_mb,7944.08984375,MiB,ok,,process,
0.1,ec9d1b29-a9aa-4c3b-9932-1cb0b3c01d02,1787670574107,18054,win32_foreground,game_foreground,1.0,boolean,ok,,process,
0.1,ec9d1b29-a9aa-4c3b-9932-1cb0b3c01d02,1787670570000,13947,presentmon,app_fps,18.570724699073622,fps,ok,,process,19
0.1,ec9d1b29-a9aa-4c3b-9932-1cb0b3c01d02,1787670570000,13947,presentmon,frame_time_avg_ms,53.84819473684211,ms,ok,,process,19
0.1,ec9d1b29-a9aa-4c3b-9932-1cb0b3c01d02,1787670570000,13947,presentmon,frame_time_p95_ms,83.4601,ms,ok,,process,19
0.1,ec9d1b29-a9aa-4c3b-9932-1cb0b3c01d02,1787670570000,13947,presentmon,gpu_busy_median_ms,21.2302,ms,ok,,process,19
0.1,ec9d1b29-a9aa-4c3b-9932-1cb0b3c01d02,1787670570000,13947,presentmon,gpu_busy_p95_ms,22.0994,ms,ok,,process,19
0.1,ec9d1b29-a9aa-4c3b-9932-1cb0b3c01d02,1787670574107,18054,windows_pdh,process_gpu_pct,49.05188962558424,percent,ok,,process,
0.1,ec9d1b29-a9aa-4c3b-9932-1cb0b3c01d02,1787670575112,19059,psutil,process_cpu_pct_raw,890.6,percent,ok,,process,
0.1,ec9d1b29-a9aa-4c3b-9932-1cb0b3c01d02,1787670575112,19059,psutil,process_cpu_pct,44.53,percent,ok,,process,
0.1,ec9d1b29-a9aa-4c3b-9932-1cb0b3c01d02,1787670575112,19059,psutil,process_memory_mb,7998.05078125,MiB,ok,,process,
0.1,ec9d1b29-a9aa-4c3b-9932-1cb0b3c01d02,1787670575112,19059,win32_foreground,game_foreground,1.0,boolean,ok,,process,
0.1,ec9d1b29-a9aa-4c3b-9932-1cb0b3c01d02,1787670571000,14947,presentmon,app_fps,24.252214596248077,fps,ok,,process,23
0.1,ec9d1b29-a9aa-4c3b-9932-1cb0b3c01d02,1787670571000,14947,presentmon,frame_time_avg_ms,41.233347826086955,ms,ok,,process,23
0.1,ec9d1b29-a9aa-4c3b-9932-1cb0b3c01d02,1787670571000,14947,presentmon,frame_time_p95_ms,70.2998,ms,ok,,process,23
0.1,ec9d1b29-a9aa-4c3b-9932-1cb0b3c01d02,1787670571000,14947,presentmon,gpu_busy_median_ms,20.8178,ms,ok,,process,23
0.1,ec9d1b29-a9aa-4c3b-9932-1cb0b3c01d02,1787670571000,14947,presentmon,gpu_busy_p95_ms,21.6665,ms,ok,,process,23
0.1,ec9d1b29-a9aa-4c3b-9932-1cb0b3c01d02,1787670575112,19059,windows_pdh,process_gpu_pct,77.23020242600559,percent,ok,,process,
0.1,ec9d1b29-a9aa-4c3b-9932-1cb0b3c01d02,1787670576118,20065,psutil,process_cpu_pct_raw,560.3,percent,ok,,process,
0.1,ec9d1b29-a9aa-4c3b-9932-1cb0b3c01d02,1787670576118,20065,psutil,process_cpu_pct,28.014999999999997,percent,ok,,process,
0.1,ec9d1b29-a9aa-4c3b-9932-1cb0b3c01d02,1787670576118,20065,psutil,process_memory_mb,8014.65625,MiB,ok,,process,
0.1,ec9d1b29-a9aa-4c3b-9932-1cb0b3c01d02,1787670576118,20065,win32_foreground,game_foreground,1.0,boolean,ok,,process,
0.1,ec9d1b29-a9aa-4c3b-9932-1cb0b3c01d02,1787670572000,15947,presentmon,app_fps,24.016797348065236,fps,ok,,process,24
0.1,ec9d1b29-a9aa-4c3b-9932-1cb0b3c01d02,1787670572000,15947,presentmon,frame_time_avg_ms,41.637525000000004,ms,ok,,process,24
0.1,ec9d1b29-a9aa-4c3b-9932-1cb0b3c01d02,1787670572000,15947,presentmon,frame_time_p95_ms,72.9672,ms,ok,,process,24
0.1,ec9d1b29-a9aa-4c3b-9932-1cb0b3c01d02,1787670572000,15947,presentmon,gpu_busy_median_ms,20.93455,ms,ok,,process,24
0.1,ec9d1b29-a9aa-4c3b-9932-1cb0b3c01d02,1787670572000,15947,presentmon,gpu_busy_p95_ms,22.0838,ms,ok,,process,24
0.1,ec9d1b29-a9aa-4c3b-9932-1cb0b3c01d02,1787670576118,20065,windows_pdh,process_gpu_pct,92.61011086514308,percent,ok,,process,
0.1,ec9d1b29-a9aa-4c3b-9932-1cb0b3c01d02,1787670577108,21055,psutil,process_cpu_pct_raw,647.2,percent,ok,,process,
0.1,ec9d1b29-a9aa-4c3b-9932-1cb0b3c01d02,1787670577108,21055,psutil,process_cpu_pct,32.36,percent,ok,,process,
0.1,ec9d1b29-a9aa-4c3b-9932-1cb0b3c01d02,1787670577108,21055,psutil,process_memory_mb,8048.39453125,MiB,ok,,process,
0.1,ec9d1b29-a9aa-4c3b-9932-1cb0b3c01d02,1787670577108,21055,win32_foreground,game_foreground,1.0,boolean,ok,,process,
0.1,ec9d1b29-a9aa-4c3b-9932-1cb0b3c01d02,1787670573000,16947,presentmon,app_fps,37.24647482249035,fps,ok,,process,37
0.1,ec9d1b29-a9aa-4c3b-9932-1cb0b3c01d02,1787670573000,16947,presentmon,frame_time_avg_ms,26.84817837837838,ms,ok,,process,37
0.1,ec9d1b29-a9aa-4c3b-9932-1cb0b3c01d02,1787670573000,16947,presentmon,frame_time_p95_ms,78.5785,ms,ok,,process,37
0.1,ec9d1b29-a9aa-4c3b-9932-1cb0b3c01d02,1787670573000,16947,presentmon,gpu_busy_median_ms,20.7454,ms,ok,,process,37
0.1,ec9d1b29-a9aa-4c3b-9932-1cb0b3c01d02,1787670573000,16947,presentmon,gpu_busy_p95_ms,21.969,ms,ok,,process,37
0.1,ec9d1b29-a9aa-4c3b-9932-1cb0b3c01d02,1787670577108,21055,windows_pdh,process_gpu_pct,96.73554991055802,percent,ok,,process,
0.1,ec9d1b29-a9aa-4c3b-9932-1cb0b3c01d02,1787670578113,22060,psutil,process_cpu_pct_raw,514.2,percent,ok,,process,
0.1,ec9d1b29-a9aa-4c3b-9932-1cb0b3c01d02,1787670578113,22060,psutil,process_cpu_pct,25.71,percent,ok,,process,
0.1,ec9d1b29-a9aa-4c3b-9932-1cb0b3c01d02,1787670578113,22060,psutil,process_memory_mb,8091.04296875,MiB,ok,,process,
0.1,ec9d1b29-a9aa-4c3b-9932-1cb0b3c01d02,1787670578113,22060,win32_foreground,game_foreground,1.0,boolean,ok,,process,
0.1,ec9d1b29-a9aa-4c3b-9932-1cb0b3c01d02,1787670574000,17947,presentmon,app_fps,44.56853645542864,fps,ok,,process,45
0.1,ec9d1b29-a9aa-4c3b-9932-1cb0b3c01d02,1787670574000,17947,presentmon,frame_time_avg_ms,22.43735333333333,ms,ok,,process,45
0.1,ec9d1b29-a9aa-4c3b-9932-1cb0b3c01d02,1787670574000,17947,presentmon,frame_time_p95_ms,31.1647,ms,ok,,process,45
0.1,ec9d1b29-a9aa-4c3b-9932-1cb0b3c01d02,1787670574000,17947,presentmon,gpu_busy_median_ms,20.6296,ms,ok,,process,45
0.1,ec9d1b29-a9aa-4c3b-9932-1cb0b3c01d02,1787670574000,17947,presentmon,gpu_busy_p95_ms,22.1245,ms,ok,,process,45
0.1,ec9d1b29-a9aa-4c3b-9932-1cb0b3c01d02,1787670578113,22060,windows_pdh,process_gpu_pct,94.96576852689452,percent,ok,,process,
0.1,ec9d1b29-a9aa-4c3b-9932-1cb0b3c01d02,1787670578113,22060,nvidia-smi,device_gpu_util_pct,93.0,percent,ok,,device,
0.1,ec9d1b29-a9aa-4c3b-9932-1cb0b3c01d02,1787670578113,22060,nvidia-smi,device_vram_used_mb,4613.0,MiB,ok,,device,
0.1,ec9d1b29-a9aa-4c3b-9932-1cb0b3c01d02,1787670578113,22060,nvidia-smi,device_gpu_temperature_c,59.0,celsius,ok,,device,
0.1,ec9d1b29-a9aa-4c3b-9932-1cb0b3c01d02,1787670578113,22060,nvidia-smi,device_gpu_power_w,136.66,watt,ok,,device,
0.1,ec9d1b29-a9aa-4c3b-9932-1cb0b3c01d02,1787670578113,22060,nvidia-smi,device_gpu_clock_mhz,1980.0,MHz,ok,,device,
0.1,ec9d1b29-a9aa-4c3b-9932-1cb0b3c01d02,1787670579103,23050,psutil,process_cpu_pct_raw,659.9,percent,ok,,process,
0.1,ec9d1b29-a9aa-4c3b-9932-1cb0b3c01d02,1787670579103,23050,psutil,process_cpu_pct,32.995,percent,ok,,process,
0.1,ec9d1b29-a9aa-4c3b-9932-1cb0b3c01d02,1787670579103,23050,psutil,process_memory_mb,7493.95703125,MiB,ok,,process,
0.1,ec9d1b29-a9aa-4c3b-9932-1cb0b3c01d02,1787670579103,23050,win32_foreground,game_foreground,1.0,boolean,ok,,process,
0.1,ec9d1b29-a9aa-4c3b-9932-1cb0b3c01d02,1787670575000,18947,presentmon,app_fps,48.01532168915101,fps,ok,,process,48
0.1,ec9d1b29-a9aa-4c3b-9932-1cb0b3c01d02,1787670575000,18947,presentmon,frame_time_avg_ms,20.826685416666667,ms,ok,,process,48
0.1,ec9d1b29-a9aa-4c3b-9932-1cb0b3c01d02,1787670575000,18947,presentmon,frame_time_p95_ms,30.6139,ms,ok,,process,48
0.1,ec9d1b29-a9aa-4c3b-9932-1cb0b3c01d02,1787670575000,18947,presentmon,gpu_busy_median_ms,20.1203,ms,ok,,process,48
0.1,ec9d1b29-a9aa-4c3b-9932-1cb0b3c01d02,1787670575000,18947,presentmon,gpu_busy_p95_ms,21.1471,ms,ok,,process,48
0.1,ec9d1b29-a9aa-4c3b-9932-1cb0b3c01d02,1787670579103,23050,windows_pdh,process_gpu_pct,84.86895154774447,percent,ok,,process,
0.1,ec9d1b29-a9aa-4c3b-9932-1cb0b3c01d02,1787670580109,24056,psutil,process_cpu_pct_raw,529.7,percent,ok,,process,
0.1,ec9d1b29-a9aa-4c3b-9932-1cb0b3c01d02,1787670580109,24056,psutil,process_cpu_pct,26.485000000000003,percent,ok,,process,
0.1,ec9d1b29-a9aa-4c3b-9932-1cb0b3c01d02,1787670580109,24056,psutil,process_memory_mb,7555.3203125,MiB,ok,,process,
0.1,ec9d1b29-a9aa-4c3b-9932-1cb0b3c01d02,1787670580109,24056,win32_foreground,game_foreground,1.0,boolean,ok,,process,
0.1,ec9d1b29-a9aa-4c3b-9932-1cb0b3c01d02,1787670576000,19947,presentmon,app_fps,46.47062662407263,fps,ok,,process,46
0.1,ec9d1b29-a9aa-4c3b-9932-1cb0b3c01d02,1787670576000,19947,presentmon,frame_time_avg_ms,21.518969565217393,ms,ok,,process,46
0.1,ec9d1b29-a9aa-4c3b-9932-1cb0b3c01d02,1787670576000,19947,presentmon,frame_time_p95_ms,30.7649,ms,ok,,process,46
0.1,ec9d1b29-a9aa-4c3b-9932-1cb0b3c01d02,1787670576000,19947,presentmon,gpu_busy_median_ms,20.3748,ms,ok,,process,46
0.1,ec9d1b29-a9aa-4c3b-9932-1cb0b3c01d02,1787670576000,19947,presentmon,gpu_busy_p95_ms,21.3213,ms,ok,,process,46
0.1,ec9d1b29-a9aa-4c3b-9932-1cb0b3c01d02,1787670580109,24056,windows_pdh,process_gpu_pct,57.34818542220496,percent,ok,,process,
0.1,ec9d1b29-a9aa-4c3b-9932-1cb0b3c01d02,1787670581114,25061,psutil,process_cpu_pct_raw,423.3,percent,ok,,process,
0.1,ec9d1b29-a9aa-4c3b-9932-1cb0b3c01d02,1787670581114,25061,psutil,process_cpu_pct,21.165,percent,ok,,process,
0.1,ec9d1b29-a9aa-4c3b-9932-1cb0b3c01d02,1787670581114,25061,psutil,process_memory_mb,7561.68359375,MiB,ok,,process,
0.1,ec9d1b29-a9aa-4c3b-9932-1cb0b3c01d02,1787670581114,25061,win32_foreground,game_foreground,1.0,boolean,ok,,process,
0.1,ec9d1b29-a9aa-4c3b-9932-1cb0b3c01d02,1787670577000,20947,presentmon,app_fps,40.952507377194664,fps,ok,,process,41
0.1,ec9d1b29-a9aa-4c3b-9932-1cb0b3c01d02,1787670577000,20947,presentmon,frame_time_avg_ms,24.418529268292684,ms,ok,,process,41
0.1,ec9d1b29-a9aa-4c3b-9932-1cb0b3c01d02,1787670577000,20947,presentmon,frame_time_p95_ms,39.212,ms,ok,,process,41
0.1,ec9d1b29-a9aa-4c3b-9932-1cb0b3c01d02,1787670577000,20947,presentmon,gpu_busy_median_ms,20.6003,ms,ok,,process,41
0.1,ec9d1b29-a9aa-4c3b-9932-1cb0b3c01d02,1787670577000,20947,presentmon,gpu_busy_p95_ms,21.7542,ms,ok,,process,41
0.1,ec9d1b29-a9aa-4c3b-9932-1cb0b3c01d02,1787670581114,25061,windows_pdh,process_gpu_pct,47.14720372956954,percent,ok,,process,
0.1,ec9d1b29-a9aa-4c3b-9932-1cb0b3c01d02,1787670582120,26067,psutil,process_cpu_pct_raw,760.9,percent,ok,,process,
0.1,ec9d1b29-a9aa-4c3b-9932-1cb0b3c01d02,1787670582120,26067,psutil,process_cpu_pct,38.045,percent,ok,,process,
0.1,ec9d1b29-a9aa-4c3b-9932-1cb0b3c01d02,1787670582120,26067,psutil,process_memory_mb,7653.7734375,MiB,ok,,process,
0.1,ec9d1b29-a9aa-4c3b-9932-1cb0b3c01d02,1787670582120,26067,win32_foreground,game_foreground,1.0,boolean,ok,,process,
0.1,ec9d1b29-a9aa-4c3b-9932-1cb0b3c01d02,1787670578000,21947,presentmon,app_fps,26.94078953276489,fps,ok,,process,27
0.1,ec9d1b29-a9aa-4c3b-9932-1cb0b3c01d02,1787670578000,21947,presentmon,frame_time_avg_ms,37.11843703703704,ms,ok,,process,27
0.1,ec9d1b29-a9aa-4c3b-9932-1cb0b3c01d02,1787670578000,21947,presentmon,frame_time_p95_ms,133.3295,ms,ok,,process,27
0.1,ec9d1b29-a9aa-4c3b-9932-1cb0b3c01d02,1787670578000,21947,presentmon,gpu_busy_median_ms,21.2725,ms,ok,,process,27
0.1,ec9d1b29-a9aa-4c3b-9932-1cb0b3c01d02,1787670578000,21947,presentmon,gpu_busy_p95_ms,22.6655,ms,ok,,process,27
0.1,ec9d1b29-a9aa-4c3b-9932-1cb0b3c01d02,1787670582120,26067,windows_pdh,process_gpu_pct,81.01369612146706,percent,ok,,process,
0.1,ec9d1b29-a9aa-4c3b-9932-1cb0b3c01d02,1787670583110,27057,psutil,process_cpu_pct_raw,712.2,percent,ok,,process,
0.1,ec9d1b29-a9aa-4c3b-9932-1cb0b3c01d02,1787670583110,27057,psutil,process_cpu_pct,35.61,percent,ok,,process,
0.1,ec9d1b29-a9aa-4c3b-9932-1cb0b3c01d02,1787670583110,27057,psutil,process_memory_mb,7647.7578125,MiB,ok,,process,
0.1,ec9d1b29-a9aa-4c3b-9932-1cb0b3c01d02,1787670583110,27057,win32_foreground,game_foreground,1.0,boolean,ok,,process,
0.1,ec9d1b29-a9aa-4c3b-9932-1cb0b3c01d02,1787670579000,22947,presentmon,app_fps,21.32965377415135,fps,ok,,process,22
0.1,ec9d1b29-a9aa-4c3b-9932-1cb0b3c01d02,1787670579000,22947,presentmon,frame_time_avg_ms,46.88308636363636,ms,ok,,process,22
0.1,ec9d1b29-a9aa-4c3b-9932-1cb0b3c01d02,1787670579000,22947,presentmon,frame_time_p95_ms,52.3575,ms,ok,,process,22
0.1,ec9d1b29-a9aa-4c3b-9932-1cb0b3c01d02,1787670579000,22947,presentmon,gpu_busy_median_ms,21.85185,ms,ok,,process,22
0.1,ec9d1b29-a9aa-4c3b-9932-1cb0b3c01d02,1787670579000,22947,presentmon,gpu_busy_p95_ms,22.7673,ms,ok,,process,22
0.1,ec9d1b29-a9aa-4c3b-9932-1cb0b3c01d02,1787670583110,27057,windows_pdh,process_gpu_pct,85.12032424030724,percent,ok,,process,
0.1,ec9d1b29-a9aa-4c3b-9932-1cb0b3c01d02,1787670584116,28063,psutil,process_cpu_pct_raw,714.3,percent,ok,,process,
0.1,ec9d1b29-a9aa-4c3b-9932-1cb0b3c01d02,1787670584116,28063,psutil,process_cpu_pct,35.714999999999996,percent,ok,,process,
0.1,ec9d1b29-a9aa-4c3b-9932-1cb0b3c01d02,1787670584116,28063,psutil,process_memory_mb,7653.18359375,MiB,ok,,process,
0.1,ec9d1b29-a9aa-4c3b-9932-1cb0b3c01d02,1787670584116,28063,win32_foreground,game_foreground,1.0,boolean,ok,,process,
0.1,ec9d1b29-a9aa-4c3b-9932-1cb0b3c01d02,1787670580000,23947,presentmon,app_fps,38.55336805774321,fps,ok,,process,38
0.1,ec9d1b29-a9aa-4c3b-9932-1cb0b3c01d02,1787670580000,23947,presentmon,frame_time_avg_ms,25.938071052631578,ms,ok,,process,38
0.1,ec9d1b29-a9aa-4c3b-9932-1cb0b3c01d02,1787670580000,23947,presentmon,frame_time_p95_ms,44.1912,ms,ok,,process,38
0.1,ec9d1b29-a9aa-4c3b-9932-1cb0b3c01d02,1787670580000,23947,presentmon,gpu_busy_median_ms,21.3292,ms,ok,,process,38
0.1,ec9d1b29-a9aa-4c3b-9932-1cb0b3c01d02,1787670580000,23947,presentmon,gpu_busy_p95_ms,22.6434,ms,ok,,process,38
0.1,ec9d1b29-a9aa-4c3b-9932-1cb0b3c01d02,1787670584116,28063,windows_pdh,process_gpu_pct,82.87933778617894,percent,ok,,process,
0.1,ec9d1b29-a9aa-4c3b-9932-1cb0b3c01d02,1787670584116,28063,nvidia-smi,device_gpu_util_pct,74.0,percent,ok,,device,
0.1,ec9d1b29-a9aa-4c3b-9932-1cb0b3c01d02,1787670584116,28063,nvidia-smi,device_vram_used_mb,4741.0,MiB,ok,,device,
0.1,ec9d1b29-a9aa-4c3b-9932-1cb0b3c01d02,1787670584116,28063,nvidia-smi,device_gpu_temperature_c,59.0,celsius,ok,,device,
0.1,ec9d1b29-a9aa-4c3b-9932-1cb0b3c01d02,1787670584116,28063,nvidia-smi,device_gpu_power_w,130.38,watt,ok,,device,
0.1,ec9d1b29-a9aa-4c3b-9932-1cb0b3c01d02,1787670584116,28063,nvidia-smi,device_gpu_clock_mhz,1980.0,MHz,ok,,device,
0.1,ec9d1b29-a9aa-4c3b-9932-1cb0b3c01d02,1787670585106,29053,psutil,process_cpu_pct_raw,652.0,percent,ok,,process,
0.1,ec9d1b29-a9aa-4c3b-9932-1cb0b3c01d02,1787670585106,29053,psutil,process_cpu_pct,32.6,percent,ok,,process,
0.1,ec9d1b29-a9aa-4c3b-9932-1cb0b3c01d02,1787670585106,29053,psutil,process_memory_mb,7668.73828125,MiB,ok,,process,
0.1,ec9d1b29-a9aa-4c3b-9932-1cb0b3c01d02,1787670585106,29053,win32_foreground,game_foreground,1.0,boolean,ok,,process,
0.1,ec9d1b29-a9aa-4c3b-9932-1cb0b3c01d02,1787670581000,24947,presentmon,app_fps,40.685158410207094,fps,ok,,process,40
0.1,ec9d1b29-a9aa-4c3b-9932-1cb0b3c01d02,1787670581000,24947,presentmon,frame_time_avg_ms,24.5789875,ms,ok,,process,40
0.1,ec9d1b29-a9aa-4c3b-9932-1cb0b3c01d02,1787670581000,24947,presentmon,frame_time_p95_ms,29.7019,ms,ok,,process,40
0.1,ec9d1b29-a9aa-4c3b-9932-1cb0b3c01d02,1787670581000,24947,presentmon,gpu_busy_median_ms,20.79665,ms,ok,,process,40
0.1,ec9d1b29-a9aa-4c3b-9932-1cb0b3c01d02,1787670581000,24947,presentmon,gpu_busy_p95_ms,21.9661,ms,ok,,process,40
0.1,ec9d1b29-a9aa-4c3b-9932-1cb0b3c01d02,1787670585106,29053,windows_pdh,process_gpu_pct,81.85470396791426,percent,ok,,process,
0.1,ec9d1b29-a9aa-4c3b-9932-1cb0b3c01d02,1787670586112,30059,psutil,process_cpu_pct_raw,695.3,percent,ok,,process,
0.1,ec9d1b29-a9aa-4c3b-9932-1cb0b3c01d02,1787670586112,30059,psutil,process_cpu_pct,34.765,percent,ok,,process,
0.1,ec9d1b29-a9aa-4c3b-9932-1cb0b3c01d02,1787670586112,30059,psutil,process_memory_mb,7677.765625,MiB,ok,,process,
0.1,ec9d1b29-a9aa-4c3b-9932-1cb0b3c01d02,1787670586112,30059,win32_foreground,game_foreground,1.0,boolean,ok,,process,
0.1,ec9d1b29-a9aa-4c3b-9932-1cb0b3c01d02,1787670582000,25947,presentmon,app_fps,38.89483226304396,fps,ok,,process,39
0.1,ec9d1b29-a9aa-4c3b-9932-1cb0b3c01d02,1787670582000,25947,presentmon,frame_time_avg_ms,25.71035641025641,ms,ok,,process,39
0.1,ec9d1b29-a9aa-4c3b-9932-1cb0b3c01d02,1787670582000,25947,presentmon,frame_time_p95_ms,36.1148,ms,ok,,process,39
0.1,ec9d1b29-a9aa-4c3b-9932-1cb0b3c01d02,1787670582000,25947,presentmon,gpu_busy_median_ms,21.4076,ms,ok,,process,39
0.1,ec9d1b29-a9aa-4c3b-9932-1cb0b3c01d02,1787670582000,25947,presentmon,gpu_busy_p95_ms,22.3099,ms,ok,,process,39
0.1,ec9d1b29-a9aa-4c3b-9932-1cb0b3c01d02,1787670583000,26947,presentmon,app_fps,37.9420435285102,fps,ok,,process,38
0.1,ec9d1b29-a9aa-4c3b-9932-1cb0b3c01d02,1787670583000,26947,presentmon,frame_time_avg_ms,26.355986842105263,ms,ok,,process,38
0.1,ec9d1b29-a9aa-4c3b-9932-1cb0b3c01d02,1787670583000,26947,presentmon,frame_time_p95_ms,38.1345,ms,ok,,process,38
0.1,ec9d1b29-a9aa-4c3b-9932-1cb0b3c01d02,1787670583000,26947,presentmon,gpu_busy_median_ms,21.0911,ms,ok,,process,38
0.1,ec9d1b29-a9aa-4c3b-9932-1cb0b3c01d02,1787670583000,26947,presentmon,gpu_busy_p95_ms,23.7654,ms,ok,,process,38
0.1,ec9d1b29-a9aa-4c3b-9932-1cb0b3c01d02,1787670586112,30059,windows_pdh,process_gpu_pct,77.6134812353753,percent,ok,,process,
0.1,ec9d1b29-a9aa-4c3b-9932-1cb0b3c01d02,1787670587117,31064,psutil,process_cpu_pct_raw,658.9,percent,ok,,process,
0.1,ec9d1b29-a9aa-4c3b-9932-1cb0b3c01d02,1787670587117,31064,psutil,process_cpu_pct,32.945,percent,ok,,process,
0.1,ec9d1b29-a9aa-4c3b-9932-1cb0b3c01d02,1787670587117,31064,psutil,process_memory_mb,7691.01953125,MiB,ok,,process,
0.1,ec9d1b29-a9aa-4c3b-9932-1cb0b3c01d02,1787670587117,31064,win32_foreground,game_foreground,1.0,boolean,ok,,process,
0.1,ec9d1b29-a9aa-4c3b-9932-1cb0b3c01d02,1787670584000,27947,presentmon,app_fps,36.95430405806883,fps,ok,,process,38
0.1,ec9d1b29-a9aa-4c3b-9932-1cb0b3c01d02,1787670584000,27947,presentmon,frame_time_avg_ms,27.060447368421052,ms,ok,,process,38
0.1,ec9d1b29-a9aa-4c3b-9932-1cb0b3c01d02,1787670584000,27947,presentmon,frame_time_p95_ms,46.2138,ms,ok,,process,38
0.1,ec9d1b29-a9aa-4c3b-9932-1cb0b3c01d02,1787670584000,27947,presentmon,gpu_busy_median_ms,19.8337,ms,ok,,process,38
0.1,ec9d1b29-a9aa-4c3b-9932-1cb0b3c01d02,1787670584000,27947,presentmon,gpu_busy_p95_ms,25.3091,ms,ok,,process,38
0.1,ec9d1b29-a9aa-4c3b-9932-1cb0b3c01d02,1787670587117,31064,windows_pdh,process_gpu_pct,74.72625261380821,percent,ok,,process,
0.1,ec9d1b29-a9aa-4c3b-9932-1cb0b3c01d02,1787670588107,32054,psutil,process_cpu_pct_raw,628.2,percent,ok,,process,
0.1,ec9d1b29-a9aa-4c3b-9932-1cb0b3c01d02,1787670588107,32054,psutil,process_cpu_pct,31.410000000000004,percent,ok,,process,
0.1,ec9d1b29-a9aa-4c3b-9932-1cb0b3c01d02,1787670588107,32054,psutil,process_memory_mb,7704.28515625,MiB,ok,,process,
0.1,ec9d1b29-a9aa-4c3b-9932-1cb0b3c01d02,1787670588107,32054,win32_foreground,game_foreground,1.0,boolean,ok,,process,
0.1,ec9d1b29-a9aa-4c3b-9932-1cb0b3c01d02,1787670585000,28947,presentmon,app_fps,33.926579489327146,fps,ok,,process,34
0.1,ec9d1b29-a9aa-4c3b-9932-1cb0b3c01d02,1787670585000,28947,presentmon,frame_time_avg_ms,29.47541470588235,ms,ok,,process,34
0.1,ec9d1b29-a9aa-4c3b-9932-1cb0b3c01d02,1787670585000,28947,presentmon,frame_time_p95_ms,45.2443,ms,ok,,process,34
0.1,ec9d1b29-a9aa-4c3b-9932-1cb0b3c01d02,1787670585000,28947,presentmon,gpu_busy_median_ms,22.0366,ms,ok,,process,34
0.1,ec9d1b29-a9aa-4c3b-9932-1cb0b3c01d02,1787670585000,28947,presentmon,gpu_busy_p95_ms,23.7131,ms,ok,,process,34
0.1,ec9d1b29-a9aa-4c3b-9932-1cb0b3c01d02,1787670588107,32054,windows_pdh,process_gpu_pct,69.73169845524345,percent,ok,,process,
0.1,ec9d1b29-a9aa-4c3b-9932-1cb0b3c01d02,1787670589113,33060,psutil,process_cpu_pct_raw,678.9,percent,ok,,process,
0.1,ec9d1b29-a9aa-4c3b-9932-1cb0b3c01d02,1787670589113,33060,psutil,process_cpu_pct,33.945,percent,ok,,process,
0.1,ec9d1b29-a9aa-4c3b-9932-1cb0b3c01d02,1787670589113,33060,psutil,process_memory_mb,7708.3046875,MiB,ok,,process,
0.1,ec9d1b29-a9aa-4c3b-9932-1cb0b3c01d02,1787670589113,33060,win32_foreground,game_foreground,1.0,boolean,ok,,process,
0.1,ec9d1b29-a9aa-4c3b-9932-1cb0b3c01d02,1787670586000,29947,presentmon,app_fps,31.93965177949194,fps,ok,,process,31
0.1,ec9d1b29-a9aa-4c3b-9932-1cb0b3c01d02,1787670586000,29947,presentmon,frame_time_avg_ms,31.309045161290324,ms,ok,,process,31
0.1,ec9d1b29-a9aa-4c3b-9932-1cb0b3c01d02,1787670586000,29947,presentmon,frame_time_p95_ms,51.7064,ms,ok,,process,31
0.1,ec9d1b29-a9aa-4c3b-9932-1cb0b3c01d02,1787670586000,29947,presentmon,gpu_busy_median_ms,21.9503,ms,ok,,process,31
0.1,ec9d1b29-a9aa-4c3b-9932-1cb0b3c01d02,1787670586000,29947,presentmon,gpu_busy_p95_ms,25.0338,ms,ok,,process,31
0.1,ec9d1b29-a9aa-4c3b-9932-1cb0b3c01d02,1787670589113,33060,windows_pdh,process_gpu_pct,93.9276608894955,percent,ok,,process,
0.1,ec9d1b29-a9aa-4c3b-9932-1cb0b3c01d02,1787670589113,33060,nvidia-smi,device_gpu_util_pct,89.0,percent,ok,,device,
0.1,ec9d1b29-a9aa-4c3b-9932-1cb0b3c01d02,1787670589113,33060,nvidia-smi,device_vram_used_mb,4898.0,MiB,ok,,device,
0.1,ec9d1b29-a9aa-4c3b-9932-1cb0b3c01d02,1787670589113,33060,nvidia-smi,device_gpu_temperature_c,59.0,celsius,ok,,device,
0.1,ec9d1b29-a9aa-4c3b-9932-1cb0b3c01d02,1787670589113,33060,nvidia-smi,device_gpu_power_w,113.42,watt,ok,,device,
0.1,ec9d1b29-a9aa-4c3b-9932-1cb0b3c01d02,1787670589113,33060,nvidia-smi,device_gpu_clock_mhz,1980.0,MHz,ok,,device,
0.1,ec9d1b29-a9aa-4c3b-9932-1cb0b3c01d02,1787670590119,34066,psutil,process_cpu_pct_raw,626.6,percent,ok,,process,
0.1,ec9d1b29-a9aa-4c3b-9932-1cb0b3c01d02,1787670590119,34066,psutil,process_cpu_pct,31.330000000000002,percent,ok,,process,
0.1,ec9d1b29-a9aa-4c3b-9932-1cb0b3c01d02,1787670590119,34066,psutil,process_memory_mb,7708.46484375,MiB,ok,,process,
0.1,ec9d1b29-a9aa-4c3b-9932-1cb0b3c01d02,1787670590119,34066,win32_foreground,game_foreground,1.0,boolean,ok,,process,
0.1,ec9d1b29-a9aa-4c3b-9932-1cb0b3c01d02,1787670590119,34066,windows_pdh,process_gpu_pct,69.8212381693231,percent,ok,,process,
0.1,ec9d1b29-a9aa-4c3b-9932-1cb0b3c01d02,1787670591124,35071,psutil,process_cpu_pct_raw,492.2,percent,ok,,process,
0.1,ec9d1b29-a9aa-4c3b-9932-1cb0b3c01d02,1787670591124,35071,psutil,process_cpu_pct,24.61,percent,ok,,process,
0.1,ec9d1b29-a9aa-4c3b-9932-1cb0b3c01d02,1787670591124,35071,psutil,process_memory_mb,7716.453125,MiB,ok,,process,
0.1,ec9d1b29-a9aa-4c3b-9932-1cb0b3c01d02,1787670591124,35071,win32_foreground,game_foreground,1.0,boolean,ok,,process,
0.1,ec9d1b29-a9aa-4c3b-9932-1cb0b3c01d02,1787670587000,30947,presentmon,app_fps,45.32274672791937,fps,ok,,process,46
0.1,ec9d1b29-a9aa-4c3b-9932-1cb0b3c01d02,1787670587000,30947,presentmon,frame_time_avg_ms,22.063976086956522,ms,ok,,process,46
0.1,ec9d1b29-a9aa-4c3b-9932-1cb0b3c01d02,1787670587000,30947,presentmon,frame_time_p95_ms,31.6264,ms,ok,,process,46
0.1,ec9d1b29-a9aa-4c3b-9932-1cb0b3c01d02,1787670587000,30947,presentmon,gpu_busy_median_ms,20.37875,ms,ok,,process,46
0.1,ec9d1b29-a9aa-4c3b-9932-1cb0b3c01d02,1787670587000,30947,presentmon,gpu_busy_p95_ms,21.8798,ms,ok,,process,46
0.1,ec9d1b29-a9aa-4c3b-9932-1cb0b3c01d02,1787670591124,35071,windows_pdh,process_gpu_pct,69.5811670900381,percent,ok,,process,
0.1,ec9d1b29-a9aa-4c3b-9932-1cb0b3c01d02,1787670592114,36061,psutil,process_cpu_pct_raw,864.1,percent,ok,,process,
0.1,ec9d1b29-a9aa-4c3b-9932-1cb0b3c01d02,1787670592114,36061,psutil,process_cpu_pct,43.205,percent,ok,,process,
0.1,ec9d1b29-a9aa-4c3b-9932-1cb0b3c01d02,1787670592114,36061,psutil,process_memory_mb,7713.47265625,MiB,ok,,process,
0.1,ec9d1b29-a9aa-4c3b-9932-1cb0b3c01d02,1787670592114,36061,win32_foreground,game_foreground,1.0,boolean,ok,,process,
0.1,ec9d1b29-a9aa-4c3b-9932-1cb0b3c01d02,1787670588000,31947,presentmon,app_fps,34.03000766075525,fps,ok,,process,34
0.1,ec9d1b29-a9aa-4c3b-9932-1cb0b3c01d02,1787670588000,31947,presentmon,frame_time_avg_ms,29.385829411764707,ms,ok,,process,34
0.1,ec9d1b29-a9aa-4c3b-9932-1cb0b3c01d02,1787670588000,31947,presentmon,frame_time_p95_ms,42.5451,ms,ok,,process,34
0.1,ec9d1b29-a9aa-4c3b-9932-1cb0b3c01d02,1787670588000,31947,presentmon,gpu_busy_median_ms,21.02115,ms,ok,,process,34
0.1,ec9d1b29-a9aa-4c3b-9932-1cb0b3c01d02,1787670588000,31947,presentmon,gpu_busy_p95_ms,23.82,ms,ok,,process,34
0.1,ec9d1b29-a9aa-4c3b-9932-1cb0b3c01d02,1787670589000,32947,presentmon,app_fps,39.90348268388369,fps,ok,,process,39
0.1,ec9d1b29-a9aa-4c3b-9932-1cb0b3c01d02,1787670589000,32947,presentmon,frame_time_avg_ms,25.06046923076923,ms,ok,,process,39
0.1,ec9d1b29-a9aa-4c3b-9932-1cb0b3c01d02,1787670589000,32947,presentmon,frame_time_p95_ms,44.0103,ms,ok,,process,39
0.1,ec9d1b29-a9aa-4c3b-9932-1cb0b3c01d02,1787670589000,32947,presentmon,gpu_busy_median_ms,17.0196,ms,ok,,process,39
0.1,ec9d1b29-a9aa-4c3b-9932-1cb0b3c01d02,1787670589000,32947,presentmon,gpu_busy_p95_ms,20.347,ms,ok,,process,39
0.1,ec9d1b29-a9aa-4c3b-9932-1cb0b3c01d02,1787670592114,36061,windows_pdh,process_gpu_pct,96.3582679938923,percent,ok,,process,
0.1,ec9d1b29-a9aa-4c3b-9932-1cb0b3c01d02,1787670593104,37051,psutil,process_cpu_pct_raw,506.0,percent,ok,,process,
0.1,ec9d1b29-a9aa-4c3b-9932-1cb0b3c01d02,1787670593104,37051,psutil,process_cpu_pct,25.3,percent,ok,,process,
0.1,ec9d1b29-a9aa-4c3b-9932-1cb0b3c01d02,1787670593104,37051,psutil,process_memory_mb,7712.43359375,MiB,ok,,process,
0.1,ec9d1b29-a9aa-4c3b-9932-1cb0b3c01d02,1787670593104,37051,win32_foreground,game_foreground,1.0,boolean,ok,,process,
0.1,ec9d1b29-a9aa-4c3b-9932-1cb0b3c01d02,1787670590000,33947,presentmon,app_fps,47.70629125255497,fps,ok,,process,49
0.1,ec9d1b29-a9aa-4c3b-9932-1cb0b3c01d02,1787670590000,33947,presentmon,frame_time_avg_ms,20.961595918367344,ms,ok,,process,49
0.1,ec9d1b29-a9aa-4c3b-9932-1cb0b3c01d02,1787670590000,33947,presentmon,frame_time_p95_ms,28.0718,ms,ok,,process,49
0.1,ec9d1b29-a9aa-4c3b-9932-1cb0b3c01d02,1787670590000,33947,presentmon,gpu_busy_median_ms,19.6891,ms,ok,,process,49
0.1,ec9d1b29-a9aa-4c3b-9932-1cb0b3c01d02,1787670590000,33947,presentmon,gpu_busy_p95_ms,22.3216,ms,ok,,process,49
0.1,ec9d1b29-a9aa-4c3b-9932-1cb0b3c01d02,1787670593104,37051,windows_pdh,process_gpu_pct,68.30132062063666,percent,ok,,process,
0.1,ec9d1b29-a9aa-4c3b-9932-1cb0b3c01d02,1787670594126,38073,psutil,process_cpu_pct_raw,652.7,percent,ok,,process,
0.1,ec9d1b29-a9aa-4c3b-9932-1cb0b3c01d02,1787670594126,38073,psutil,process_cpu_pct,32.635000000000005,percent,ok,,process,
0.1,ec9d1b29-a9aa-4c3b-9932-1cb0b3c01d02,1787670594126,38073,psutil,process_memory_mb,7710.47265625,MiB,ok,,process,
0.1,ec9d1b29-a9aa-4c3b-9932-1cb0b3c01d02,1787670594126,38073,win32_foreground,game_foreground,1.0,boolean,ok,,process,
0.1,ec9d1b29-a9aa-4c3b-9932-1cb0b3c01d02,1787670591000,34947,presentmon,app_fps,35.80457901692083,fps,ok,,process,35
0.1,ec9d1b29-a9aa-4c3b-9932-1cb0b3c01d02,1787670591000,34947,presentmon,frame_time_avg_ms,27.92938857142857,ms,ok,,process,35
0.1,ec9d1b29-a9aa-4c3b-9932-1cb0b3c01d02,1787670591000,34947,presentmon,frame_time_p95_ms,37.6582,ms,ok,,process,35
0.1,ec9d1b29-a9aa-4c3b-9932-1cb0b3c01d02,1787670591000,34947,presentmon,gpu_busy_median_ms,18.5564,ms,ok,,process,35
0.1,ec9d1b29-a9aa-4c3b-9932-1cb0b3c01d02,1787670591000,34947,presentmon,gpu_busy_p95_ms,21.2688,ms,ok,,process,35
0.1,ec9d1b29-a9aa-4c3b-9932-1cb0b3c01d02,1787670594126,38073,windows_pdh,process_gpu_pct,74.38667192981954,percent,ok,,process,
0.1,ec9d1b29-a9aa-4c3b-9932-1cb0b3c01d02,1787670594126,38073,nvidia-smi,device_gpu_util_pct,63.0,percent,ok,,device,
0.1,ec9d1b29-a9aa-4c3b-9932-1cb0b3c01d02,1787670594126,38073,nvidia-smi,device_vram_used_mb,4900.0,MiB,ok,,device,
0.1,ec9d1b29-a9aa-4c3b-9932-1cb0b3c01d02,1787670594126,38073,nvidia-smi,device_gpu_temperature_c,59.0,celsius,ok,,device,
0.1,ec9d1b29-a9aa-4c3b-9932-1cb0b3c01d02,1787670594126,38073,nvidia-smi,device_gpu_power_w,139.04,watt,ok,,device,
0.1,ec9d1b29-a9aa-4c3b-9932-1cb0b3c01d02,1787670594126,38073,nvidia-smi,device_gpu_clock_mhz,1980.0,MHz,ok,,device,
0.1,ec9d1b29-a9aa-4c3b-9932-1cb0b3c01d02,1787670595116,39063,psutil,process_cpu_pct_raw,617.2,percent,ok,,process,
0.1,ec9d1b29-a9aa-4c3b-9932-1cb0b3c01d02,1787670595116,39063,psutil,process_cpu_pct,30.860000000000003,percent,ok,,process,
0.1,ec9d1b29-a9aa-4c3b-9932-1cb0b3c01d02,1787670595116,39063,psutil,process_memory_mb,7712.9609375,MiB,ok,,process,
0.1,ec9d1b29-a9aa-4c3b-9932-1cb0b3c01d02,1787670595116,39063,win32_foreground,game_foreground,1.0,boolean,ok,,process,
0.1,ec9d1b29-a9aa-4c3b-9932-1cb0b3c01d02,1787670592000,35947,presentmon,app_fps,37.19523032492949,fps,ok,,process,37
0.1,ec9d1b29-a9aa-4c3b-9932-1cb0b3c01d02,1787670592000,35947,presentmon,frame_time_avg_ms,26.885167567567567,ms,ok,,process,37
0.1,ec9d1b29-a9aa-4c3b-9932-1cb0b3c01d02,1787670592000,35947,presentmon,frame_time_p95_ms,43.7972,ms,ok,,process,37
0.1,ec9d1b29-a9aa-4c3b-9932-1cb0b3c01d02,1787670592000,35947,presentmon,gpu_busy_median_ms,20.0756,ms,ok,,process,37
0.1,ec9d1b29-a9aa-4c3b-9932-1cb0b3c01d02,1787670592000,35947,presentmon,gpu_busy_p95_ms,23.4523,ms,ok,,process,37
0.1,ec9d1b29-a9aa-4c3b-9932-1cb0b3c01d02,1787670595116,39063,windows_pdh,process_gpu_pct,87.98676469063054,percent,ok,,process,
0.1,ec9d1b29-a9aa-4c3b-9932-1cb0b3c01d02,1787670596106,40053,psutil,process_cpu_pct_raw,631.3,percent,ok,,process,
0.1,ec9d1b29-a9aa-4c3b-9932-1cb0b3c01d02,1787670596106,40053,psutil,process_cpu_pct,31.564999999999998,percent,ok,,process,
0.1,ec9d1b29-a9aa-4c3b-9932-1cb0b3c01d02,1787670596106,40053,psutil,process_memory_mb,7719.5546875,MiB,ok,,process,
0.1,ec9d1b29-a9aa-4c3b-9932-1cb0b3c01d02,1787670596106,40053,win32_foreground,game_foreground,1.0,boolean,ok,,process,
0.1,ec9d1b29-a9aa-4c3b-9932-1cb0b3c01d02,1787670593000,36947,presentmon,app_fps,44.008440818949076,fps,ok,,process,44
0.1,ec9d1b29-a9aa-4c3b-9932-1cb0b3c01d02,1787670593000,36947,presentmon,frame_time_avg_ms,22.722913636363636,ms,ok,,process,44
0.1,ec9d1b29-a9aa-4c3b-9932-1cb0b3c01d02,1787670593000,36947,presentmon,frame_time_p95_ms,32.4272,ms,ok,,process,44
0.1,ec9d1b29-a9aa-4c3b-9932-1cb0b3c01d02,1787670593000,36947,presentmon,gpu_busy_median_ms,19.8315,ms,ok,,process,44
0.1,ec9d1b29-a9aa-4c3b-9932-1cb0b3c01d02,1787670593000,36947,presentmon,gpu_busy_p95_ms,23.3922,ms,ok,,process,44
0.1,ec9d1b29-a9aa-4c3b-9932-1cb0b3c01d02,1787670596106,40053,windows_pdh,process_gpu_pct,79.37257929312196,percent,ok,,process,
0.1,ec9d1b29-a9aa-4c3b-9932-1cb0b3c01d02,1787670597111,41058,psutil,process_cpu_pct_raw,621.9,percent,ok,,process,
0.1,ec9d1b29-a9aa-4c3b-9932-1cb0b3c01d02,1787670597111,41058,psutil,process_cpu_pct,31.095,percent,ok,,process,
0.1,ec9d1b29-a9aa-4c3b-9932-1cb0b3c01d02,1787670597111,41058,psutil,process_memory_mb,7715.43359375,MiB,ok,,process,
0.1,ec9d1b29-a9aa-4c3b-9932-1cb0b3c01d02,1787670597111,41058,win32_foreground,game_foreground,1.0,boolean,ok,,process,
0.1,ec9d1b29-a9aa-4c3b-9932-1cb0b3c01d02,1787670594000,37947,presentmon,app_fps,33.7018531856082,fps,ok,,process,34
0.1,ec9d1b29-a9aa-4c3b-9932-1cb0b3c01d02,1787670594000,37947,presentmon,frame_time_avg_ms,29.671958823529412,ms,ok,,process,34
0.1,ec9d1b29-a9aa-4c3b-9932-1cb0b3c01d02,1787670594000,37947,presentmon,frame_time_p95_ms,39.0371,ms,ok,,process,34
0.1,ec9d1b29-a9aa-4c3b-9932-1cb0b3c01d02,1787670594000,37947,presentmon,gpu_busy_median_ms,23.32695,ms,ok,,process,34
0.1,ec9d1b29-a9aa-4c3b-9932-1cb0b3c01d02,1787670594000,37947,presentmon,gpu_busy_p95_ms,25.5884,ms,ok,,process,34
0.1,ec9d1b29-a9aa-4c3b-9932-1cb0b3c01d02,1787670597111,41058,windows_pdh,process_gpu_pct,78.09919258819394,percent,ok,,process,
0.1,ec9d1b29-a9aa-4c3b-9932-1cb0b3c01d02,1787670598117,42064,psutil,process_cpu_pct_raw,631.2,percent,ok,,process,
0.1,ec9d1b29-a9aa-4c3b-9932-1cb0b3c01d02,1787670598117,42064,psutil,process_cpu_pct,31.560000000000002,percent,ok,,process,
0.1,ec9d1b29-a9aa-4c3b-9932-1cb0b3c01d02,1787670598117,42064,psutil,process_memory_mb,7714.17578125,MiB,ok,,process,
0.1,ec9d1b29-a9aa-4c3b-9932-1cb0b3c01d02,1787670598117,42064,win32_foreground,game_foreground,1.0,boolean,ok,,process,
0.1,ec9d1b29-a9aa-4c3b-9932-1cb0b3c01d02,1787670595000,38947,presentmon,app_fps,41.33655812257822,fps,ok,,process,41
0.1,ec9d1b29-a9aa-4c3b-9932-1cb0b3c01d02,1787670595000,38947,presentmon,frame_time_avg_ms,24.191660975609757,ms,ok,,process,41
0.1,ec9d1b29-a9aa-4c3b-9932-1cb0b3c01d02,1787670595000,38947,presentmon,frame_time_p95_ms,37.0365,ms,ok,,process,41
0.1,ec9d1b29-a9aa-4c3b-9932-1cb0b3c01d02,1787670595000,38947,presentmon,gpu_busy_median_ms,18.2195,ms,ok,,process,41
0.1,ec9d1b29-a9aa-4c3b-9932-1cb0b3c01d02,1787670595000,38947,presentmon,gpu_busy_p95_ms,21.5381,ms,ok,,process,41
0.1,ec9d1b29-a9aa-4c3b-9932-1cb0b3c01d02,1787670598117,42064,windows_pdh,process_gpu_pct,94.78104884042543,percent,ok,,process,
0.1,ec9d1b29-a9aa-4c3b-9932-1cb0b3c01d02,1787670599107,43054,psutil,process_cpu_pct_raw,512.4,percent,ok,,process,
0.1,ec9d1b29-a9aa-4c3b-9932-1cb0b3c01d02,1787670599107,43054,psutil,process_cpu_pct,25.619999999999997,percent,ok,,process,
0.1,ec9d1b29-a9aa-4c3b-9932-1cb0b3c01d02,1787670599107,43054,psutil,process_memory_mb,7715.73828125,MiB,ok,,process,
0.1,ec9d1b29-a9aa-4c3b-9932-1cb0b3c01d02,1787670599107,43054,win32_foreground,game_foreground,1.0,boolean,ok,,process,
0.1,ec9d1b29-a9aa-4c3b-9932-1cb0b3c01d02,1787670599107,43054,windows_pdh,process_gpu_pct,85.142205348654,percent,ok,,process,
0.1,ec9d1b29-a9aa-4c3b-9932-1cb0b3c01d02,1787670600113,44060,psutil,process_cpu_pct_raw,568.0,percent,ok,,process,
0.1,ec9d1b29-a9aa-4c3b-9932-1cb0b3c01d02,1787670600113,44060,psutil,process_cpu_pct,28.4,percent,ok,,process,
0.1,ec9d1b29-a9aa-4c3b-9932-1cb0b3c01d02,1787670600113,44060,psutil,process_memory_mb,7717.95703125,MiB,ok,,process,
0.1,ec9d1b29-a9aa-4c3b-9932-1cb0b3c01d02,1787670600113,44060,win32_foreground,game_foreground,1.0,boolean,ok,,process,
0.1,ec9d1b29-a9aa-4c3b-9932-1cb0b3c01d02,1787670596000,39947,presentmon,app_fps,47.25432672429069,fps,ok,,process,48
0.1,ec9d1b29-a9aa-4c3b-9932-1cb0b3c01d02,1787670596000,39947,presentmon,frame_time_avg_ms,21.16208333333333,ms,ok,,process,48
0.1,ec9d1b29-a9aa-4c3b-9932-1cb0b3c01d02,1787670596000,39947,presentmon,frame_time_p95_ms,28.4958,ms,ok,,process,48
0.1,ec9d1b29-a9aa-4c3b-9932-1cb0b3c01d02,1787670596000,39947,presentmon,gpu_busy_median_ms,18.89645,ms,ok,,process,48
0.1,ec9d1b29-a9aa-4c3b-9932-1cb0b3c01d02,1787670596000,39947,presentmon,gpu_busy_p95_ms,23.4007,ms,ok,,process,48
0.1,ec9d1b29-a9aa-4c3b-9932-1cb0b3c01d02,1787670597000,40947,presentmon,app_fps,37.97223849643526,fps,ok,,process,38
0.1,ec9d1b29-a9aa-4c3b-9932-1cb0b3c01d02,1787670597000,40947,presentmon,frame_time_avg_ms,26.33502894736842,ms,ok,,process,38
0.1,ec9d1b29-a9aa-4c3b-9932-1cb0b3c01d02,1787670597000,40947,presentmon,frame_time_p95_ms,32.5486,ms,ok,,process,38
0.1,ec9d1b29-a9aa-4c3b-9932-1cb0b3c01d02,1787670597000,40947,presentmon,gpu_busy_median_ms,22.450899999999997,ms,ok,,process,38
0.1,ec9d1b29-a9aa-4c3b-9932-1cb0b3c01d02,1787670597000,40947,presentmon,gpu_busy_p95_ms,23.61,ms,ok,,process,38
0.1,ec9d1b29-a9aa-4c3b-9932-1cb0b3c01d02,1787670600113,44060,windows_pdh,process_gpu_pct,77.6439754753369,percent,ok,,process,
0.1,ec9d1b29-a9aa-4c3b-9932-1cb0b3c01d02,1787670600113,44060,nvidia-smi,device_gpu_util_pct,72.0,percent,ok,,device,
0.1,ec9d1b29-a9aa-4c3b-9932-1cb0b3c01d02,1787670600113,44060,nvidia-smi,device_vram_used_mb,4883.0,MiB,ok,,device,
0.1,ec9d1b29-a9aa-4c3b-9932-1cb0b3c01d02,1787670600113,44060,nvidia-smi,device_gpu_temperature_c,60.0,celsius,ok,,device,
0.1,ec9d1b29-a9aa-4c3b-9932-1cb0b3c01d02,1787670600113,44060,nvidia-smi,device_gpu_power_w,137.58,watt,ok,,device,
0.1,ec9d1b29-a9aa-4c3b-9932-1cb0b3c01d02,1787670600113,44060,nvidia-smi,device_gpu_clock_mhz,1980.0,MHz,ok,,device,
0.1,ec9d1b29-a9aa-4c3b-9932-1cb0b3c01d02,1787670601118,45065,psutil,process_cpu_pct_raw,528.1,percent,ok,,process,
0.1,ec9d1b29-a9aa-4c3b-9932-1cb0b3c01d02,1787670601118,45065,psutil,process_cpu_pct,26.405,percent,ok,,process,
0.1,ec9d1b29-a9aa-4c3b-9932-1cb0b3c01d02,1787670601118,45065,psutil,process_memory_mb,7718.3515625,MiB,ok,,process,
0.1,ec9d1b29-a9aa-4c3b-9932-1cb0b3c01d02,1787670601118,45065,win32_foreground,game_foreground,1.0,boolean,ok,,process,
0.1,ec9d1b29-a9aa-4c3b-9932-1cb0b3c01d02,1787670601118,45065,windows_pdh,process_gpu_pct,93.80894321394095,percent,ok,,process,
0.1,ec9d1b29-a9aa-4c3b-9932-1cb0b3c01d02,1787670602108,46055,psutil,process_cpu_pct_raw,650.4,percent,ok,,process,
0.1,ec9d1b29-a9aa-4c3b-9932-1cb0b3c01d02,1787670602108,46055,psutil,process_cpu_pct,32.519999999999996,percent,ok,,process,
0.1,ec9d1b29-a9aa-4c3b-9932-1cb0b3c01d02,1787670602108,46055,psutil,process_memory_mb,7718.99609375,MiB,ok,,process,
0.1,ec9d1b29-a9aa-4c3b-9932-1cb0b3c01d02,1787670602108,46055,win32_foreground,game_foreground,1.0,boolean,ok,,process,
0.1,ec9d1b29-a9aa-4c3b-9932-1cb0b3c01d02,1787670598000,41947,presentmon,app_fps,36.528005006771885,fps,ok,,process,36
0.1,ec9d1b29-a9aa-4c3b-9932-1cb0b3c01d02,1787670598000,41947,presentmon,frame_time_avg_ms,27.376255555555556,ms,ok,,process,36
0.1,ec9d1b29-a9aa-4c3b-9932-1cb0b3c01d02,1787670598000,41947,presentmon,frame_time_p95_ms,45.9046,ms,ok,,process,36
0.1,ec9d1b29-a9aa-4c3b-9932-1cb0b3c01d02,1787670598000,41947,presentmon,gpu_busy_median_ms,20.4955,ms,ok,,process,36
0.1,ec9d1b29-a9aa-4c3b-9932-1cb0b3c01d02,1787670598000,41947,presentmon,gpu_busy_p95_ms,24.4414,ms,ok,,process,36
0.1,ec9d1b29-a9aa-4c3b-9932-1cb0b3c01d02,1787670599000,42947,presentmon,app_fps,45.767268861114346,fps,ok,,process,46
0.1,ec9d1b29-a9aa-4c3b-9932-1cb0b3c01d02,1787670599000,42947,presentmon,frame_time_avg_ms,21.84967608695652,ms,ok,,process,46
0.1,ec9d1b29-a9aa-4c3b-9932-1cb0b3c01d02,1787670599000,42947,presentmon,frame_time_p95_ms,30.2752,ms,ok,,process,46
0.1,ec9d1b29-a9aa-4c3b-9932-1cb0b3c01d02,1787670599000,42947,presentmon,gpu_busy_median_ms,19.678150000000002,ms,ok,,process,46
0.1,ec9d1b29-a9aa-4c3b-9932-1cb0b3c01d02,1787670599000,42947,presentmon,gpu_busy_p95_ms,27.0788,ms,ok,,process,46
0.1,ec9d1b29-a9aa-4c3b-9932-1cb0b3c01d02,1787670602108,46055,windows_pdh,process_gpu_pct,70.02287964362132,percent,ok,,process,
0.1,ec9d1b29-a9aa-4c3b-9932-1cb0b3c01d02,1787670603114,47061,psutil,process_cpu_pct_raw,557.3,percent,ok,,process,
0.1,ec9d1b29-a9aa-4c3b-9932-1cb0b3c01d02,1787670603114,47061,psutil,process_cpu_pct,27.865,percent,ok,,process,
0.1,ec9d1b29-a9aa-4c3b-9932-1cb0b3c01d02,1787670603114,47061,psutil,process_memory_mb,7724.20703125,MiB,ok,,process,
0.1,ec9d1b29-a9aa-4c3b-9932-1cb0b3c01d02,1787670603114,47061,win32_foreground,game_foreground,1.0,boolean,ok,,process,
0.1,ec9d1b29-a9aa-4c3b-9932-1cb0b3c01d02,1787670600000,43947,presentmon,app_fps,30.377388091417124,fps,ok,,process,31
0.1,ec9d1b29-a9aa-4c3b-9932-1cb0b3c01d02,1787670600000,43947,presentmon,frame_time_avg_ms,32.91922258064516,ms,ok,,process,31
0.1,ec9d1b29-a9aa-4c3b-9932-1cb0b3c01d02,1787670600000,43947,presentmon,frame_time_p95_ms,46.013,ms,ok,,process,31
0.1,ec9d1b29-a9aa-4c3b-9932-1cb0b3c01d02,1787670600000,43947,presentmon,gpu_busy_median_ms,22.8118,ms,ok,,process,31
0.1,ec9d1b29-a9aa-4c3b-9932-1cb0b3c01d02,1787670600000,43947,presentmon,gpu_busy_p95_ms,28.3788,ms,ok,,process,31
0.1,ec9d1b29-a9aa-4c3b-9932-1cb0b3c01d02,1787670603114,47061,windows_pdh,process_gpu_pct,69.25868231500752,percent,ok,,process,
0.1,ec9d1b29-a9aa-4c3b-9932-1cb0b3c01d02,1787670604104,48051,psutil,process_cpu_pct_raw,648.8,percent,ok,,process,
0.1,ec9d1b29-a9aa-4c3b-9932-1cb0b3c01d02,1787670604104,48051,psutil,process_cpu_pct,32.44,percent,ok,,process,
0.1,ec9d1b29-a9aa-4c3b-9932-1cb0b3c01d02,1787670604104,48051,psutil,process_memory_mb,7726.73046875,MiB,ok,,process,
0.1,ec9d1b29-a9aa-4c3b-9932-1cb0b3c01d02,1787670604104,48051,win32_foreground,game_foreground,1.0,boolean,ok,,process,
0.1,ec9d1b29-a9aa-4c3b-9932-1cb0b3c01d02,1787670601000,44947,presentmon,app_fps,34.69064565719541,fps,ok,,process,34
0.1,ec9d1b29-a9aa-4c3b-9932-1cb0b3c01d02,1787670601000,44947,presentmon,frame_time_avg_ms,28.82621470588235,ms,ok,,process,34
0.1,ec9d1b29-a9aa-4c3b-9932-1cb0b3c01d02,1787670601000,44947,presentmon,frame_time_p95_ms,52.0521,ms,ok,,process,34
0.1,ec9d1b29-a9aa-4c3b-9932-1cb0b3c01d02,1787670601000,44947,presentmon,gpu_busy_median_ms,20.0076,ms,ok,,process,34
0.1,ec9d1b29-a9aa-4c3b-9932-1cb0b3c01d02,1787670601000,44947,presentmon,gpu_busy_p95_ms,21.3957,ms,ok,,process,34
0.1,ec9d1b29-a9aa-4c3b-9932-1cb0b3c01d02,1787670604104,48051,windows_pdh,process_gpu_pct,91.3276216255627,percent,ok,,process,
0.1,ec9d1b29-a9aa-4c3b-9932-1cb0b3c01d02,1787670605110,49057,psutil,process_cpu_pct_raw,548.4,percent,ok,,process,
0.1,ec9d1b29-a9aa-4c3b-9932-1cb0b3c01d02,1787670605110,49057,psutil,process_cpu_pct,27.419999999999998,percent,ok,,process,
0.1,ec9d1b29-a9aa-4c3b-9932-1cb0b3c01d02,1787670605110,49057,psutil,process_memory_mb,7728.5,MiB,ok,,process,
0.1,ec9d1b29-a9aa-4c3b-9932-1cb0b3c01d02,1787670605110,49057,win32_foreground,game_foreground,1.0,boolean,ok,,process,
0.1,ec9d1b29-a9aa-4c3b-9932-1cb0b3c01d02,1787670602000,45947,presentmon,app_fps,45.34110567208164,fps,ok,,process,45
0.1,ec9d1b29-a9aa-4c3b-9932-1cb0b3c01d02,1787670602000,45947,presentmon,frame_time_avg_ms,22.055042222222223,ms,ok,,process,45
0.1,ec9d1b29-a9aa-4c3b-9932-1cb0b3c01d02,1787670602000,45947,presentmon,frame_time_p95_ms,32.244,ms,ok,,process,45
0.1,ec9d1b29-a9aa-4c3b-9932-1cb0b3c01d02,1787670602000,45947,presentmon,gpu_busy_median_ms,19.8828,ms,ok,,process,45
0.1,ec9d1b29-a9aa-4c3b-9932-1cb0b3c01d02,1787670602000,45947,presentmon,gpu_busy_p95_ms,21.665,ms,ok,,process,45
0.1,ec9d1b29-a9aa-4c3b-9932-1cb0b3c01d02,1787670605110,49057,windows_pdh,process_gpu_pct,77.16006714036332,percent,ok,,process,
0.1,ec9d1b29-a9aa-4c3b-9932-1cb0b3c01d02,1787670606100,50047,psutil,process_cpu_pct_raw,628.1,percent,ok,,process,
0.1,ec9d1b29-a9aa-4c3b-9932-1cb0b3c01d02,1787670606100,50047,psutil,process_cpu_pct,31.405,percent,ok,,process,
0.1,ec9d1b29-a9aa-4c3b-9932-1cb0b3c01d02,1787670606100,50047,psutil,process_memory_mb,7730.51953125,MiB,ok,,process,
0.1,ec9d1b29-a9aa-4c3b-9932-1cb0b3c01d02,1787670606100,50047,win32_foreground,game_foreground,1.0,boolean,ok,,process,
0.1,ec9d1b29-a9aa-4c3b-9932-1cb0b3c01d02,1787670606100,50047,windows_pdh,process_gpu_pct,70.67323640885851,percent,ok,,process,
0.1,ec9d1b29-a9aa-4c3b-9932-1cb0b3c01d02,1787670606100,50047,nvidia-smi,device_gpu_util_pct,74.0,percent,ok,,device,
0.1,ec9d1b29-a9aa-4c3b-9932-1cb0b3c01d02,1787670606100,50047,nvidia-smi,device_vram_used_mb,4903.0,MiB,ok,,device,
0.1,ec9d1b29-a9aa-4c3b-9932-1cb0b3c01d02,1787670606100,50047,nvidia-smi,device_gpu_temperature_c,60.0,celsius,ok,,device,
0.1,ec9d1b29-a9aa-4c3b-9932-1cb0b3c01d02,1787670606100,50047,nvidia-smi,device_gpu_power_w,131.71,watt,ok,,device,
0.1,ec9d1b29-a9aa-4c3b-9932-1cb0b3c01d02,1787670606100,50047,nvidia-smi,device_gpu_clock_mhz,1980.0,MHz,ok,,device,
0.1,ec9d1b29-a9aa-4c3b-9932-1cb0b3c01d02,1787670607121,51068,psutil,process_cpu_pct_raw,661.9,percent,ok,,process,
0.1,ec9d1b29-a9aa-4c3b-9932-1cb0b3c01d02,1787670607121,51068,psutil,process_cpu_pct,33.095,percent,ok,,process,
0.1,ec9d1b29-a9aa-4c3b-9932-1cb0b3c01d02,1787670607121,51068,psutil,process_memory_mb,7736.28125,MiB,ok,,process,
0.1,ec9d1b29-a9aa-4c3b-9932-1cb0b3c01d02,1787670607121,51068,win32_foreground,game_foreground,1.0,boolean,ok,,process,
0.1,ec9d1b29-a9aa-4c3b-9932-1cb0b3c01d02,1787670603000,46947,presentmon,app_fps,39.04326432924404,fps,ok,,process,40
0.1,ec9d1b29-a9aa-4c3b-9932-1cb0b3c01d02,1787670603000,46947,presentmon,frame_time_avg_ms,25.6126125,ms,ok,,process,40
0.1,ec9d1b29-a9aa-4c3b-9932-1cb0b3c01d02,1787670603000,46947,presentmon,frame_time_p95_ms,34.2528,ms,ok,,process,40
0.1,ec9d1b29-a9aa-4c3b-9932-1cb0b3c01d02,1787670603000,46947,presentmon,gpu_busy_median_ms,19.44175,ms,ok,,process,40
0.1,ec9d1b29-a9aa-4c3b-9932-1cb0b3c01d02,1787670603000,46947,presentmon,gpu_busy_p95_ms,21.0673,ms,ok,,process,40
0.1,ec9d1b29-a9aa-4c3b-9932-1cb0b3c01d02,1787670607121,51068,windows_pdh,process_gpu_pct,89.89462755082126,percent,ok,,process,
0.1,ec9d1b29-a9aa-4c3b-9932-1cb0b3c01d02,1787670608111,52058,psutil,process_cpu_pct_raw,682.1,percent,ok,,process,
0.1,ec9d1b29-a9aa-4c3b-9932-1cb0b3c01d02,1787670608111,52058,psutil,process_cpu_pct,34.105000000000004,percent,ok,,process,
0.1,ec9d1b29-a9aa-4c3b-9932-1cb0b3c01d02,1787670608111,52058,psutil,process_memory_mb,7733.640625,MiB,ok,,process,
0.1,ec9d1b29-a9aa-4c3b-9932-1cb0b3c01d02,1787670608111,52058,win32_foreground,game_foreground,1.0,boolean,ok,,process,
0.1,ec9d1b29-a9aa-4c3b-9932-1cb0b3c01d02,1787670604000,47947,presentmon,app_fps,35.43186482763815,fps,ok,,process,35
0.1,ec9d1b29-a9aa-4c3b-9932-1cb0b3c01d02,1787670604000,47947,presentmon,frame_time_avg_ms,28.22318285714286,ms,ok,,process,35
0.1,ec9d1b29-a9aa-4c3b-9932-1cb0b3c01d02,1787670604000,47947,presentmon,frame_time_p95_ms,54.1883,ms,ok,,process,35
0.1,ec9d1b29-a9aa-4c3b-9932-1cb0b3c01d02,1787670604000,47947,presentmon,gpu_busy_median_ms,19.928,ms,ok,,process,35
0.1,ec9d1b29-a9aa-4c3b-9932-1cb0b3c01d02,1787670604000,47947,presentmon,gpu_busy_p95_ms,21.3962,ms,ok,,process,35
0.1,ec9d1b29-a9aa-4c3b-9932-1cb0b3c01d02,1787670605000,48947,presentmon,app_fps,46.51428519425023,fps,ok,,process,46
0.1,ec9d1b29-a9aa-4c3b-9932-1cb0b3c01d02,1787670605000,48947,presentmon,frame_time_avg_ms,21.498771739130433,ms,ok,,process,46
0.1,ec9d1b29-a9aa-4c3b-9932-1cb0b3c01d02,1787670605000,48947,presentmon,frame_time_p95_ms,28.123,ms,ok,,process,46
0.1,ec9d1b29-a9aa-4c3b-9932-1cb0b3c01d02,1787670605000,48947,presentmon,gpu_busy_median_ms,19.2122,ms,ok,,process,46
0.1,ec9d1b29-a9aa-4c3b-9932-1cb0b3c01d02,1787670605000,48947,presentmon,gpu_busy_p95_ms,20.5457,ms,ok,,process,46
0.1,ec9d1b29-a9aa-4c3b-9932-1cb0b3c01d02,1787670608111,52058,windows_pdh,process_gpu_pct,80.03859877313553,percent,ok,,process,
0.1,ec9d1b29-a9aa-4c3b-9932-1cb0b3c01d02,1787670609117,53064,psutil,process_cpu_pct_raw,621.9,percent,ok,,process,
0.1,ec9d1b29-a9aa-4c3b-9932-1cb0b3c01d02,1787670609117,53064,psutil,process_cpu_pct,31.095,percent,ok,,process,
0.1,ec9d1b29-a9aa-4c3b-9932-1cb0b3c01d02,1787670609117,53064,psutil,process_memory_mb,7732.8203125,MiB,ok,,process,
0.1,ec9d1b29-a9aa-4c3b-9932-1cb0b3c01d02,1787670609117,53064,win32_foreground,game_foreground,1.0,boolean,ok,,process,
0.1,ec9d1b29-a9aa-4c3b-9932-1cb0b3c01d02,1787670606000,49947,presentmon,app_fps,42.773246189973094,fps,ok,,process,43
0.1,ec9d1b29-a9aa-4c3b-9932-1cb0b3c01d02,1787670606000,49947,presentmon,frame_time_avg_ms,23.379099999999998,ms,ok,,process,43
0.1,ec9d1b29-a9aa-4c3b-9932-1cb0b3c01d02,1787670606000,49947,presentmon,frame_time_p95_ms,35.0381,ms,ok,,process,43
0.1,ec9d1b29-a9aa-4c3b-9932-1cb0b3c01d02,1787670606000,49947,presentmon,gpu_busy_median_ms,18.3668,ms,ok,,process,43
0.1,ec9d1b29-a9aa-4c3b-9932-1cb0b3c01d02,1787670606000,49947,presentmon,gpu_busy_p95_ms,20.3442,ms,ok,,process,43
0.1,ec9d1b29-a9aa-4c3b-9932-1cb0b3c01d02,1787670609117,53064,windows_pdh,process_gpu_pct,67.68483055932471,percent,ok,,process,
0.1,ec9d1b29-a9aa-4c3b-9932-1cb0b3c01d02,1787670610107,54054,psutil,process_cpu_pct_raw,707.5,percent,ok,,process,
0.1,ec9d1b29-a9aa-4c3b-9932-1cb0b3c01d02,1787670610107,54054,psutil,process_cpu_pct,35.375,percent,ok,,process,
0.1,ec9d1b29-a9aa-4c3b-9932-1cb0b3c01d02,1787670610107,54054,psutil,process_memory_mb,7732.6015625,MiB,ok,,process,
0.1,ec9d1b29-a9aa-4c3b-9932-1cb0b3c01d02,1787670610107,54054,win32_foreground,game_foreground,1.0,boolean,ok,,process,
0.1,ec9d1b29-a9aa-4c3b-9932-1cb0b3c01d02,1787670610107,54054,windows_pdh,process_gpu_pct,93.64667472849804,percent,ok,,process,
0.1,ec9d1b29-a9aa-4c3b-9932-1cb0b3c01d02,1787670611113,55060,psutil,process_cpu_pct_raw,592.7,percent,ok,,process,
0.1,ec9d1b29-a9aa-4c3b-9932-1cb0b3c01d02,1787670611113,55060,psutil,process_cpu_pct,29.635,percent,ok,,process,
0.1,ec9d1b29-a9aa-4c3b-9932-1cb0b3c01d02,1787670611113,55060,psutil,process_memory_mb,7733.2265625,MiB,ok,,process,
0.1,ec9d1b29-a9aa-4c3b-9932-1cb0b3c01d02,1787670611113,55060,win32_foreground,game_foreground,1.0,boolean,ok,,process,
0.1,ec9d1b29-a9aa-4c3b-9932-1cb0b3c01d02,1787670607000,50947,presentmon,app_fps,35.255748726839364,fps,ok,,process,35
0.1,ec9d1b29-a9aa-4c3b-9932-1cb0b3c01d02,1787670607000,50947,presentmon,frame_time_avg_ms,28.36416857142857,ms,ok,,process,35
0.1,ec9d1b29-a9aa-4c3b-9932-1cb0b3c01d02,1787670607000,50947,presentmon,frame_time_p95_ms,35.126,ms,ok,,process,35
0.1,ec9d1b29-a9aa-4c3b-9932-1cb0b3c01d02,1787670607000,50947,presentmon,gpu_busy_median_ms,19.1369,ms,ok,,process,35
0.1,ec9d1b29-a9aa-4c3b-9932-1cb0b3c01d02,1787670607000,50947,presentmon,gpu_busy_p95_ms,21.2383,ms,ok,,process,35
0.1,ec9d1b29-a9aa-4c3b-9932-1cb0b3c01d02,1787670608000,51947,presentmon,app_fps,49.37636173833629,fps,ok,,process,50
0.1,ec9d1b29-a9aa-4c3b-9932-1cb0b3c01d02,1787670608000,51947,presentmon,frame_time_avg_ms,20.252606,ms,ok,,process,50
0.1,ec9d1b29-a9aa-4c3b-9932-1cb0b3c01d02,1787670608000,51947,presentmon,frame_time_p95_ms,26.1899,ms,ok,,process,50
0.1,ec9d1b29-a9aa-4c3b-9932-1cb0b3c01d02,1787670608000,51947,presentmon,gpu_busy_median_ms,18.94945,ms,ok,,process,50
0.1,ec9d1b29-a9aa-4c3b-9932-1cb0b3c01d02,1787670608000,51947,presentmon,gpu_busy_p95_ms,20.0589,ms,ok,,process,50
0.1,ec9d1b29-a9aa-4c3b-9932-1cb0b3c01d02,1787670611113,55060,windows_pdh,process_gpu_pct,78.72662512359628,percent,ok,,process,
0.1,ec9d1b29-a9aa-4c3b-9932-1cb0b3c01d02,1787670611113,55060,nvidia-smi,device_gpu_util_pct,85.0,percent,ok,,device,
0.1,ec9d1b29-a9aa-4c3b-9932-1cb0b3c01d02,1787670611113,55060,nvidia-smi,device_vram_used_mb,4934.0,MiB,ok,,device,
0.1,ec9d1b29-a9aa-4c3b-9932-1cb0b3c01d02,1787670611113,55060,nvidia-smi,device_gpu_temperature_c,60.0,celsius,ok,,device,
0.1,ec9d1b29-a9aa-4c3b-9932-1cb0b3c01d02,1787670611113,55060,nvidia-smi,device_gpu_power_w,119.79,watt,ok,,device,
0.1,ec9d1b29-a9aa-4c3b-9932-1cb0b3c01d02,1787670611113,55060,nvidia-smi,device_gpu_clock_mhz,1980.0,MHz,ok,,device,
0.1,ec9d1b29-a9aa-4c3b-9932-1cb0b3c01d02,1787670612103,56050,psutil,process_cpu_pct_raw,652.0,percent,ok,,process,
0.1,ec9d1b29-a9aa-4c3b-9932-1cb0b3c01d02,1787670612103,56050,psutil,process_cpu_pct,32.6,percent,ok,,process,
0.1,ec9d1b29-a9aa-4c3b-9932-1cb0b3c01d02,1787670612103,56050,psutil,process_memory_mb,7730.90625,MiB,ok,,process,
0.1,ec9d1b29-a9aa-4c3b-9932-1cb0b3c01d02,1787670612103,56050,win32_foreground,game_foreground,1.0,boolean,ok,,process,
0.1,ec9d1b29-a9aa-4c3b-9932-1cb0b3c01d02,1787670609000,52947,presentmon,app_fps,37.18339968225278,fps,ok,,process,37
0.1,ec9d1b29-a9aa-4c3b-9932-1cb0b3c01d02,1787670609000,52947,presentmon,frame_time_avg_ms,26.893721621621623,ms,ok,,process,37
0.1,ec9d1b29-a9aa-4c3b-9932-1cb0b3c01d02,1787670609000,52947,presentmon,frame_time_p95_ms,47.6291,ms,ok,,process,37
0.1,ec9d1b29-a9aa-4c3b-9932-1cb0b3c01d02,1787670609000,52947,presentmon,gpu_busy_median_ms,19.508,ms,ok,,process,37
0.1,ec9d1b29-a9aa-4c3b-9932-1cb0b3c01d02,1787670609000,52947,presentmon,gpu_busy_p95_ms,25.9491,ms,ok,,process,37
0.1,ec9d1b29-a9aa-4c3b-9932-1cb0b3c01d02,1787670612103,56050,windows_pdh,process_gpu_pct,72.7837142071381,percent,ok,,process,
0.1,ec9d1b29-a9aa-4c3b-9932-1cb0b3c01d02,1787670613108,57055,psutil,process_cpu_pct_raw,714.1,percent,ok,,process,
0.1,ec9d1b29-a9aa-4c3b-9932-1cb0b3c01d02,1787670613108,57055,psutil,process_cpu_pct,35.705,percent,ok,,process,
0.1,ec9d1b29-a9aa-4c3b-9932-1cb0b3c01d02,1787670613108,57055,psutil,process_memory_mb,7730.32421875,MiB,ok,,process,
0.1,ec9d1b29-a9aa-4c3b-9932-1cb0b3c01d02,1787670613108,57055,win32_foreground,game_foreground,1.0,boolean,ok,,process,
0.1,ec9d1b29-a9aa-4c3b-9932-1cb0b3c01d02,1787670610000,53947,presentmon,app_fps,32.67601081754191,fps,ok,,process,33
0.1,ec9d1b29-a9aa-4c3b-9932-1cb0b3c01d02,1787670610000,53947,presentmon,frame_time_avg_ms,30.603490909090908,ms,ok,,process,33
0.1,ec9d1b29-a9aa-4c3b-9932-1cb0b3c01d02,1787670610000,53947,presentmon,frame_time_p95_ms,42.9392,ms,ok,,process,33
0.1,ec9d1b29-a9aa-4c3b-9932-1cb0b3c01d02,1787670610000,53947,presentmon,gpu_busy_median_ms,22.3074,ms,ok,,process,33
0.1,ec9d1b29-a9aa-4c3b-9932-1cb0b3c01d02,1787670610000,53947,presentmon,gpu_busy_p95_ms,23.6247,ms,ok,,process,33
0.1,ec9d1b29-a9aa-4c3b-9932-1cb0b3c01d02,1787670613108,57055,windows_pdh,process_gpu_pct,96.67082029307407,percent,ok,,process,
0.1,ec9d1b29-a9aa-4c3b-9932-1cb0b3c01d02,1787670614113,58060,psutil,process_cpu_pct_raw,586.5,percent,ok,,process,
0.1,ec9d1b29-a9aa-4c3b-9932-1cb0b3c01d02,1787670614113,58060,psutil,process_cpu_pct,29.325,percent,ok,,process,
0.1,ec9d1b29-a9aa-4c3b-9932-1cb0b3c01d02,1787670614113,58060,psutil,process_memory_mb,7732.6796875,MiB,ok,,process,
0.1,ec9d1b29-a9aa-4c3b-9932-1cb0b3c01d02,1787670614113,58060,win32_foreground,game_foreground,1.0,boolean,ok,,process,
0.1,ec9d1b29-a9aa-4c3b-9932-1cb0b3c01d02,1787670611000,54947,presentmon,app_fps,46.342134712152884,fps,ok,,process,46
0.1,ec9d1b29-a9aa-4c3b-9932-1cb0b3c01d02,1787670611000,54947,presentmon,frame_time_avg_ms,21.578634782608695,ms,ok,,process,46
0.1,ec9d1b29-a9aa-4c3b-9932-1cb0b3c01d02,1787670611000,54947,presentmon,frame_time_p95_ms,29.3065,ms,ok,,process,46
0.1,ec9d1b29-a9aa-4c3b-9932-1cb0b3c01d02,1787670611000,54947,presentmon,gpu_busy_median_ms,20.87835,ms,ok,,process,46
0.1,ec9d1b29-a9aa-4c3b-9932-1cb0b3c01d02,1787670611000,54947,presentmon,gpu_busy_p95_ms,22.3882,ms,ok,,process,46
0.1,ec9d1b29-a9aa-4c3b-9932-1cb0b3c01d02,1787670614113,58060,windows_pdh,process_gpu_pct,88.11715084930452,percent,ok,,process,
0.1,ec9d1b29-a9aa-4c3b-9932-1cb0b3c01d02,1787670615104,59051,psutil,process_cpu_pct_raw,588.5,percent,ok,,process,
0.1,ec9d1b29-a9aa-4c3b-9932-1cb0b3c01d02,1787670615104,59051,psutil,process_cpu_pct,29.425,percent,ok,,process,
0.1,ec9d1b29-a9aa-4c3b-9932-1cb0b3c01d02,1787670615104,59051,psutil,process_memory_mb,7732.72265625,MiB,ok,,process,
0.1,ec9d1b29-a9aa-4c3b-9932-1cb0b3c01d02,1787670615104,59051,win32_foreground,game_foreground,1.0,boolean,ok,,process,
0.1,ec9d1b29-a9aa-4c3b-9932-1cb0b3c01d02,1787670612000,55947,presentmon,app_fps,40.75286646716979,fps,ok,,process,41
0.1,ec9d1b29-a9aa-4c3b-9932-1cb0b3c01d02,1787670612000,55947,presentmon,frame_time_avg_ms,24.538151219512194,ms,ok,,process,41
0.1,ec9d1b29-a9aa-4c3b-9932-1cb0b3c01d02,1787670612000,55947,presentmon,frame_time_p95_ms,32.245,ms,ok,,process,41
0.1,ec9d1b29-a9aa-4c3b-9932-1cb0b3c01d02,1787670612000,55947,presentmon,gpu_busy_median_ms,21.3002,ms,ok,,process,41
0.1,ec9d1b29-a9aa-4c3b-9932-1cb0b3c01d02,1787670612000,55947,presentmon,gpu_busy_p95_ms,22.5644,ms,ok,,process,41
0.1,ec9d1b29-a9aa-4c3b-9932-1cb0b3c01d02,1787670615104,59051,windows_pdh,process_gpu_pct,80.31516802511408,percent,ok,,process,
0.1,ec9d1b29-a9aa-4c3b-9932-1cb0b3c01d02,1787670616109,60056,psutil,process_cpu_pct_raw,578.1,percent,ok,,process,
0.1,ec9d1b29-a9aa-4c3b-9932-1cb0b3c01d02,1787670616109,60056,psutil,process_cpu_pct,28.905,percent,ok,,process,
0.1,ec9d1b29-a9aa-4c3b-9932-1cb0b3c01d02,1787670616109,60056,psutil,process_memory_mb,7733.7734375,MiB,ok,,process,
0.1,ec9d1b29-a9aa-4c3b-9932-1cb0b3c01d02,1787670616109,60056,win32_foreground,game_foreground,1.0,boolean,ok,,process,
0.1,ec9d1b29-a9aa-4c3b-9932-1cb0b3c01d02,1787670613000,56947,presentmon,app_fps,38.531054255273304,fps,ok,,process,38
0.1,ec9d1b29-a9aa-4c3b-9932-1cb0b3c01d02,1787670613000,56947,presentmon,frame_time_avg_ms,25.953092105263156,ms,ok,,process,38
0.1,ec9d1b29-a9aa-4c3b-9932-1cb0b3c01d02,1787670613000,56947,presentmon,frame_time_p95_ms,38.8812,ms,ok,,process,38
0.1,ec9d1b29-a9aa-4c3b-9932-1cb0b3c01d02,1787670613000,56947,presentmon,gpu_busy_median_ms,20.73795,ms,ok,,process,38
0.1,ec9d1b29-a9aa-4c3b-9932-1cb0b3c01d02,1787670613000,56947,presentmon,gpu_busy_p95_ms,21.5827,ms,ok,,process,38
0.1,ec9d1b29-a9aa-4c3b-9932-1cb0b3c01d02,1787670616109,60056,windows_pdh,process_gpu_pct,93.10635817935784,percent,ok,,process,
0.1,ec9d1b29-a9aa-4c3b-9932-1cb0b3c01d02,1787670617115,61062,psutil,process_cpu_pct_raw,666.6,percent,ok,,process,
0.1,ec9d1b29-a9aa-4c3b-9932-1cb0b3c01d02,1787670617115,61062,psutil,process_cpu_pct,33.33,percent,ok,,process,
0.1,ec9d1b29-a9aa-4c3b-9932-1cb0b3c01d02,1787670617115,61062,psutil,process_memory_mb,7735.66796875,MiB,ok,,process,
0.1,ec9d1b29-a9aa-4c3b-9932-1cb0b3c01d02,1787670617115,61062,win32_foreground,game_foreground,1.0,boolean,ok,,process,
0.1,ec9d1b29-a9aa-4c3b-9932-1cb0b3c01d02,1787670614000,57947,presentmon,app_fps,44.39225230898902,fps,ok,,process,45
0.1,ec9d1b29-a9aa-4c3b-9932-1cb0b3c01d02,1787670614000,57947,presentmon,frame_time_avg_ms,22.526453333333333,ms,ok,,process,45
0.1,ec9d1b29-a9aa-4c3b-9932-1cb0b3c01d02,1787670614000,57947,presentmon,frame_time_p95_ms,32.2086,ms,ok,,process,45
0.1,ec9d1b29-a9aa-4c3b-9932-1cb0b3c01d02,1787670614000,57947,presentmon,gpu_busy_median_ms,20.6541,ms,ok,,process,45
0.1,ec9d1b29-a9aa-4c3b-9932-1cb0b3c01d02,1787670614000,57947,presentmon,gpu_busy_p95_ms,24.3076,ms,ok,,process,45
0.1,ec9d1b29-a9aa-4c3b-9932-1cb0b3c01d02,1787670617115,61062,windows_pdh,process_gpu_pct,78.24329813582877,percent,ok,,process,
0.1,ec9d1b29-a9aa-4c3b-9932-1cb0b3c01d02,1787670617115,61062,nvidia-smi,device_gpu_util_pct,76.0,percent,ok,,device,
0.1,ec9d1b29-a9aa-4c3b-9932-1cb0b3c01d02,1787670617115,61062,nvidia-smi,device_vram_used_mb,4902.0,MiB,ok,,device,
0.1,ec9d1b29-a9aa-4c3b-9932-1cb0b3c01d02,1787670617115,61062,nvidia-smi,device_gpu_temperature_c,60.0,celsius,ok,,device,
0.1,ec9d1b29-a9aa-4c3b-9932-1cb0b3c01d02,1787670617115,61062,nvidia-smi,device_gpu_power_w,115.23,watt,ok,,device,
0.1,ec9d1b29-a9aa-4c3b-9932-1cb0b3c01d02,1787670617115,61062,nvidia-smi,device_gpu_clock_mhz,1965.0,MHz,ok,,device,
0.1,ec9d1b29-a9aa-4c3b-9932-1cb0b3c01d02,1787670618120,62067,psutil,process_cpu_pct_raw,556.2,percent,ok,,process,
0.1,ec9d1b29-a9aa-4c3b-9932-1cb0b3c01d02,1787670618120,62067,psutil,process_cpu_pct,27.810000000000002,percent,ok,,process,
0.1,ec9d1b29-a9aa-4c3b-9932-1cb0b3c01d02,1787670618120,62067,psutil,process_memory_mb,7738.18359375,MiB,ok,,process,
0.1,ec9d1b29-a9aa-4c3b-9932-1cb0b3c01d02,1787670618120,62067,win32_foreground,game_foreground,1.0,boolean,ok,,process,
0.1,ec9d1b29-a9aa-4c3b-9932-1cb0b3c01d02,1787670615000,58947,presentmon,app_fps,34.58499481174218,fps,ok,,process,34
0.1,ec9d1b29-a9aa-4c3b-9932-1cb0b3c01d02,1787670615000,58947,presentmon,frame_time_avg_ms,28.914273529411762,ms,ok,,process,34
0.1,ec9d1b29-a9aa-4c3b-9932-1cb0b3c01d02,1787670615000,58947,presentmon,frame_time_p95_ms,41.3015,ms,ok,,process,34
0.1,ec9d1b29-a9aa-4c3b-9932-1cb0b3c01d02,1787670615000,58947,presentmon,gpu_busy_median_ms,22.26095,ms,ok,,process,34
0.1,ec9d1b29-a9aa-4c3b-9932-1cb0b3c01d02,1787670615000,58947,presentmon,gpu_busy_p95_ms,24.3596,ms,ok,,process,34
0.1,ec9d1b29-a9aa-4c3b-9932-1cb0b3c01d02,1787670618120,62067,windows_pdh,process_gpu_pct,72.00418634211871,percent,ok,,process,
0.1,ec9d1b29-a9aa-4c3b-9932-1cb0b3c01d02,1787670619111,63058,psutil,process_cpu_pct_raw,664.7,percent,ok,,process,
0.1,ec9d1b29-a9aa-4c3b-9932-1cb0b3c01d02,1787670619111,63058,psutil,process_cpu_pct,33.235,percent,ok,,process,
0.1,ec9d1b29-a9aa-4c3b-9932-1cb0b3c01d02,1787670619111,63058,psutil,process_memory_mb,7739.56640625,MiB,ok,,process,
0.1,ec9d1b29-a9aa-4c3b-9932-1cb0b3c01d02,1787670619111,63058,win32_foreground,game_foreground,1.0,boolean,ok,,process,
0.1,ec9d1b29-a9aa-4c3b-9932-1cb0b3c01d02,1787670616000,59947,presentmon,app_fps,33.79234939221975,fps,ok,,process,34
0.1,ec9d1b29-a9aa-4c3b-9932-1cb0b3c01d02,1787670616000,59947,presentmon,frame_time_avg_ms,29.59249705882353,ms,ok,,process,34
0.1,ec9d1b29-a9aa-4c3b-9932-1cb0b3c01d02,1787670616000,59947,presentmon,frame_time_p95_ms,44.0817,ms,ok,,process,34
0.1,ec9d1b29-a9aa-4c3b-9932-1cb0b3c01d02,1787670616000,59947,presentmon,gpu_busy_median_ms,21.18945,ms,ok,,process,34
0.1,ec9d1b29-a9aa-4c3b-9932-1cb0b3c01d02,1787670616000,59947,presentmon,gpu_busy_p95_ms,23.74,ms,ok,,process,34
0.1,ec9d1b29-a9aa-4c3b-9932-1cb0b3c01d02,1787670619111,63058,windows_pdh,process_gpu_pct,91.06181193006445,percent,ok,,process,
0.1,ec9d1b29-a9aa-4c3b-9932-1cb0b3c01d02,1787670620101,64048,psutil,process_cpu_pct_raw,453.1,percent,ok,,process,
0.1,ec9d1b29-a9aa-4c3b-9932-1cb0b3c01d02,1787670620101,64048,psutil,process_cpu_pct,22.655,percent,ok,,process,
0.1,ec9d1b29-a9aa-4c3b-9932-1cb0b3c01d02,1787670620101,64048,psutil,process_memory_mb,7750.34375,MiB,ok,,process,
0.1,ec9d1b29-a9aa-4c3b-9932-1cb0b3c01d02,1787670620101,64048,win32_foreground,game_foreground,1.0,boolean,ok,,process,
0.1,ec9d1b29-a9aa-4c3b-9932-1cb0b3c01d02,1787670617000,60947,presentmon,app_fps,43.98647855649173,fps,ok,,process,44
0.1,ec9d1b29-a9aa-4c3b-9932-1cb0b3c01d02,1787670617000,60947,presentmon,frame_time_avg_ms,22.73425909090909,ms,ok,,process,44
0.1,ec9d1b29-a9aa-4c3b-9932-1cb0b3c01d02,1787670617000,60947,presentmon,frame_time_p95_ms,31.0407,ms,ok,,process,44
0.1,ec9d1b29-a9aa-4c3b-9932-1cb0b3c01d02,1787670617000,60947,presentmon,gpu_busy_median_ms,20.56995,ms,ok,,process,44
0.1,ec9d1b29-a9aa-4c3b-9932-1cb0b3c01d02,1787670617000,60947,presentmon,gpu_busy_p95_ms,22.4817,ms,ok,,process,44
0.1,ec9d1b29-a9aa-4c3b-9932-1cb0b3c01d02,1787670620101,64048,windows_pdh,process_gpu_pct,55.362264346482604,percent,ok,,process,
0.1,ec9d1b29-a9aa-4c3b-9932-1cb0b3c01d02,1787670621106,65053,psutil,process_cpu_pct_raw,385.9,percent,ok,,process,
0.1,ec9d1b29-a9aa-4c3b-9932-1cb0b3c01d02,1787670621106,65053,psutil,process_cpu_pct,19.294999999999998,percent,ok,,process,
0.1,ec9d1b29-a9aa-4c3b-9932-1cb0b3c01d02,1787670621106,65053,psutil,process_memory_mb,7741.53515625,MiB,ok,,process,
0.1,ec9d1b29-a9aa-4c3b-9932-1cb0b3c01d02,1787670621106,65053,win32_foreground,game_foreground,1.0,boolean,ok,,process,
0.1,ec9d1b29-a9aa-4c3b-9932-1cb0b3c01d02,1787670621106,65053,windows_pdh,process_gpu_pct,16.693915583022374,percent,ok,,process,
0.1,ec9d1b29-a9aa-4c3b-9932-1cb0b3c01d02,1787670622112,66059,psutil,process_cpu_pct_raw,605.0,percent,ok,,process,
0.1,ec9d1b29-a9aa-4c3b-9932-1cb0b3c01d02,1787670622112,66059,psutil,process_cpu_pct,30.25,percent,ok,,process,
0.1,ec9d1b29-a9aa-4c3b-9932-1cb0b3c01d02,1787670622112,66059,psutil,process_memory_mb,7734.52734375,MiB,ok,,process,
0.1,ec9d1b29-a9aa-4c3b-9932-1cb0b3c01d02,1787670622112,66059,win32_foreground,game_foreground,1.0,boolean,ok,,process,
0.1,ec9d1b29-a9aa-4c3b-9932-1cb0b3c01d02,1787670618000,61947,presentmon,app_fps,15.329807951998431,fps,ok,,process,28
0.1,ec9d1b29-a9aa-4c3b-9932-1cb0b3c01d02,1787670618000,61947,presentmon,frame_time_avg_ms,65.23238928571428,ms,ok,,process,28
0.1,ec9d1b29-a9aa-4c3b-9932-1cb0b3c01d02,1787670618000,61947,presentmon,frame_time_p95_ms,51.104,ms,ok,,process,28
0.1,ec9d1b29-a9aa-4c3b-9932-1cb0b3c01d02,1787670618000,61947,presentmon,gpu_busy_median_ms,19.73395,ms,ok,,process,28
0.1,ec9d1b29-a9aa-4c3b-9932-1cb0b3c01d02,1787670618000,61947,presentmon,gpu_busy_p95_ms,21.5745,ms,ok,,process,28
0.1,ec9d1b29-a9aa-4c3b-9932-1cb0b3c01d02,1787670619000,62947,presentmon,app_fps,51.57876880332672,fps,ok,,process,9
0.1,ec9d1b29-a9aa-4c3b-9932-1cb0b3c01d02,1787670619000,62947,presentmon,frame_time_avg_ms,19.387822222222223,ms,ok,,process,9
0.1,ec9d1b29-a9aa-4c3b-9932-1cb0b3c01d02,1787670619000,62947,presentmon,frame_time_p95_ms,33.2079,ms,ok,,process,9
0.1,ec9d1b29-a9aa-4c3b-9932-1cb0b3c01d02,1787670619000,62947,presentmon,gpu_busy_median_ms,17.3993,ms,ok,,process,9
0.1,ec9d1b29-a9aa-4c3b-9932-1cb0b3c01d02,1787670619000,62947,presentmon,gpu_busy_p95_ms,20.2316,ms,ok,,process,9
0.1,ec9d1b29-a9aa-4c3b-9932-1cb0b3c01d02,1787670622112,66059,windows_pdh,process_gpu_pct,90.84185087982384,percent,ok,,process,
0.1,ec9d1b29-a9aa-4c3b-9932-1cb0b3c01d02,1787670622112,66059,nvidia-smi,device_gpu_util_pct,78.0,percent,ok,,device,
0.1,ec9d1b29-a9aa-4c3b-9932-1cb0b3c01d02,1787670622112,66059,nvidia-smi,device_vram_used_mb,5009.0,MiB,ok,,device,
0.1,ec9d1b29-a9aa-4c3b-9932-1cb0b3c01d02,1787670622112,66059,nvidia-smi,device_gpu_temperature_c,61.0,celsius,ok,,device,
0.1,ec9d1b29-a9aa-4c3b-9932-1cb0b3c01d02,1787670622112,66059,nvidia-smi,device_gpu_power_w,127.27,watt,ok,,device,
0.1,ec9d1b29-a9aa-4c3b-9932-1cb0b3c01d02,1787670622112,66059,nvidia-smi,device_gpu_clock_mhz,1965.0,MHz,ok,,device,
0.1,ec9d1b29-a9aa-4c3b-9932-1cb0b3c01d02,1787670623117,67064,psutil,process_cpu_pct_raw,418.8,percent,ok,,process,
0.1,ec9d1b29-a9aa-4c3b-9932-1cb0b3c01d02,1787670623117,67064,psutil,process_cpu_pct,20.94,percent,ok,,process,
0.1,ec9d1b29-a9aa-4c3b-9932-1cb0b3c01d02,1787670623117,67064,psutil,process_memory_mb,7734.1640625,MiB,ok,,process,
0.1,ec9d1b29-a9aa-4c3b-9932-1cb0b3c01d02,1787670623117,67064,win32_foreground,game_foreground,0.0,boolean,ok,,process,
0.1,ec9d1b29-a9aa-4c3b-9932-1cb0b3c01d02,1787670620000,63947,presentmon,app_fps,53.509351353697404,fps,ok,,process,54
0.1,ec9d1b29-a9aa-4c3b-9932-1cb0b3c01d02,1787670620000,63947,presentmon,frame_time_avg_ms,18.688322222222222,ms,ok,,process,54
0.1,ec9d1b29-a9aa-4c3b-9932-1cb0b3c01d02,1787670620000,63947,presentmon,frame_time_p95_ms,25.6643,ms,ok,,process,54
0.1,ec9d1b29-a9aa-4c3b-9932-1cb0b3c01d02,1787670620000,63947,presentmon,gpu_busy_median_ms,16.7803,ms,ok,,process,54
0.1,ec9d1b29-a9aa-4c3b-9932-1cb0b3c01d02,1787670620000,63947,presentmon,gpu_busy_p95_ms,17.6351,ms,ok,,process,54
0.1,ec9d1b29-a9aa-4c3b-9932-1cb0b3c01d02,1787670623117,67064,windows_pdh,process_gpu_pct,70.7940033369659,percent,ok,,process,
0.1,ec9d1b29-a9aa-4c3b-9932-1cb0b3c01d02,1787670624108,68055,psutil,process_cpu_pct_raw,441.0,percent,ok,,process,
0.1,ec9d1b29-a9aa-4c3b-9932-1cb0b3c01d02,1787670624108,68055,psutil,process_cpu_pct,22.05,percent,ok,,process,
0.1,ec9d1b29-a9aa-4c3b-9932-1cb0b3c01d02,1787670624108,68055,psutil,process_memory_mb,7734.3515625,MiB,ok,,process,
0.1,ec9d1b29-a9aa-4c3b-9932-1cb0b3c01d02,1787670624108,68055,win32_foreground,game_foreground,1.0,boolean,ok,,process,
0.1,ec9d1b29-a9aa-4c3b-9932-1cb0b3c01d02,1787670621000,64947,presentmon,app_fps,39.88307478963922,fps,ok,,process,40
0.1,ec9d1b29-a9aa-4c3b-9932-1cb0b3c01d02,1787670621000,64947,presentmon,frame_time_avg_ms,25.0732925,ms,ok,,process,40
0.1,ec9d1b29-a9aa-4c3b-9932-1cb0b3c01d02,1787670621000,64947,presentmon,frame_time_p95_ms,36.7089,ms,ok,,process,40
0.1,ec9d1b29-a9aa-4c3b-9932-1cb0b3c01d02,1787670621000,64947,presentmon,gpu_busy_median_ms,17.601799999999997,ms,ok,,process,40
0.1,ec9d1b29-a9aa-4c3b-9932-1cb0b3c01d02,1787670621000,64947,presentmon,gpu_busy_p95_ms,18.3655,ms,ok,,process,40
0.1,ec9d1b29-a9aa-4c3b-9932-1cb0b3c01d02,1787670624108,68055,windows_pdh,process_gpu_pct,79.3518212656813,percent,ok,,process,
0.1,ec9d1b29-a9aa-4c3b-9932-1cb0b3c01d02,1787670625113,69060,psutil,process_cpu_pct_raw,466.4,percent,ok,,process,
0.1,ec9d1b29-a9aa-4c3b-9932-1cb0b3c01d02,1787670625113,69060,psutil,process_cpu_pct,23.32,percent,ok,,process,
0.1,ec9d1b29-a9aa-4c3b-9932-1cb0b3c01d02,1787670625113,69060,psutil,process_memory_mb,7733.66796875,MiB,ok,,process,
0.1,ec9d1b29-a9aa-4c3b-9932-1cb0b3c01d02,1787670625113,69060,win32_foreground,game_foreground,1.0,boolean,ok,,process,
0.1,ec9d1b29-a9aa-4c3b-9932-1cb0b3c01d02,1787670622000,65947,presentmon,app_fps,44.373625930333404,fps,ok,,process,44
0.1,ec9d1b29-a9aa-4c3b-9932-1cb0b3c01d02,1787670622000,65947,presentmon,frame_time_avg_ms,22.53590909090909,ms,ok,,process,44
0.1,ec9d1b29-a9aa-4c3b-9932-1cb0b3c01d02,1787670622000,65947,presentmon,frame_time_p95_ms,38.9607,ms,ok,,process,44
0.1,ec9d1b29-a9aa-4c3b-9932-1cb0b3c01d02,1787670622000,65947,presentmon,gpu_busy_median_ms,17.79245,ms,ok,,process,44
0.1,ec9d1b29-a9aa-4c3b-9932-1cb0b3c01d02,1787670622000,65947,presentmon,gpu_busy_p95_ms,18.7468,ms,ok,,process,44
0.1,ec9d1b29-a9aa-4c3b-9932-1cb0b3c01d02,1787670625113,69060,windows_pdh,process_gpu_pct,91.76423756026905,percent,ok,,process,
0.1,ec9d1b29-a9aa-4c3b-9932-1cb0b3c01d02,1787670626103,70050,psutil,process_cpu_pct_raw,269.7,percent,ok,,process,
0.1,ec9d1b29-a9aa-4c3b-9932-1cb0b3c01d02,1787670626103,70050,psutil,process_cpu_pct,13.485,percent,ok,,process,
0.1,ec9d1b29-a9aa-4c3b-9932-1cb0b3c01d02,1787670626103,70050,psutil,process_memory_mb,7751.44140625,MiB,ok,,process,
0.1,ec9d1b29-a9aa-4c3b-9932-1cb0b3c01d02,1787670626103,70050,win32_foreground,game_foreground,0.0,boolean,ok,,process,
0.1,ec9d1b29-a9aa-4c3b-9932-1cb0b3c01d02,1787670626103,70050,windows_pdh,process_gpu_pct,20.758899957094023,percent,ok,,process,
0.1,ec9d1b29-a9aa-4c3b-9932-1cb0b3c01d02,1787670627109,71056,psutil,process_cpu_pct_raw,415.6,percent,ok,,process,
0.1,ec9d1b29-a9aa-4c3b-9932-1cb0b3c01d02,1787670627109,71056,psutil,process_cpu_pct,20.78,percent,ok,,process,
0.1,ec9d1b29-a9aa-4c3b-9932-1cb0b3c01d02,1787670627109,71056,psutil,process_memory_mb,7735.8359375,MiB,ok,,process,
0.1,ec9d1b29-a9aa-4c3b-9932-1cb0b3c01d02,1787670627109,71056,win32_foreground,game_foreground,0.0,boolean,ok,,process,
0.1,ec9d1b29-a9aa-4c3b-9932-1cb0b3c01d02,1787670623000,66947,presentmon,app_fps,50.40821262460836,fps,ok,,process,51
0.1,ec9d1b29-a9aa-4c3b-9932-1cb0b3c01d02,1787670623000,66947,presentmon,frame_time_avg_ms,19.838037254901963,ms,ok,,process,51
0.1,ec9d1b29-a9aa-4c3b-9932-1cb0b3c01d02,1787670623000,66947,presentmon,frame_time_p95_ms,31.5135,ms,ok,,process,51
0.1,ec9d1b29-a9aa-4c3b-9932-1cb0b3c01d02,1787670623000,66947,presentmon,gpu_busy_median_ms,18.1113,ms,ok,,process,51
0.1,ec9d1b29-a9aa-4c3b-9932-1cb0b3c01d02,1787670623000,66947,presentmon,gpu_busy_p95_ms,19.3973,ms,ok,,process,51
0.1,ec9d1b29-a9aa-4c3b-9932-1cb0b3c01d02,1787670624000,67947,presentmon,app_fps,22.28656736920343,fps,ok,,process,22
0.1,ec9d1b29-a9aa-4c3b-9932-1cb0b3c01d02,1787670624000,67947,presentmon,frame_time_avg_ms,44.87007727272727,ms,ok,,process,22
0.1,ec9d1b29-a9aa-4c3b-9932-1cb0b3c01d02,1787670624000,67947,presentmon,frame_time_p95_ms,41.4905,ms,ok,,process,22
0.1,ec9d1b29-a9aa-4c3b-9932-1cb0b3c01d02,1787670624000,67947,presentmon,gpu_busy_median_ms,8.29625,ms,ok,,process,22
0.1,ec9d1b29-a9aa-4c3b-9932-1cb0b3c01d02,1787670624000,67947,presentmon,gpu_busy_p95_ms,14.4826,ms,ok,,process,22
0.1,ec9d1b29-a9aa-4c3b-9932-1cb0b3c01d02,1787670627109,71056,windows_pdh,process_gpu_pct,54.09834340985895,percent,ok,,process,
0.1,ec9d1b29-a9aa-4c3b-9932-1cb0b3c01d02,1787670628115,72062,psutil,process_cpu_pct_raw,415.6,percent,ok,,process,
0.1,ec9d1b29-a9aa-4c3b-9932-1cb0b3c01d02,1787670628115,72062,psutil,process_cpu_pct,20.78,percent,ok,,process,
0.1,ec9d1b29-a9aa-4c3b-9932-1cb0b3c01d02,1787670628115,72062,psutil,process_memory_mb,7736.22265625,MiB,ok,,process,
0.1,ec9d1b29-a9aa-4c3b-9932-1cb0b3c01d02,1787670628115,72062,win32_foreground,game_foreground,0.0,boolean,ok,,process,
0.1,ec9d1b29-a9aa-4c3b-9932-1cb0b3c01d02,1787670625000,68947,presentmon,app_fps,67.6206279907833,fps,ok,,process,68
0.1,ec9d1b29-a9aa-4c3b-9932-1cb0b3c01d02,1787670625000,68947,presentmon,frame_time_avg_ms,14.788386764705884,ms,ok,,process,68
0.1,ec9d1b29-a9aa-4c3b-9932-1cb0b3c01d02,1787670625000,68947,presentmon,frame_time_p95_ms,23.3483,ms,ok,,process,68
0.1,ec9d1b29-a9aa-4c3b-9932-1cb0b3c01d02,1787670625000,68947,presentmon,gpu_busy_median_ms,7.98645,ms,ok,,process,68
0.1,ec9d1b29-a9aa-4c3b-9932-1cb0b3c01d02,1787670625000,68947,presentmon,gpu_busy_p95_ms,8.3793,ms,ok,,process,68
0.1,ec9d1b29-a9aa-4c3b-9932-1cb0b3c01d02,1787670628115,72062,windows_pdh,process_gpu_pct,41.16848050706664,percent,ok,,process,
0.1,ec9d1b29-a9aa-4c3b-9932-1cb0b3c01d02,1787670628115,72062,nvidia-smi,device_gpu_util_pct,39.0,percent,ok,,device,
0.1,ec9d1b29-a9aa-4c3b-9932-1cb0b3c01d02,1787670628115,72062,nvidia-smi,device_vram_used_mb,4972.0,MiB,ok,,device,
0.1,ec9d1b29-a9aa-4c3b-9932-1cb0b3c01d02,1787670628115,72062,nvidia-smi,device_gpu_temperature_c,58.0,celsius,ok,,device,
0.1,ec9d1b29-a9aa-4c3b-9932-1cb0b3c01d02,1787670628115,72062,nvidia-smi,device_gpu_power_w,88.32,watt,ok,,device,
0.1,ec9d1b29-a9aa-4c3b-9932-1cb0b3c01d02,1787670628115,72062,nvidia-smi,device_gpu_clock_mhz,1980.0,MHz,ok,,device,
0.1,ec9d1b29-a9aa-4c3b-9932-1cb0b3c01d02,1787670629120,73067,psutil,process_cpu_pct_raw,340.6,percent,ok,,process,
0.1,ec9d1b29-a9aa-4c3b-9932-1cb0b3c01d02,1787670629120,73067,psutil,process_cpu_pct,17.03,percent,ok,,process,
0.1,ec9d1b29-a9aa-4c3b-9932-1cb0b3c01d02,1787670629120,73067,psutil,process_memory_mb,7737.84765625,MiB,ok,,process,
0.1,ec9d1b29-a9aa-4c3b-9932-1cb0b3c01d02,1787670629120,73067,win32_foreground,game_foreground,1.0,boolean,ok,,process,
0.1,ec9d1b29-a9aa-4c3b-9932-1cb0b3c01d02,1787670626000,69947,presentmon,app_fps,48.84068169630665,fps,ok,,process,49
0.1,ec9d1b29-a9aa-4c3b-9932-1cb0b3c01d02,1787670626000,69947,presentmon,frame_time_avg_ms,20.47473469387755,ms,ok,,process,49
0.1,ec9d1b29-a9aa-4c3b-9932-1cb0b3c01d02,1787670626000,69947,presentmon,frame_time_p95_ms,27.3925,ms,ok,,process,49
0.1,ec9d1b29-a9aa-4c3b-9932-1cb0b3c01d02,1787670626000,69947,presentmon,gpu_busy_median_ms,8.3964,ms,ok,,process,49
0.1,ec9d1b29-a9aa-4c3b-9932-1cb0b3c01d02,1787670626000,69947,presentmon,gpu_busy_p95_ms,8.9832,ms,ok,,process,49
0.1,ec9d1b29-a9aa-4c3b-9932-1cb0b3c01d02,1787670629120,73067,windows_pdh,process_gpu_pct,50.52597248873008,percent,ok,,process,
0.1,ec9d1b29-a9aa-4c3b-9932-1cb0b3c01d02,1787670630110,74057,psutil,process_cpu_pct_raw,385.5,percent,ok,,process,
0.1,ec9d1b29-a9aa-4c3b-9932-1cb0b3c01d02,1787670630110,74057,psutil,process_cpu_pct,19.275,percent,ok,,process,
0.1,ec9d1b29-a9aa-4c3b-9932-1cb0b3c01d02,1787670630110,74057,psutil,process_memory_mb,7737.890625,MiB,ok,,process,
0.1,ec9d1b29-a9aa-4c3b-9932-1cb0b3c01d02,1787670630110,74057,win32_foreground,game_foreground,1.0,boolean,ok,,process,
0.1,ec9d1b29-a9aa-4c3b-9932-1cb0b3c01d02,1787670627000,70947,presentmon,app_fps,60.818310365974185,fps,ok,,process,60
0.1,ec9d1b29-a9aa-4c3b-9932-1cb0b3c01d02,1787670627000,70947,presentmon,frame_time_avg_ms,16.442416666666666,ms,ok,,process,60
0.1,ec9d1b29-a9aa-4c3b-9932-1cb0b3c01d02,1787670627000,70947,presentmon,frame_time_p95_ms,25.011,ms,ok,,process,60
0.1,ec9d1b29-a9aa-4c3b-9932-1cb0b3c01d02,1787670627000,70947,presentmon,gpu_busy_median_ms,8.1856,ms,ok,,process,60
0.1,ec9d1b29-a9aa-4c3b-9932-1cb0b3c01d02,1787670627000,70947,presentmon,gpu_busy_p95_ms,8.9438,ms,ok,,process,60
0.1,ec9d1b29-a9aa-4c3b-9932-1cb0b3c01d02,1787670630110,74057,windows_pdh,process_gpu_pct,50.329019177278866,percent,ok,,process,
0.1,ec9d1b29-a9aa-4c3b-9932-1cb0b3c01d02,1787670631100,75047,psutil,process_cpu_pct_raw,359.4,percent,ok,,process,
0.1,ec9d1b29-a9aa-4c3b-9932-1cb0b3c01d02,1787670631100,75047,psutil,process_cpu_pct,17.97,percent,ok,,process,
0.1,ec9d1b29-a9aa-4c3b-9932-1cb0b3c01d02,1787670631100,75047,psutil,process_memory_mb,7735.640625,MiB,ok,,process,
0.1,ec9d1b29-a9aa-4c3b-9932-1cb0b3c01d02,1787670631100,75047,win32_foreground,game_foreground,1.0,boolean,ok,,process,
0.1,ec9d1b29-a9aa-4c3b-9932-1cb0b3c01d02,1787670628000,71947,presentmon,app_fps,60.14076883564513,fps,ok,,process,61
0.1,ec9d1b29-a9aa-4c3b-9932-1cb0b3c01d02,1787670628000,71947,presentmon,frame_time_avg_ms,16.62765573770492,ms,ok,,process,61
0.1,ec9d1b29-a9aa-4c3b-9932-1cb0b3c01d02,1787670628000,71947,presentmon,frame_time_p95_ms,21.3008,ms,ok,,process,61
0.1,ec9d1b29-a9aa-4c3b-9932-1cb0b3c01d02,1787670628000,71947,presentmon,gpu_busy_median_ms,8.3203,ms,ok,,process,61
0.1,ec9d1b29-a9aa-4c3b-9932-1cb0b3c01d02,1787670628000,71947,presentmon,gpu_busy_p95_ms,8.7717,ms,ok,,process,61
0.1,ec9d1b29-a9aa-4c3b-9932-1cb0b3c01d02,1787670631100,75047,windows_pdh,process_gpu_pct,43.74800687398014,percent,ok,,process,
0.1,ec9d1b29-a9aa-4c3b-9932-1cb0b3c01d02,1787670632106,76053,psutil,process_cpu_pct_raw,512.5,percent,ok,,process,
0.1,ec9d1b29-a9aa-4c3b-9932-1cb0b3c01d02,1787670632106,76053,psutil,process_cpu_pct,25.625,percent,ok,,process,
0.1,ec9d1b29-a9aa-4c3b-9932-1cb0b3c01d02,1787670632106,76053,psutil,process_memory_mb,7735.9140625,MiB,ok,,process,
0.1,ec9d1b29-a9aa-4c3b-9932-1cb0b3c01d02,1787670632106,76053,win32_foreground,game_foreground,1.0,boolean,ok,,process,
0.1,ec9d1b29-a9aa-4c3b-9932-1cb0b3c01d02,1787670629000,72947,presentmon,app_fps,51.39721308186054,fps,ok,,process,51
0.1,ec9d1b29-a9aa-4c3b-9932-1cb0b3c01d02,1787670629000,72947,presentmon,frame_time_avg_ms,19.456307843137257,ms,ok,,process,51
0.1,ec9d1b29-a9aa-4c3b-9932-1cb0b3c01d02,1787670629000,72947,presentmon,frame_time_p95_ms,30.6059,ms,ok,,process,51
0.1,ec9d1b29-a9aa-4c3b-9932-1cb0b3c01d02,1787670629000,72947,presentmon,gpu_busy_median_ms,8.5255,ms,ok,,process,51
0.1,ec9d1b29-a9aa-4c3b-9932-1cb0b3c01d02,1787670629000,72947,presentmon,gpu_busy_p95_ms,9.1167,ms,ok,,process,51
0.1,ec9d1b29-a9aa-4c3b-9932-1cb0b3c01d02,1787670632106,76053,windows_pdh,process_gpu_pct,59.508951555455766,percent,ok,,process,
0.1,ec9d1b29-a9aa-4c3b-9932-1cb0b3c01d02,1787670633127,77074,psutil,process_cpu_pct_raw,321.3,percent,ok,,process,
0.1,ec9d1b29-a9aa-4c3b-9932-1cb0b3c01d02,1787670633127,77074,psutil,process_cpu_pct,16.065,percent,ok,,process,
0.1,ec9d1b29-a9aa-4c3b-9932-1cb0b3c01d02,1787670633127,77074,psutil,process_memory_mb,7743.31640625,MiB,ok,,process,
0.1,ec9d1b29-a9aa-4c3b-9932-1cb0b3c01d02,1787670633127,77074,win32_foreground,game_foreground,1.0,boolean,ok,,process,
0.1,ec9d1b29-a9aa-4c3b-9932-1cb0b3c01d02,1787670630000,73947,presentmon,app_fps,70.56693775966272,fps,ok,,process,71
0.1,ec9d1b29-a9aa-4c3b-9932-1cb0b3c01d02,1787670630000,73947,presentmon,frame_time_avg_ms,14.170942253521126,ms,ok,,process,71
0.1,ec9d1b29-a9aa-4c3b-9932-1cb0b3c01d02,1787670630000,73947,presentmon,frame_time_p95_ms,19.9367,ms,ok,,process,71
0.1,ec9d1b29-a9aa-4c3b-9932-1cb0b3c01d02,1787670630000,73947,presentmon,gpu_busy_median_ms,8.2907,ms,ok,,process,71
0.1,ec9d1b29-a9aa-4c3b-9932-1cb0b3c01d02,1787670630000,73947,presentmon,gpu_busy_p95_ms,8.8468,ms,ok,,process,71
0.1,ec9d1b29-a9aa-4c3b-9932-1cb0b3c01d02,1787670633127,77074,windows_pdh,process_gpu_pct,25.260296148040883,percent,ok,,process,
0.1,ec9d1b29-a9aa-4c3b-9932-1cb0b3c01d02,1787670633127,77074,nvidia-smi,device_gpu_util_pct,31.0,percent,ok,,device,
0.1,ec9d1b29-a9aa-4c3b-9932-1cb0b3c01d02,1787670633127,77074,nvidia-smi,device_vram_used_mb,5037.0,MiB,ok,,device,
0.1,ec9d1b29-a9aa-4c3b-9932-1cb0b3c01d02,1787670633127,77074,nvidia-smi,device_gpu_temperature_c,57.0,celsius,ok,,device,
0.1,ec9d1b29-a9aa-4c3b-9932-1cb0b3c01d02,1787670633127,77074,nvidia-smi,device_gpu_power_w,80.05,watt,ok,,device,
0.1,ec9d1b29-a9aa-4c3b-9932-1cb0b3c01d02,1787670633127,77074,nvidia-smi,device_gpu_clock_mhz,1980.0,MHz,ok,,device,
0.1,ec9d1b29-a9aa-4c3b-9932-1cb0b3c01d02,1787670634117,78064,psutil,process_cpu_pct_raw,444.6,percent,ok,,process,
0.1,ec9d1b29-a9aa-4c3b-9932-1cb0b3c01d02,1787670634117,78064,psutil,process_cpu_pct,22.23,percent,ok,,process,
0.1,ec9d1b29-a9aa-4c3b-9932-1cb0b3c01d02,1787670634117,78064,psutil,process_memory_mb,7744.6875,MiB,ok,,process,
0.1,ec9d1b29-a9aa-4c3b-9932-1cb0b3c01d02,1787670634117,78064,win32_foreground,game_foreground,1.0,boolean,ok,,process,
0.1,ec9d1b29-a9aa-4c3b-9932-1cb0b3c01d02,1787670631000,74947,presentmon,app_fps,25.46202110394157,fps,ok,,process,25
0.1,ec9d1b29-a9aa-4c3b-9932-1cb0b3c01d02,1787670631000,74947,presentmon,frame_time_avg_ms,39.27418,ms,ok,,process,25
0.1,ec9d1b29-a9aa-4c3b-9932-1cb0b3c01d02,1787670631000,74947,presentmon,frame_time_p95_ms,35.3377,ms,ok,,process,25
0.1,ec9d1b29-a9aa-4c3b-9932-1cb0b3c01d02,1787670631000,74947,presentmon,gpu_busy_median_ms,9.0902,ms,ok,,process,25
0.1,ec9d1b29-a9aa-4c3b-9932-1cb0b3c01d02,1787670631000,74947,presentmon,gpu_busy_p95_ms,11.0622,ms,ok,,process,25
0.1,ec9d1b29-a9aa-4c3b-9932-1cb0b3c01d02,1787670634117,78064,windows_pdh,process_gpu_pct,57.08611568904305,percent,ok,,process,
0.1,ec9d1b29-a9aa-4c3b-9932-1cb0b3c01d02,1787670635107,79054,psutil,process_cpu_pct_raw,463.2,percent,ok,,process,
0.1,ec9d1b29-a9aa-4c3b-9932-1cb0b3c01d02,1787670635107,79054,psutil,process_cpu_pct,23.16,percent,ok,,process,
0.1,ec9d1b29-a9aa-4c3b-9932-1cb0b3c01d02,1787670635107,79054,psutil,process_memory_mb,7745.08984375,MiB,ok,,process,
0.1,ec9d1b29-a9aa-4c3b-9932-1cb0b3c01d02,1787670635107,79054,win32_foreground,game_foreground,1.0,boolean,ok,,process,
0.1,ec9d1b29-a9aa-4c3b-9932-1cb0b3c01d02,1787670632000,75947,presentmon,app_fps,61.54582260210775,fps,ok,,process,62
0.1,ec9d1b29-a9aa-4c3b-9932-1cb0b3c01d02,1787670632000,75947,presentmon,frame_time_avg_ms,16.248056451612904,ms,ok,,process,62
0.1,ec9d1b29-a9aa-4c3b-9932-1cb0b3c01d02,1787670632000,75947,presentmon,frame_time_p95_ms,27.6259,ms,ok,,process,62
0.1,ec9d1b29-a9aa-4c3b-9932-1cb0b3c01d02,1787670632000,75947,presentmon,gpu_busy_median_ms,8.998750000000001,ms,ok,,process,62
0.1,ec9d1b29-a9aa-4c3b-9932-1cb0b3c01d02,1787670632000,75947,presentmon,gpu_busy_p95_ms,10.0483,ms,ok,,process,62
0.1,ec9d1b29-a9aa-4c3b-9932-1cb0b3c01d02,1787670635107,79054,windows_pdh,process_gpu_pct,53.36369100246866,percent,ok,,process,
0.1,ec9d1b29-a9aa-4c3b-9932-1cb0b3c01d02,1787670636113,80060,psutil,process_cpu_pct_raw,488.0,percent,ok,,process,
0.1,ec9d1b29-a9aa-4c3b-9932-1cb0b3c01d02,1787670636113,80060,psutil,process_cpu_pct,24.4,percent,ok,,process,
0.1,ec9d1b29-a9aa-4c3b-9932-1cb0b3c01d02,1787670636113,80060,psutil,process_memory_mb,7744.50390625,MiB,ok,,process,
0.1,ec9d1b29-a9aa-4c3b-9932-1cb0b3c01d02,1787670636113,80060,win32_foreground,game_foreground,1.0,boolean,ok,,process,
0.1,ec9d1b29-a9aa-4c3b-9932-1cb0b3c01d02,1787670633000,76947,presentmon,app_fps,60.198075748442676,fps,ok,,process,60
0.1,ec9d1b29-a9aa-4c3b-9932-1cb0b3c01d02,1787670633000,76947,presentmon,frame_time_avg_ms,16.611826666666666,ms,ok,,process,60
0.1,ec9d1b29-a9aa-4c3b-9932-1cb0b3c01d02,1787670633000,76947,presentmon,frame_time_p95_ms,22.881,ms,ok,,process,60
0.1,ec9d1b29-a9aa-4c3b-9932-1cb0b3c01d02,1787670633000,76947,presentmon,gpu_busy_median_ms,8.82875,ms,ok,,process,60
0.1,ec9d1b29-a9aa-4c3b-9932-1cb0b3c01d02,1787670633000,76947,presentmon,gpu_busy_p95_ms,9.3529,ms,ok,,process,60
0.1,ec9d1b29-a9aa-4c3b-9932-1cb0b3c01d02,1787670636113,80060,windows_pdh,process_gpu_pct,51.160329626477406,percent,ok,,process,
0.1,ec9d1b29-a9aa-4c3b-9932-1cb0b3c01d02,1787670637119,81066,psutil,process_cpu_pct_raw,331.2,percent,ok,,process,
0.1,ec9d1b29-a9aa-4c3b-9932-1cb0b3c01d02,1787670637119,81066,psutil,process_cpu_pct,16.56,percent,ok,,process,
0.1,ec9d1b29-a9aa-4c3b-9932-1cb0b3c01d02,1787670637119,81066,psutil,process_memory_mb,7745.13671875,MiB,ok,,process,
0.1,ec9d1b29-a9aa-4c3b-9932-1cb0b3c01d02,1787670637119,81066,win32_foreground,game_foreground,1.0,boolean,ok,,process,
0.1,ec9d1b29-a9aa-4c3b-9932-1cb0b3c01d02,1787670634000,77947,presentmon,app_fps,56.81816482710382,fps,ok,,process,57
0.1,ec9d1b29-a9aa-4c3b-9932-1cb0b3c01d02,1787670634000,77947,presentmon,frame_time_avg_ms,17.600005263157893,ms,ok,,process,57
0.1,ec9d1b29-a9aa-4c3b-9932-1cb0b3c01d02,1787670634000,77947,presentmon,frame_time_p95_ms,26.9737,ms,ok,,process,57
0.1,ec9d1b29-a9aa-4c3b-9932-1cb0b3c01d02,1787670634000,77947,presentmon,gpu_busy_median_ms,8.9684,ms,ok,,process,57
0.1,ec9d1b29-a9aa-4c3b-9932-1cb0b3c01d02,1787670634000,77947,presentmon,gpu_busy_p95_ms,9.8079,ms,ok,,process,57
0.1,ec9d1b29-a9aa-4c3b-9932-1cb0b3c01d02,1787670637119,81066,windows_pdh,process_gpu_pct,56.47132016790158,percent,ok,,process,
0.1,ec9d1b29-a9aa-4c3b-9932-1cb0b3c01d02,1787670638124,82071,psutil,process_cpu_pct_raw,395.3,percent,ok,,process,
0.1,ec9d1b29-a9aa-4c3b-9932-1cb0b3c01d02,1787670638124,82071,psutil,process_cpu_pct,19.765,percent,ok,,process,
0.1,ec9d1b29-a9aa-4c3b-9932-1cb0b3c01d02,1787670638124,82071,psutil,process_memory_mb,7739.09375,MiB,ok,,process,
0.1,ec9d1b29-a9aa-4c3b-9932-1cb0b3c01d02,1787670638124,82071,win32_foreground,game_foreground,1.0,boolean,ok,,process,
0.1,ec9d1b29-a9aa-4c3b-9932-1cb0b3c01d02,1787670635000,78947,presentmon,app_fps,62.3707539376736,fps,ok,,process,63
0.1,ec9d1b29-a9aa-4c3b-9932-1cb0b3c01d02,1787670635000,78947,presentmon,frame_time_avg_ms,16.033155555555556,ms,ok,,process,63
0.1,ec9d1b29-a9aa-4c3b-9932-1cb0b3c01d02,1787670635000,78947,presentmon,frame_time_p95_ms,23.5474,ms,ok,,process,63
0.1,ec9d1b29-a9aa-4c3b-9932-1cb0b3c01d02,1787670635000,78947,presentmon,gpu_busy_median_ms,8.7894,ms,ok,,process,63
0.1,ec9d1b29-a9aa-4c3b-9932-1cb0b3c01d02,1787670635000,78947,presentmon,gpu_busy_p95_ms,9.8288,ms,ok,,process,63
0.1,ec9d1b29-a9aa-4c3b-9932-1cb0b3c01d02,1787670638124,82071,windows_pdh,process_gpu_pct,48.0572415382087,percent,ok,,process,
0.1,ec9d1b29-a9aa-4c3b-9932-1cb0b3c01d02,1787670639114,83061,psutil,process_cpu_pct_raw,360.9,percent,ok,,process,
0.1,ec9d1b29-a9aa-4c3b-9932-1cb0b3c01d02,1787670639114,83061,psutil,process_cpu_pct,18.044999999999998,percent,ok,,process,
0.1,ec9d1b29-a9aa-4c3b-9932-1cb0b3c01d02,1787670639114,83061,psutil,process_memory_mb,7740.4765625,MiB,ok,,process,
0.1,ec9d1b29-a9aa-4c3b-9932-1cb0b3c01d02,1787670639114,83061,win32_foreground,game_foreground,1.0,boolean,ok,,process,
0.1,ec9d1b29-a9aa-4c3b-9932-1cb0b3c01d02,1787670636000,79947,presentmon,app_fps,50.581960631655384,fps,ok,,process,50
0.1,ec9d1b29-a9aa-4c3b-9932-1cb0b3c01d02,1787670636000,79947,presentmon,frame_time_avg_ms,19.769894,ms,ok,,process,50
0.1,ec9d1b29-a9aa-4c3b-9932-1cb0b3c01d02,1787670636000,79947,presentmon,frame_time_p95_ms,25.0987,ms,ok,,process,50
0.1,ec9d1b29-a9aa-4c3b-9932-1cb0b3c01d02,1787670636000,79947,presentmon,gpu_busy_median_ms,9.5572,ms,ok,,process,50
0.1,ec9d1b29-a9aa-4c3b-9932-1cb0b3c01d02,1787670636000,79947,presentmon,gpu_busy_p95_ms,10.08,ms,ok,,process,50
0.1,ec9d1b29-a9aa-4c3b-9932-1cb0b3c01d02,1787670639114,83061,windows_pdh,process_gpu_pct,58.53956681203687,percent,ok,,process,
0.1,ec9d1b29-a9aa-4c3b-9932-1cb0b3c01d02,1787670639114,83061,nvidia-smi,device_gpu_util_pct,52.0,percent,ok,,device,
0.1,ec9d1b29-a9aa-4c3b-9932-1cb0b3c01d02,1787670639114,83061,nvidia-smi,device_vram_used_mb,5054.0,MiB,ok,,device,
0.1,ec9d1b29-a9aa-4c3b-9932-1cb0b3c01d02,1787670639114,83061,nvidia-smi,device_gpu_temperature_c,59.0,celsius,ok,,device,
0.1,ec9d1b29-a9aa-4c3b-9932-1cb0b3c01d02,1787670639114,83061,nvidia-smi,device_gpu_power_w,114.99,watt,ok,,device,
0.1,ec9d1b29-a9aa-4c3b-9932-1cb0b3c01d02,1787670639114,83061,nvidia-smi,device_gpu_clock_mhz,1980.0,MHz,ok,,device,
0.1,ec9d1b29-a9aa-4c3b-9932-1cb0b3c01d02,1787670640120,84067,psutil,process_cpu_pct_raw,359.4,percent,ok,,process,
0.1,ec9d1b29-a9aa-4c3b-9932-1cb0b3c01d02,1787670640120,84067,psutil,process_cpu_pct,17.97,percent,ok,,process,
0.1,ec9d1b29-a9aa-4c3b-9932-1cb0b3c01d02,1787670640120,84067,psutil,process_memory_mb,7684.77734375,MiB,ok,,process,
0.1,ec9d1b29-a9aa-4c3b-9932-1cb0b3c01d02,1787670640120,84067,win32_foreground,game_foreground,1.0,boolean,ok,,process,
0.1,ec9d1b29-a9aa-4c3b-9932-1cb0b3c01d02,1787670637000,80947,presentmon,app_fps,65.76268876133584,fps,ok,,process,66
0.1,ec9d1b29-a9aa-4c3b-9932-1cb0b3c01d02,1787670637000,80947,presentmon,frame_time_avg_ms,15.206190909090909,ms,ok,,process,66
0.1,ec9d1b29-a9aa-4c3b-9932-1cb0b3c01d02,1787670637000,80947,presentmon,frame_time_p95_ms,23.4415,ms,ok,,process,66
0.1,ec9d1b29-a9aa-4c3b-9932-1cb0b3c01d02,1787670637000,80947,presentmon,gpu_busy_median_ms,8.84565,ms,ok,,process,66
0.1,ec9d1b29-a9aa-4c3b-9932-1cb0b3c01d02,1787670637000,80947,presentmon,gpu_busy_p95_ms,9.464,ms,ok,,process,66
0.1,ec9d1b29-a9aa-4c3b-9932-1cb0b3c01d02,1787670640120,84067,windows_pdh,process_gpu_pct,14.749783860133578,percent,ok,,process,
0.1,ec9d1b29-a9aa-4c3b-9932-1cb0b3c01d02,1787670641110,85057,psutil,process_cpu_pct_raw,533.0,percent,ok,,process,
0.1,ec9d1b29-a9aa-4c3b-9932-1cb0b3c01d02,1787670641110,85057,psutil,process_cpu_pct,26.65,percent,ok,,process,
0.1,ec9d1b29-a9aa-4c3b-9932-1cb0b3c01d02,1787670641110,85057,psutil,process_memory_mb,7695.703125,MiB,ok,,process,
0.1,ec9d1b29-a9aa-4c3b-9932-1cb0b3c01d02,1787670641110,85057,win32_foreground,game_foreground,1.0,boolean,ok,,process,
0.1,ec9d1b29-a9aa-4c3b-9932-1cb0b3c01d02,1787670638000,81947,presentmon,app_fps,16.328067371526924,fps,ok,,process,17
0.1,ec9d1b29-a9aa-4c3b-9932-1cb0b3c01d02,1787670638000,81947,presentmon,frame_time_avg_ms,61.24423529411765,ms,ok,,process,17
0.1,ec9d1b29-a9aa-4c3b-9932-1cb0b3c01d02,1787670638000,81947,presentmon,frame_time_p95_ms,822.7178,ms,ok,,process,17
0.1,ec9d1b29-a9aa-4c3b-9932-1cb0b3c01d02,1787670638000,81947,presentmon,gpu_busy_median_ms,8.8294,ms,ok,,process,17
0.1,ec9d1b29-a9aa-4c3b-9932-1cb0b3c01d02,1787670638000,81947,presentmon,gpu_busy_p95_ms,32.056,ms,ok,,process,17
0.1,ec9d1b29-a9aa-4c3b-9932-1cb0b3c01d02,1787670641110,85057,windows_pdh,process_gpu_pct,67.77904333131053,percent,ok,,process,
0.1,ec9d1b29-a9aa-4c3b-9932-1cb0b3c01d02,1787670642116,86063,psutil,process_cpu_pct_raw,669.6,percent,ok,,process,
0.1,ec9d1b29-a9aa-4c3b-9932-1cb0b3c01d02,1787670642116,86063,psutil,process_cpu_pct,33.480000000000004,percent,ok,,process,
0.1,ec9d1b29-a9aa-4c3b-9932-1cb0b3c01d02,1787670642116,86063,psutil,process_memory_mb,7702.72265625,MiB,ok,,process,
0.1,ec9d1b29-a9aa-4c3b-9932-1cb0b3c01d02,1787670642116,86063,win32_foreground,game_foreground,1.0,boolean,ok,,process,
0.1,ec9d1b29-a9aa-4c3b-9932-1cb0b3c01d02,1787670639000,82947,presentmon,app_fps,31.30641350491892,fps,ok,,process,30
0.1,ec9d1b29-a9aa-4c3b-9932-1cb0b3c01d02,1787670639000,82947,presentmon,frame_time_avg_ms,31.942336666666666,ms,ok,,process,30
0.1,ec9d1b29-a9aa-4c3b-9932-1cb0b3c01d02,1787670639000,82947,presentmon,frame_time_p95_ms,55.5352,ms,ok,,process,30
0.1,ec9d1b29-a9aa-4c3b-9932-1cb0b3c01d02,1787670639000,82947,presentmon,gpu_busy_median_ms,21.01175,ms,ok,,process,30
0.1,ec9d1b29-a9aa-4c3b-9932-1cb0b3c01d02,1787670639000,82947,presentmon,gpu_busy_p95_ms,31.6873,ms,ok,,process,30
0.1,ec9d1b29-a9aa-4c3b-9932-1cb0b3c01d02,1787670642116,86063,windows_pdh,process_gpu_pct,84.09073341702498,percent,ok,,process,
0.1,ec9d1b29-a9aa-4c3b-9932-1cb0b3c01d02,1787670643106,87053,psutil,process_cpu_pct_raw,667.8,percent,ok,,process,
0.1,ec9d1b29-a9aa-4c3b-9932-1cb0b3c01d02,1787670643106,87053,psutil,process_cpu_pct,33.39,percent,ok,,process,
0.1,ec9d1b29-a9aa-4c3b-9932-1cb0b3c01d02,1787670643106,87053,psutil,process_memory_mb,7707.39453125,MiB,ok,,process,
0.1,ec9d1b29-a9aa-4c3b-9932-1cb0b3c01d02,1787670643106,87053,win32_foreground,game_foreground,1.0,boolean,ok,,process,
0.1,ec9d1b29-a9aa-4c3b-9932-1cb0b3c01d02,1787670640000,83947,presentmon,app_fps,39.23636377904132,fps,ok,,process,39
0.1,ec9d1b29-a9aa-4c3b-9932-1cb0b3c01d02,1787670640000,83947,presentmon,frame_time_avg_ms,25.48656153846154,ms,ok,,process,39
0.1,ec9d1b29-a9aa-4c3b-9932-1cb0b3c01d02,1787670640000,83947,presentmon,frame_time_p95_ms,33.5021,ms,ok,,process,39
0.1,ec9d1b29-a9aa-4c3b-9932-1cb0b3c01d02,1787670640000,83947,presentmon,gpu_busy_median_ms,21.848,ms,ok,,process,39
0.1,ec9d1b29-a9aa-4c3b-9932-1cb0b3c01d02,1787670640000,83947,presentmon,gpu_busy_p95_ms,24.2826,ms,ok,,process,39
0.1,ec9d1b29-a9aa-4c3b-9932-1cb0b3c01d02,1787670643106,87053,windows_pdh,process_gpu_pct,70.95382232207591,percent,ok,,process,
0.1,ec9d1b29-a9aa-4c3b-9932-1cb0b3c01d02,1787670644112,88059,psutil,process_cpu_pct_raw,583.4,percent,ok,,process,
0.1,ec9d1b29-a9aa-4c3b-9932-1cb0b3c01d02,1787670644112,88059,psutil,process_cpu_pct,29.169999999999998,percent,ok,,process,
0.1,ec9d1b29-a9aa-4c3b-9932-1cb0b3c01d02,1787670644112,88059,psutil,process_memory_mb,7708.94140625,MiB,ok,,process,
0.1,ec9d1b29-a9aa-4c3b-9932-1cb0b3c01d02,1787670644112,88059,win32_foreground,game_foreground,1.0,boolean,ok,,process,
0.1,ec9d1b29-a9aa-4c3b-9932-1cb0b3c01d02,1787670641000,84947,presentmon,app_fps,32.76399439556983,fps,ok,,process,33
0.1,ec9d1b29-a9aa-4c3b-9932-1cb0b3c01d02,1787670641000,84947,presentmon,frame_time_avg_ms,30.521309090909092,ms,ok,,process,33
0.1,ec9d1b29-a9aa-4c3b-9932-1cb0b3c01d02,1787670641000,84947,presentmon,frame_time_p95_ms,40.9631,ms,ok,,process,33
0.1,ec9d1b29-a9aa-4c3b-9932-1cb0b3c01d02,1787670641000,84947,presentmon,gpu_busy_median_ms,21.2444,ms,ok,,process,33
0.1,ec9d1b29-a9aa-4c3b-9932-1cb0b3c01d02,1787670641000,84947,presentmon,gpu_busy_p95_ms,24.1968,ms,ok,,process,33
0.1,ec9d1b29-a9aa-4c3b-9932-1cb0b3c01d02,1787670644112,88059,windows_pdh,process_gpu_pct,73.61096834319284,percent,ok,,process,
0.1,ec9d1b29-a9aa-4c3b-9932-1cb0b3c01d02,1787670644112,88059,nvidia-smi,device_gpu_util_pct,67.0,percent,ok,,device,
0.1,ec9d1b29-a9aa-4c3b-9932-1cb0b3c01d02,1787670644112,88059,nvidia-smi,device_vram_used_mb,5028.0,MiB,ok,,device,
0.1,ec9d1b29-a9aa-4c3b-9932-1cb0b3c01d02,1787670644112,88059,nvidia-smi,device_gpu_temperature_c,61.0,celsius,ok,,device,
0.1,ec9d1b29-a9aa-4c3b-9932-1cb0b3c01d02,1787670644112,88059,nvidia-smi,device_gpu_power_w,136.12,watt,ok,,device,
0.1,ec9d1b29-a9aa-4c3b-9932-1cb0b3c01d02,1787670644112,88059,nvidia-smi,device_gpu_clock_mhz,1980.0,MHz,ok,,device,
0.1,ec9d1b29-a9aa-4c3b-9932-1cb0b3c01d02,1787670645117,89064,psutil,process_cpu_pct_raw,535.9,percent,ok,,process,
0.1,ec9d1b29-a9aa-4c3b-9932-1cb0b3c01d02,1787670645117,89064,psutil,process_cpu_pct,26.794999999999998,percent,ok,,process,
0.1,ec9d1b29-a9aa-4c3b-9932-1cb0b3c01d02,1787670645117,89064,psutil,process_memory_mb,7709.68359375,MiB,ok,,process,
0.1,ec9d1b29-a9aa-4c3b-9932-1cb0b3c01d02,1787670645117,89064,win32_foreground,game_foreground,1.0,boolean,ok,,process,
0.1,ec9d1b29-a9aa-4c3b-9932-1cb0b3c01d02,1787670642000,85947,presentmon,app_fps,36.834634591465075,fps,ok,,process,37
0.1,ec9d1b29-a9aa-4c3b-9932-1cb0b3c01d02,1787670642000,85947,presentmon,frame_time_avg_ms,27.148362162162165,ms,ok,,process,37
0.1,ec9d1b29-a9aa-4c3b-9932-1cb0b3c01d02,1787670642000,85947,presentmon,frame_time_p95_ms,41.7472,ms,ok,,process,37
0.1,ec9d1b29-a9aa-4c3b-9932-1cb0b3c01d02,1787670642000,85947,presentmon,gpu_busy_median_ms,19.4793,ms,ok,,process,37
0.1,ec9d1b29-a9aa-4c3b-9932-1cb0b3c01d02,1787670642000,85947,presentmon,gpu_busy_p95_ms,26.2657,ms,ok,,process,37
0.1,ec9d1b29-a9aa-4c3b-9932-1cb0b3c01d02,1787670645117,89064,windows_pdh,process_gpu_pct,89.29510656174558,percent,ok,,process,
0.1,ec9d1b29-a9aa-4c3b-9932-1cb0b3c01d02,1787670646107,90054,psutil,process_cpu_pct_raw,598.0,percent,ok,,process,
0.1,ec9d1b29-a9aa-4c3b-9932-1cb0b3c01d02,1787670646107,90054,psutil,process_cpu_pct,29.9,percent,ok,,process,
0.1,ec9d1b29-a9aa-4c3b-9932-1cb0b3c01d02,1787670646107,90054,psutil,process_memory_mb,7710.77734375,MiB,ok,,process,
0.1,ec9d1b29-a9aa-4c3b-9932-1cb0b3c01d02,1787670646107,90054,win32_foreground,game_foreground,1.0,boolean,ok,,process,
0.1,ec9d1b29-a9aa-4c3b-9932-1cb0b3c01d02,1787670643000,86947,presentmon,app_fps,41.50321822027722,fps,ok,,process,41
0.1,ec9d1b29-a9aa-4c3b-9932-1cb0b3c01d02,1787670643000,86947,presentmon,frame_time_avg_ms,24.09451707317073,ms,ok,,process,41
0.1,ec9d1b29-a9aa-4c3b-9932-1cb0b3c01d02,1787670643000,86947,presentmon,frame_time_p95_ms,32.5078,ms,ok,,process,41
0.1,ec9d1b29-a9aa-4c3b-9932-1cb0b3c01d02,1787670643000,86947,presentmon,gpu_busy_median_ms,21.4665,ms,ok,,process,41
0.1,ec9d1b29-a9aa-4c3b-9932-1cb0b3c01d02,1787670643000,86947,presentmon,gpu_busy_p95_ms,23.9174,ms,ok,,process,41
0.1,ec9d1b29-a9aa-4c3b-9932-1cb0b3c01d02,1787670646107,90054,windows_pdh,process_gpu_pct,68.97334907783898,percent,ok,,process,
0.1,ec9d1b29-a9aa-4c3b-9932-1cb0b3c01d02,1787670647113,91060,psutil,process_cpu_pct_raw,524.9,percent,ok,,process,
0.1,ec9d1b29-a9aa-4c3b-9932-1cb0b3c01d02,1787670647113,91060,psutil,process_cpu_pct,26.244999999999997,percent,ok,,process,
0.1,ec9d1b29-a9aa-4c3b-9932-1cb0b3c01d02,1787670647113,91060,psutil,process_memory_mb,7710.75390625,MiB,ok,,process,
0.1,ec9d1b29-a9aa-4c3b-9932-1cb0b3c01d02,1787670647113,91060,win32_foreground,game_foreground,1.0,boolean,ok,,process,
0.1,ec9d1b29-a9aa-4c3b-9932-1cb0b3c01d02,1787670644000,87947,presentmon,app_fps,38.378173801169176,fps,ok,,process,39
0.1,ec9d1b29-a9aa-4c3b-9932-1cb0b3c01d02,1787670644000,87947,presentmon,frame_time_avg_ms,26.05647692307692,ms,ok,,process,39
0.1,ec9d1b29-a9aa-4c3b-9932-1cb0b3c01d02,1787670644000,87947,presentmon,frame_time_p95_ms,37.6773,ms,ok,,process,39
0.1,ec9d1b29-a9aa-4c3b-9932-1cb0b3c01d02,1787670644000,87947,presentmon,gpu_busy_median_ms,17.4744,ms,ok,,process,39
0.1,ec9d1b29-a9aa-4c3b-9932-1cb0b3c01d02,1787670644000,87947,presentmon,gpu_busy_p95_ms,20.2341,ms,ok,,process,39
0.1,ec9d1b29-a9aa-4c3b-9932-1cb0b3c01d02,1787670647113,91060,windows_pdh,process_gpu_pct,73.8592548919492,percent,ok,,process,
0.1,ec9d1b29-a9aa-4c3b-9932-1cb0b3c01d02,1787670648118,92065,psutil,process_cpu_pct_raw,610.9,percent,ok,,process,
0.1,ec9d1b29-a9aa-4c3b-9932-1cb0b3c01d02,1787670648118,92065,psutil,process_cpu_pct,30.544999999999998,percent,ok,,process,
0.1,ec9d1b29-a9aa-4c3b-9932-1cb0b3c01d02,1787670648118,92065,psutil,process_memory_mb,7710.80078125,MiB,ok,,process,
0.1,ec9d1b29-a9aa-4c3b-9932-1cb0b3c01d02,1787670648118,92065,win32_foreground,game_foreground,1.0,boolean,ok,,process,
0.1,ec9d1b29-a9aa-4c3b-9932-1cb0b3c01d02,1787670645000,88947,presentmon,app_fps,43.72028736226458,fps,ok,,process,43
0.1,ec9d1b29-a9aa-4c3b-9932-1cb0b3c01d02,1787670645000,88947,presentmon,frame_time_avg_ms,22.872676744186045,ms,ok,,process,43
0.1,ec9d1b29-a9aa-4c3b-9932-1cb0b3c01d02,1787670645000,88947,presentmon,frame_time_p95_ms,32.4701,ms,ok,,process,43
0.1,ec9d1b29-a9aa-4c3b-9932-1cb0b3c01d02,1787670645000,88947,presentmon,gpu_busy_median_ms,16.797,ms,ok,,process,43
0.1,ec9d1b29-a9aa-4c3b-9932-1cb0b3c01d02,1787670645000,88947,presentmon,gpu_busy_p95_ms,18.2776,ms,ok,,process,43
0.1,ec9d1b29-a9aa-4c3b-9932-1cb0b3c01d02,1787670648118,92065,windows_pdh,process_gpu_pct,93.92771887857336,percent,ok,,process,
0.1,ec9d1b29-a9aa-4c3b-9932-1cb0b3c01d02,1787670649109,93056,psutil,process_cpu_pct_raw,579.0,percent,ok,,process,
0.1,ec9d1b29-a9aa-4c3b-9932-1cb0b3c01d02,1787670649109,93056,psutil,process_cpu_pct,28.95,percent,ok,,process,
0.1,ec9d1b29-a9aa-4c3b-9932-1cb0b3c01d02,1787670649109,93056,psutil,process_memory_mb,7711.16015625,MiB,ok,,process,
0.1,ec9d1b29-a9aa-4c3b-9932-1cb0b3c01d02,1787670649109,93056,win32_foreground,game_foreground,1.0,boolean,ok,,process,
0.1,ec9d1b29-a9aa-4c3b-9932-1cb0b3c01d02,1787670646000,89947,presentmon,app_fps,48.71236808019686,fps,ok,,process,49
0.1,ec9d1b29-a9aa-4c3b-9932-1cb0b3c01d02,1787670646000,89947,presentmon,frame_time_avg_ms,20.528667346938775,ms,ok,,process,49
0.1,ec9d1b29-a9aa-4c3b-9932-1cb0b3c01d02,1787670646000,89947,presentmon,frame_time_p95_ms,28.813,ms,ok,,process,49
0.1,ec9d1b29-a9aa-4c3b-9932-1cb0b3c01d02,1787670646000,89947,presentmon,gpu_busy_median_ms,19.4222,ms,ok,,process,49
0.1,ec9d1b29-a9aa-4c3b-9932-1cb0b3c01d02,1787670646000,89947,presentmon,gpu_busy_p95_ms,21.5537,ms,ok,,process,49
0.1,ec9d1b29-a9aa-4c3b-9932-1cb0b3c01d02,1787670649109,93056,windows_pdh,process_gpu_pct,74.34983226353293,percent,ok,,process,
0.1,ec9d1b29-a9aa-4c3b-9932-1cb0b3c01d02,1787670650114,94061,psutil,process_cpu_pct_raw,523.4,percent,ok,,process,
0.1,ec9d1b29-a9aa-4c3b-9932-1cb0b3c01d02,1787670650114,94061,psutil,process_cpu_pct,26.169999999999998,percent,ok,,process,
0.1,ec9d1b29-a9aa-4c3b-9932-1cb0b3c01d02,1787670650114,94061,psutil,process_memory_mb,7715.28125,MiB,ok,,process,
0.1,ec9d1b29-a9aa-4c3b-9932-1cb0b3c01d02,1787670650114,94061,win32_foreground,game_foreground,1.0,boolean,ok,,process,
0.1,ec9d1b29-a9aa-4c3b-9932-1cb0b3c01d02,1787670647000,90947,presentmon,app_fps,39.024280907580696,fps,ok,,process,39
0.1,ec9d1b29-a9aa-4c3b-9932-1cb0b3c01d02,1787670647000,90947,presentmon,frame_time_avg_ms,25.625071794871793,ms,ok,,process,39
0.1,ec9d1b29-a9aa-4c3b-9932-1cb0b3c01d02,1787670647000,90947,presentmon,frame_time_p95_ms,37.898,ms,ok,,process,39
0.1,ec9d1b29-a9aa-4c3b-9932-1cb0b3c01d02,1787670647000,90947,presentmon,gpu_busy_median_ms,19.0146,ms,ok,,process,39
0.1,ec9d1b29-a9aa-4c3b-9932-1cb0b3c01d02,1787670647000,90947,presentmon,gpu_busy_p95_ms,21.6132,ms,ok,,process,39
0.1,ec9d1b29-a9aa-4c3b-9932-1cb0b3c01d02,1787670650114,94061,windows_pdh,process_gpu_pct,87.60640008923316,percent,ok,,process,
0.1,ec9d1b29-a9aa-4c3b-9932-1cb0b3c01d02,1787670650114,94061,nvidia-smi,device_gpu_util_pct,78.0,percent,ok,,device,
0.1,ec9d1b29-a9aa-4c3b-9932-1cb0b3c01d02,1787670650114,94061,nvidia-smi,device_vram_used_mb,5053.0,MiB,ok,,device,
0.1,ec9d1b29-a9aa-4c3b-9932-1cb0b3c01d02,1787670650114,94061,nvidia-smi,device_gpu_temperature_c,61.0,celsius,ok,,device,
0.1,ec9d1b29-a9aa-4c3b-9932-1cb0b3c01d02,1787670650114,94061,nvidia-smi,device_gpu_power_w,143.55,watt,ok,,device,
0.1,ec9d1b29-a9aa-4c3b-9932-1cb0b3c01d02,1787670650114,94061,nvidia-smi,device_gpu_clock_mhz,1980.0,MHz,ok,,device,
0.1,ec9d1b29-a9aa-4c3b-9932-1cb0b3c01d02,1787670651120,95067,psutil,process_cpu_pct_raw,728.1,percent,ok,,process,
0.1,ec9d1b29-a9aa-4c3b-9932-1cb0b3c01d02,1787670651120,95067,psutil,process_cpu_pct,36.405,percent,ok,,process,
0.1,ec9d1b29-a9aa-4c3b-9932-1cb0b3c01d02,1787670651120,95067,psutil,process_memory_mb,7712.99609375,MiB,ok,,process,
0.1,ec9d1b29-a9aa-4c3b-9932-1cb0b3c01d02,1787670651120,95067,win32_foreground,game_foreground,1.0,boolean,ok,,process,
0.1,ec9d1b29-a9aa-4c3b-9932-1cb0b3c01d02,1787670648000,91947,presentmon,app_fps,47.77518431516811,fps,ok,,process,48
0.1,ec9d1b29-a9aa-4c3b-9932-1cb0b3c01d02,1787670648000,91947,presentmon,frame_time_avg_ms,20.93136875,ms,ok,,process,48
0.1,ec9d1b29-a9aa-4c3b-9932-1cb0b3c01d02,1787670648000,91947,presentmon,frame_time_p95_ms,32.6272,ms,ok,,process,48
0.1,ec9d1b29-a9aa-4c3b-9932-1cb0b3c01d02,1787670648000,91947,presentmon,gpu_busy_median_ms,18.23535,ms,ok,,process,48
0.1,ec9d1b29-a9aa-4c3b-9932-1cb0b3c01d02,1787670648000,91947,presentmon,gpu_busy_p95_ms,19.9799,ms,ok,,process,48
0.1,ec9d1b29-a9aa-4c3b-9932-1cb0b3c01d02,1787670651120,95067,windows_pdh,process_gpu_pct,84.33717378924709,percent,ok,,process,
0.1,ec9d1b29-a9aa-4c3b-9932-1cb0b3c01d02,1787670652110,96057,psutil,process_cpu_pct_raw,544.1,percent,ok,,process,
0.1,ec9d1b29-a9aa-4c3b-9932-1cb0b3c01d02,1787670652110,96057,psutil,process_cpu_pct,27.205000000000002,percent,ok,,process,
0.1,ec9d1b29-a9aa-4c3b-9932-1cb0b3c01d02,1787670652110,96057,psutil,process_memory_mb,7714.02734375,MiB,ok,,process,
0.1,ec9d1b29-a9aa-4c3b-9932-1cb0b3c01d02,1787670652110,96057,win32_foreground,game_foreground,1.0,boolean,ok,,process,
0.1,ec9d1b29-a9aa-4c3b-9932-1cb0b3c01d02,1787670649000,92947,presentmon,app_fps,38.7264133800354,fps,ok,,process,39
0.1,ec9d1b29-a9aa-4c3b-9932-1cb0b3c01d02,1787670649000,92947,presentmon,frame_time_avg_ms,25.82216923076923,ms,ok,,process,39
0.1,ec9d1b29-a9aa-4c3b-9932-1cb0b3c01d02,1787670649000,92947,presentmon,frame_time_p95_ms,39.5437,ms,ok,,process,39
0.1,ec9d1b29-a9aa-4c3b-9932-1cb0b3c01d02,1787670649000,92947,presentmon,gpu_busy_median_ms,21.9877,ms,ok,,process,39
0.1,ec9d1b29-a9aa-4c3b-9932-1cb0b3c01d02,1787670649000,92947,presentmon,gpu_busy_p95_ms,23.2054,ms,ok,,process,39
0.1,ec9d1b29-a9aa-4c3b-9932-1cb0b3c01d02,1787670652110,96057,windows_pdh,process_gpu_pct,77.31636456016957,percent,ok,,process,
0.1,ec9d1b29-a9aa-4c3b-9932-1cb0b3c01d02,1787670653116,97063,psutil,process_cpu_pct_raw,757.4,percent,ok,,process,
0.1,ec9d1b29-a9aa-4c3b-9932-1cb0b3c01d02,1787670653116,97063,psutil,process_cpu_pct,37.87,percent,ok,,process,
0.1,ec9d1b29-a9aa-4c3b-9932-1cb0b3c01d02,1787670653116,97063,psutil,process_memory_mb,7715.796875,MiB,ok,,process,
0.1,ec9d1b29-a9aa-4c3b-9932-1cb0b3c01d02,1787670653116,97063,win32_foreground,game_foreground,1.0,boolean,ok,,process,
0.1,ec9d1b29-a9aa-4c3b-9932-1cb0b3c01d02,1787670650000,93947,presentmon,app_fps,33.3453073300564,fps,ok,,process,33
0.1,ec9d1b29-a9aa-4c3b-9932-1cb0b3c01d02,1787670650000,93947,presentmon,frame_time_avg_ms,29.989227272727273,ms,ok,,process,33
0.1,ec9d1b29-a9aa-4c3b-9932-1cb0b3c01d02,1787670650000,93947,presentmon,frame_time_p95_ms,39.2497,ms,ok,,process,33
0.1,ec9d1b29-a9aa-4c3b-9932-1cb0b3c01d02,1787670650000,93947,presentmon,gpu_busy_median_ms,23.3365,ms,ok,,process,33
0.1,ec9d1b29-a9aa-4c3b-9932-1cb0b3c01d02,1787670650000,93947,presentmon,gpu_busy_p95_ms,25.0801,ms,ok,,process,33
0.1,ec9d1b29-a9aa-4c3b-9932-1cb0b3c01d02,1787670653116,97063,windows_pdh,process_gpu_pct,81.61387779337362,percent,ok,,process,
0.1,ec9d1b29-a9aa-4c3b-9932-1cb0b3c01d02,1787670654106,98053,psutil,process_cpu_pct_raw,653.6,percent,ok,,process,
0.1,ec9d1b29-a9aa-4c3b-9932-1cb0b3c01d02,1787670654106,98053,psutil,process_cpu_pct,32.68,percent,ok,,process,
0.1,ec9d1b29-a9aa-4c3b-9932-1cb0b3c01d02,1787670654106,98053,psutil,process_memory_mb,7721.10546875,MiB,ok,,process,
0.1,ec9d1b29-a9aa-4c3b-9932-1cb0b3c01d02,1787670654106,98053,win32_foreground,game_foreground,1.0,boolean,ok,,process,
0.1,ec9d1b29-a9aa-4c3b-9932-1cb0b3c01d02,1787670651000,94947,presentmon,app_fps,37.670294514293104,fps,ok,,process,38
0.1,ec9d1b29-a9aa-4c3b-9932-1cb0b3c01d02,1787670651000,94947,presentmon,frame_time_avg_ms,26.546115789473685,ms,ok,,process,38
0.1,ec9d1b29-a9aa-4c3b-9932-1cb0b3c01d02,1787670651000,94947,presentmon,frame_time_p95_ms,40.1679,ms,ok,,process,38
0.1,ec9d1b29-a9aa-4c3b-9932-1cb0b3c01d02,1787670651000,94947,presentmon,gpu_busy_median_ms,21.472749999999998,ms,ok,,process,38
0.1,ec9d1b29-a9aa-4c3b-9932-1cb0b3c01d02,1787670651000,94947,presentmon,gpu_busy_p95_ms,24.5907,ms,ok,,process,38
0.1,ec9d1b29-a9aa-4c3b-9932-1cb0b3c01d02,1787670654106,98053,windows_pdh,process_gpu_pct,90.59492466471572,percent,ok,,process,
0.1,ec9d1b29-a9aa-4c3b-9932-1cb0b3c01d02,1787670655111,99058,psutil,process_cpu_pct_raw,621.9,percent,ok,,process,
0.1,ec9d1b29-a9aa-4c3b-9932-1cb0b3c01d02,1787670655111,99058,psutil,process_cpu_pct,31.095,percent,ok,,process,
0.1,ec9d1b29-a9aa-4c3b-9932-1cb0b3c01d02,1787670655111,99058,psutil,process_memory_mb,7720.66796875,MiB,ok,,process,
0.1,ec9d1b29-a9aa-4c3b-9932-1cb0b3c01d02,1787670655111,99058,win32_foreground,game_foreground,1.0,boolean,ok,,process,
0.1,ec9d1b29-a9aa-4c3b-9932-1cb0b3c01d02,1787670652000,95947,presentmon,app_fps,42.76013275927358,fps,ok,,process,43
0.1,ec9d1b29-a9aa-4c3b-9932-1cb0b3c01d02,1787670652000,95947,presentmon,frame_time_avg_ms,23.38626976744186,ms,ok,,process,43
0.1,ec9d1b29-a9aa-4c3b-9932-1cb0b3c01d02,1787670652000,95947,presentmon,frame_time_p95_ms,33.1935,ms,ok,,process,43
0.1,ec9d1b29-a9aa-4c3b-9932-1cb0b3c01d02,1787670652000,95947,presentmon,gpu_busy_median_ms,21.1154,ms,ok,,process,43
0.1,ec9d1b29-a9aa-4c3b-9932-1cb0b3c01d02,1787670652000,95947,presentmon,gpu_busy_p95_ms,21.9389,ms,ok,,process,43
0.1,ec9d1b29-a9aa-4c3b-9932-1cb0b3c01d02,1787670655111,99058,windows_pdh,process_gpu_pct,72.80688898878579,percent,ok,,process,
0.1,ec9d1b29-a9aa-4c3b-9932-1cb0b3c01d02,1787670655111,99058,nvidia-smi,device_gpu_util_pct,72.0,percent,ok,,device,
0.1,ec9d1b29-a9aa-4c3b-9932-1cb0b3c01d02,1787670655111,99058,nvidia-smi,device_vram_used_mb,5053.0,MiB,ok,,device,
0.1,ec9d1b29-a9aa-4c3b-9932-1cb0b3c01d02,1787670655111,99058,nvidia-smi,device_gpu_temperature_c,60.0,celsius,ok,,device,
0.1,ec9d1b29-a9aa-4c3b-9932-1cb0b3c01d02,1787670655111,99058,nvidia-smi,device_gpu_power_w,133.19,watt,ok,,device,
0.1,ec9d1b29-a9aa-4c3b-9932-1cb0b3c01d02,1787670655111,99058,nvidia-smi,device_gpu_clock_mhz,1965.0,MHz,ok,,device,
0.1,ec9d1b29-a9aa-4c3b-9932-1cb0b3c01d02,1787670656117,100064,psutil,process_cpu_pct_raw,762.5,percent,ok,,process,
0.1,ec9d1b29-a9aa-4c3b-9932-1cb0b3c01d02,1787670656117,100064,psutil,process_cpu_pct,38.125,percent,ok,,process,
0.1,ec9d1b29-a9aa-4c3b-9932-1cb0b3c01d02,1787670656117,100064,psutil,process_memory_mb,7722.5,MiB,ok,,process,
0.1,ec9d1b29-a9aa-4c3b-9932-1cb0b3c01d02,1787670656117,100064,win32_foreground,game_foreground,1.0,boolean,ok,,process,
0.1,ec9d1b29-a9aa-4c3b-9932-1cb0b3c01d02,1787670653000,96947,presentmon,app_fps,34.275738029727755,fps,ok,,process,34
0.1,ec9d1b29-a9aa-4c3b-9932-1cb0b3c01d02,1787670653000,96947,presentmon,frame_time_avg_ms,29.17515588235294,ms,ok,,process,34
0.1,ec9d1b29-a9aa-4c3b-9932-1cb0b3c01d02,1787670653000,96947,presentmon,frame_time_p95_ms,40.3437,ms,ok,,process,34
0.1,ec9d1b29-a9aa-4c3b-9932-1cb0b3c01d02,1787670653000,96947,presentmon,gpu_busy_median_ms,21.22645,ms,ok,,process,34
0.1,ec9d1b29-a9aa-4c3b-9932-1cb0b3c01d02,1787670653000,96947,presentmon,gpu_busy_p95_ms,22.5627,ms,ok,,process,34
0.1,ec9d1b29-a9aa-4c3b-9932-1cb0b3c01d02,1787670656117,100064,windows_pdh,process_gpu_pct,85.38732320761895,percent,ok,,process,
0.1,ec9d1b29-a9aa-4c3b-9932-1cb0b3c01d02,1787670657107,101054,psutil,process_cpu_pct_raw,590.1,percent,ok,,process,
0.1,ec9d1b29-a9aa-4c3b-9932-1cb0b3c01d02,1787670657107,101054,psutil,process_cpu_pct,29.505000000000003,percent,ok,,process,
0.1,ec9d1b29-a9aa-4c3b-9932-1cb0b3c01d02,1787670657107,101054,psutil,process_memory_mb,7720.82421875,MiB,ok,,process,
0.1,ec9d1b29-a9aa-4c3b-9932-1cb0b3c01d02,1787670657107,101054,win32_foreground,game_foreground,1.0,boolean,ok,,process,
0.1,ec9d1b29-a9aa-4c3b-9932-1cb0b3c01d02,1787670654000,97947,presentmon,app_fps,40.61177991379947,fps,ok,,process,40
0.1,ec9d1b29-a9aa-4c3b-9932-1cb0b3c01d02,1787670654000,97947,presentmon,frame_time_avg_ms,24.623397500000003,ms,ok,,process,40
0.1,ec9d1b29-a9aa-4c3b-9932-1cb0b3c01d02,1787670654000,97947,presentmon,frame_time_p95_ms,36.3982,ms,ok,,process,40
0.1,ec9d1b29-a9aa-4c3b-9932-1cb0b3c01d02,1787670654000,97947,presentmon,gpu_busy_median_ms,20.93805,ms,ok,,process,40
0.1,ec9d1b29-a9aa-4c3b-9932-1cb0b3c01d02,1787670654000,97947,presentmon,gpu_busy_p95_ms,22.3187,ms,ok,,process,40
0.1,ec9d1b29-a9aa-4c3b-9932-1cb0b3c01d02,1787670657107,101054,windows_pdh,process_gpu_pct,90.01771982745737,percent,ok,,process,
0.1,ec9d1b29-a9aa-4c3b-9932-1cb0b3c01d02,1787670658113,102060,psutil,process_cpu_pct_raw,708.1,percent,ok,,process,
0.1,ec9d1b29-a9aa-4c3b-9932-1cb0b3c01d02,1787670658113,102060,psutil,process_cpu_pct,35.405,percent,ok,,process,
0.1,ec9d1b29-a9aa-4c3b-9932-1cb0b3c01d02,1787670658113,102060,psutil,process_memory_mb,7721.11328125,MiB,ok,,process,
0.1,ec9d1b29-a9aa-4c3b-9932-1cb0b3c01d02,1787670658113,102060,win32_foreground,game_foreground,1.0,boolean,ok,,process,
0.1,ec9d1b29-a9aa-4c3b-9932-1cb0b3c01d02,1787670655000,98947,presentmon,app_fps,42.20688618108266,fps,ok,,process,43
0.1,ec9d1b29-a9aa-4c3b-9932-1cb0b3c01d02,1787670655000,98947,presentmon,frame_time_avg_ms,23.692816279069767,ms,ok,,process,43
0.1,ec9d1b29-a9aa-4c3b-9932-1cb0b3c01d02,1787670655000,98947,presentmon,frame_time_p95_ms,32.6358,ms,ok,,process,43
0.1,ec9d1b29-a9aa-4c3b-9932-1cb0b3c01d02,1787670655000,98947,presentmon,gpu_busy_median_ms,21.0743,ms,ok,,process,43
0.1,ec9d1b29-a9aa-4c3b-9932-1cb0b3c01d02,1787670655000,98947,presentmon,gpu_busy_p95_ms,22.6358,ms,ok,,process,43
0.1,ec9d1b29-a9aa-4c3b-9932-1cb0b3c01d02,1787670658113,102060,windows_pdh,process_gpu_pct,70.62520903687273,percent,ok,,process,
0.1,ec9d1b29-a9aa-4c3b-9932-1cb0b3c01d02,1787670659103,103050,psutil,process_cpu_pct_raw,686.9,percent,ok,,process,
0.1,ec9d1b29-a9aa-4c3b-9932-1cb0b3c01d02,1787670659103,103050,psutil,process_cpu_pct,34.345,percent,ok,,process,
0.1,ec9d1b29-a9aa-4c3b-9932-1cb0b3c01d02,1787670659103,103050,psutil,process_memory_mb,7726.0859375,MiB,ok,,process,
0.1,ec9d1b29-a9aa-4c3b-9932-1cb0b3c01d02,1787670659103,103050,win32_foreground,game_foreground,1.0,boolean,ok,,process,
0.1,ec9d1b29-a9aa-4c3b-9932-1cb0b3c01d02,1787670656000,99947,presentmon,app_fps,31.38897532107631,fps,ok,,process,31
0.1,ec9d1b29-a9aa-4c3b-9932-1cb0b3c01d02,1787670656000,99947,presentmon,frame_time_avg_ms,31.85831935483871,ms,ok,,process,31
0.1,ec9d1b29-a9aa-4c3b-9932-1cb0b3c01d02,1787670656000,99947,presentmon,frame_time_p95_ms,40.9451,ms,ok,,process,31
0.1,ec9d1b29-a9aa-4c3b-9932-1cb0b3c01d02,1787670656000,99947,presentmon,gpu_busy_median_ms,22.0893,ms,ok,,process,31
0.1,ec9d1b29-a9aa-4c3b-9932-1cb0b3c01d02,1787670656000,99947,presentmon,gpu_busy_p95_ms,25.1584,ms,ok,,process,31
0.1,ec9d1b29-a9aa-4c3b-9932-1cb0b3c01d02,1787670659103,103050,windows_pdh,process_gpu_pct,80.29051137831684,percent,ok,,process,
0.1,ec9d1b29-a9aa-4c3b-9932-1cb0b3c01d02,1787670660108,104055,psutil,process_cpu_pct_raw,684.4,percent,ok,,process,
0.1,ec9d1b29-a9aa-4c3b-9932-1cb0b3c01d02,1787670660108,104055,psutil,process_cpu_pct,34.22,percent,ok,,process,
0.1,ec9d1b29-a9aa-4c3b-9932-1cb0b3c01d02,1787670660108,104055,psutil,process_memory_mb,7726.66015625,MiB,ok,,process,
0.1,ec9d1b29-a9aa-4c3b-9932-1cb0b3c01d02,1787670660108,104055,win32_foreground,game_foreground,1.0,boolean,ok,,process,
0.1,ec9d1b29-a9aa-4c3b-9932-1cb0b3c01d02,1787670657000,100947,presentmon,app_fps,37.16513958121517,fps,ok,,process,37
0.1,ec9d1b29-a9aa-4c3b-9932-1cb0b3c01d02,1787670657000,100947,presentmon,frame_time_avg_ms,26.906935135135136,ms,ok,,process,37
0.1,ec9d1b29-a9aa-4c3b-9932-1cb0b3c01d02,1787670657000,100947,presentmon,frame_time_p95_ms,40.1241,ms,ok,,process,37
0.1,ec9d1b29-a9aa-4c3b-9932-1cb0b3c01d02,1787670657000,100947,presentmon,gpu_busy_median_ms,21.7875,ms,ok,,process,37
0.1,ec9d1b29-a9aa-4c3b-9932-1cb0b3c01d02,1787670657000,100947,presentmon,gpu_busy_p95_ms,23.5797,ms,ok,,process,37
0.1,ec9d1b29-a9aa-4c3b-9932-1cb0b3c01d02,1787670660108,104055,windows_pdh,process_gpu_pct,89.61266882037376,percent,ok,,process,
0.1,ec9d1b29-a9aa-4c3b-9932-1cb0b3c01d02,1787670661114,105061,psutil,process_cpu_pct_raw,594.2,percent,ok,,process,
0.1,ec9d1b29-a9aa-4c3b-9932-1cb0b3c01d02,1787670661114,105061,psutil,process_cpu_pct,29.71,percent,ok,,process,
0.1,ec9d1b29-a9aa-4c3b-9932-1cb0b3c01d02,1787670661114,105061,psutil,process_memory_mb,7751.19921875,MiB,ok,,process,
0.1,ec9d1b29-a9aa-4c3b-9932-1cb0b3c01d02,1787670661114,105061,win32_foreground,game_foreground,1.0,boolean,ok,,process,
0.1,ec9d1b29-a9aa-4c3b-9932-1cb0b3c01d02,1787670658000,101947,presentmon,app_fps,43.06776281801787,fps,ok,,process,43
0.1,ec9d1b29-a9aa-4c3b-9932-1cb0b3c01d02,1787670658000,101947,presentmon,frame_time_avg_ms,23.219223255813954,ms,ok,,process,43
0.1,ec9d1b29-a9aa-4c3b-9932-1cb0b3c01d02,1787670658000,101947,presentmon,frame_time_p95_ms,30.4579,ms,ok,,process,43
0.1,ec9d1b29-a9aa-4c3b-9932-1cb0b3c01d02,1787670658000,101947,presentmon,gpu_busy_median_ms,20.463,ms,ok,,process,43
0.1,ec9d1b29-a9aa-4c3b-9932-1cb0b3c01d02,1787670658000,101947,presentmon,gpu_busy_p95_ms,22.6615,ms,ok,,process,43
0.1,ec9d1b29-a9aa-4c3b-9932-1cb0b3c01d02,1787670661114,105061,windows_pdh,process_gpu_pct,74.63674132863426,percent,ok,,process,
0.1,ec9d1b29-a9aa-4c3b-9932-1cb0b3c01d02,1787670661114,105061,nvidia-smi,device_gpu_util_pct,76.0,percent,ok,,device,
0.1,ec9d1b29-a9aa-4c3b-9932-1cb0b3c01d02,1787670661114,105061,nvidia-smi,device_vram_used_mb,5031.0,MiB,ok,,device,
0.1,ec9d1b29-a9aa-4c3b-9932-1cb0b3c01d02,1787670661114,105061,nvidia-smi,device_gpu_temperature_c,62.0,celsius,ok,,device,
0.1,ec9d1b29-a9aa-4c3b-9932-1cb0b3c01d02,1787670661114,105061,nvidia-smi,device_gpu_power_w,126.76,watt,ok,,device,
0.1,ec9d1b29-a9aa-4c3b-9932-1cb0b3c01d02,1787670661114,105061,nvidia-smi,device_gpu_clock_mhz,1965.0,MHz,ok,,device,
0.1,ec9d1b29-a9aa-4c3b-9932-1cb0b3c01d02,1787670662104,106051,psutil,process_cpu_pct_raw,666.2,percent,ok,,process,
0.1,ec9d1b29-a9aa-4c3b-9932-1cb0b3c01d02,1787670662104,106051,psutil,process_cpu_pct,33.31,percent,ok,,process,
0.1,ec9d1b29-a9aa-4c3b-9932-1cb0b3c01d02,1787670662104,106051,psutil,process_memory_mb,7759.28515625,MiB,ok,,process,
0.1,ec9d1b29-a9aa-4c3b-9932-1cb0b3c01d02,1787670662104,106051,win32_foreground,game_foreground,1.0,boolean,ok,,process,
0.1,ec9d1b29-a9aa-4c3b-9932-1cb0b3c01d02,1787670662104,106051,windows_pdh,process_gpu_pct,67.4187500383568,percent,ok,,process,
0.1,ec9d1b29-a9aa-4c3b-9932-1cb0b3c01d02,1787670663110,107057,psutil,process_cpu_pct_raw,664.1,percent,ok,,process,
0.1,ec9d1b29-a9aa-4c3b-9932-1cb0b3c01d02,1787670663110,107057,psutil,process_cpu_pct,33.205,percent,ok,,process,
0.1,ec9d1b29-a9aa-4c3b-9932-1cb0b3c01d02,1787670663110,107057,psutil,process_memory_mb,7762.98046875,MiB,ok,,process,
0.1,ec9d1b29-a9aa-4c3b-9932-1cb0b3c01d02,1787670663110,107057,win32_foreground,game_foreground,1.0,boolean,ok,,process,
0.1,ec9d1b29-a9aa-4c3b-9932-1cb0b3c01d02,1787670659000,102947,presentmon,app_fps,34.92667493863383,fps,ok,,process,35
0.1,ec9d1b29-a9aa-4c3b-9932-1cb0b3c01d02,1787670659000,102947,presentmon,frame_time_avg_ms,28.63141142857143,ms,ok,,process,35
0.1,ec9d1b29-a9aa-4c3b-9932-1cb0b3c01d02,1787670659000,102947,presentmon,frame_time_p95_ms,37.4579,ms,ok,,process,35
0.1,ec9d1b29-a9aa-4c3b-9932-1cb0b3c01d02,1787670659000,102947,presentmon,gpu_busy_median_ms,21.4568,ms,ok,,process,35
0.1,ec9d1b29-a9aa-4c3b-9932-1cb0b3c01d02,1787670659000,102947,presentmon,gpu_busy_p95_ms,22.5642,ms,ok,,process,35
0.1,ec9d1b29-a9aa-4c3b-9932-1cb0b3c01d02,1787670660000,103947,presentmon,app_fps,31.95853699410385,fps,ok,,process,32
0.1,ec9d1b29-a9aa-4c3b-9932-1cb0b3c01d02,1787670660000,103947,presentmon,frame_time_avg_ms,31.29054375,ms,ok,,process,32
0.1,ec9d1b29-a9aa-4c3b-9932-1cb0b3c01d02,1787670660000,103947,presentmon,frame_time_p95_ms,64.1157,ms,ok,,process,32
0.1,ec9d1b29-a9aa-4c3b-9932-1cb0b3c01d02,1787670660000,103947,presentmon,gpu_busy_median_ms,20.95805,ms,ok,,process,32
0.1,ec9d1b29-a9aa-4c3b-9932-1cb0b3c01d02,1787670660000,103947,presentmon,gpu_busy_p95_ms,22.5856,ms,ok,,process,32
0.1,ec9d1b29-a9aa-4c3b-9932-1cb0b3c01d02,1787670663110,107057,windows_pdh,process_gpu_pct,85.45089901690132,percent,ok,,process,
0.1,ec9d1b29-a9aa-4c3b-9932-1cb0b3c01d02,1787670664115,108062,psutil,process_cpu_pct_raw,802.0,percent,ok,,process,
0.1,ec9d1b29-a9aa-4c3b-9932-1cb0b3c01d02,1787670664115,108062,psutil,process_cpu_pct,40.1,percent,ok,,process,
0.1,ec9d1b29-a9aa-4c3b-9932-1cb0b3c01d02,1787670664115,108062,psutil,process_memory_mb,7763.76953125,MiB,ok,,process,
0.1,ec9d1b29-a9aa-4c3b-9932-1cb0b3c01d02,1787670664115,108062,win32_foreground,game_foreground,1.0,boolean,ok,,process,
0.1,ec9d1b29-a9aa-4c3b-9932-1cb0b3c01d02,1787670661000,104947,presentmon,app_fps,39.622355368744955,fps,ok,,process,40
0.1,ec9d1b29-a9aa-4c3b-9932-1cb0b3c01d02,1787670661000,104947,presentmon,frame_time_avg_ms,25.238277500000002,ms,ok,,process,40
0.1,ec9d1b29-a9aa-4c3b-9932-1cb0b3c01d02,1787670661000,104947,presentmon,frame_time_p95_ms,36.69,ms,ok,,process,40
0.1,ec9d1b29-a9aa-4c3b-9932-1cb0b3c01d02,1787670661000,104947,presentmon,gpu_busy_median_ms,20.709400000000002,ms,ok,,process,40
0.1,ec9d1b29-a9aa-4c3b-9932-1cb0b3c01d02,1787670661000,104947,presentmon,gpu_busy_p95_ms,27.5616,ms,ok,,process,40
0.1,ec9d1b29-a9aa-4c3b-9932-1cb0b3c01d02,1787670664115,108062,windows_pdh,process_gpu_pct,82.72036999967017,percent,ok,,process,
0.1,ec9d1b29-a9aa-4c3b-9932-1cb0b3c01d02,1787670665121,109068,psutil,process_cpu_pct_raw,595.3,percent,ok,,process,
0.1,ec9d1b29-a9aa-4c3b-9932-1cb0b3c01d02,1787670665121,109068,psutil,process_cpu_pct,29.764999999999997,percent,ok,,process,
0.1,ec9d1b29-a9aa-4c3b-9932-1cb0b3c01d02,1787670665121,109068,psutil,process_memory_mb,7764.51171875,MiB,ok,,process,
0.1,ec9d1b29-a9aa-4c3b-9932-1cb0b3c01d02,1787670665121,109068,win32_foreground,game_foreground,0.0,boolean,ok,,process,
0.1,ec9d1b29-a9aa-4c3b-9932-1cb0b3c01d02,1787670662000,105947,presentmon,app_fps,35.01888918882845,fps,ok,,process,35
0.1,ec9d1b29-a9aa-4c3b-9932-1cb0b3c01d02,1787670662000,105947,presentmon,frame_time_avg_ms,28.556017142857144,ms,ok,,process,35
0.1,ec9d1b29-a9aa-4c3b-9932-1cb0b3c01d02,1787670662000,105947,presentmon,frame_time_p95_ms,37.4637,ms,ok,,process,35
0.1,ec9d1b29-a9aa-4c3b-9932-1cb0b3c01d02,1787670662000,105947,presentmon,gpu_busy_median_ms,23.3358,ms,ok,,process,35
0.1,ec9d1b29-a9aa-4c3b-9932-1cb0b3c01d02,1787670662000,105947,presentmon,gpu_busy_p95_ms,25.9716,ms,ok,,process,35
0.1,ec9d1b29-a9aa-4c3b-9932-1cb0b3c01d02,1787670665121,109068,windows_pdh,process_gpu_pct,72.00184105344806,percent,ok,,process,
0.1,ec9d1b29-a9aa-4c3b-9932-1cb0b3c01d02,1787670666111,110058,psutil,process_cpu_pct_raw,634.4,percent,ok,,process,
0.1,ec9d1b29-a9aa-4c3b-9932-1cb0b3c01d02,1787670666111,110058,psutil,process_cpu_pct,31.72,percent,ok,,process,
0.1,ec9d1b29-a9aa-4c3b-9932-1cb0b3c01d02,1787670666111,110058,psutil,process_memory_mb,7763.06640625,MiB,ok,,process,
0.1,ec9d1b29-a9aa-4c3b-9932-1cb0b3c01d02,1787670666111,110058,win32_foreground,game_foreground,0.0,boolean,ok,,process,
0.1,ec9d1b29-a9aa-4c3b-9932-1cb0b3c01d02,1787670663000,106947,presentmon,app_fps,31.990984940443784,fps,ok,,process,32
0.1,ec9d1b29-a9aa-4c3b-9932-1cb0b3c01d02,1787670663000,106947,presentmon,frame_time_avg_ms,31.25880625,ms,ok,,process,32
0.1,ec9d1b29-a9aa-4c3b-9932-1cb0b3c01d02,1787670663000,106947,presentmon,frame_time_p95_ms,62.0467,ms,ok,,process,32
0.1,ec9d1b29-a9aa-4c3b-9932-1cb0b3c01d02,1787670663000,106947,presentmon,gpu_busy_median_ms,22.24425,ms,ok,,process,32
0.1,ec9d1b29-a9aa-4c3b-9932-1cb0b3c01d02,1787670663000,106947,presentmon,gpu_busy_p95_ms,24.3366,ms,ok,,process,32
0.1,ec9d1b29-a9aa-4c3b-9932-1cb0b3c01d02,1787670666111,110058,windows_pdh,process_gpu_pct,96.24683971107488,percent,ok,,process,
0.1,ec9d1b29-a9aa-4c3b-9932-1cb0b3c01d02,1787670666111,110058,nvidia-smi,device_gpu_util_pct,91.0,percent,ok,,device,
0.1,ec9d1b29-a9aa-4c3b-9932-1cb0b3c01d02,1787670666111,110058,nvidia-smi,device_vram_used_mb,5013.0,MiB,ok,,device,
0.1,ec9d1b29-a9aa-4c3b-9932-1cb0b3c01d02,1787670666111,110058,nvidia-smi,device_gpu_temperature_c,63.0,celsius,ok,,device,
0.1,ec9d1b29-a9aa-4c3b-9932-1cb0b3c01d02,1787670666111,110058,nvidia-smi,device_gpu_power_w,143.07,watt,ok,,device,
0.1,ec9d1b29-a9aa-4c3b-9932-1cb0b3c01d02,1787670666111,110058,nvidia-smi,device_gpu_clock_mhz,1965.0,MHz,ok,,device,
0.1,ec9d1b29-a9aa-4c3b-9932-1cb0b3c01d02,1787670667117,111064,psutil,process_cpu_pct_raw,639.1,percent,ok,,process,
0.1,ec9d1b29-a9aa-4c3b-9932-1cb0b3c01d02,1787670667117,111064,psutil,process_cpu_pct,31.955000000000002,percent,ok,,process,
0.1,ec9d1b29-a9aa-4c3b-9932-1cb0b3c01d02,1787670667117,111064,psutil,process_memory_mb,7761.7265625,MiB,ok,,process,
0.1,ec9d1b29-a9aa-4c3b-9932-1cb0b3c01d02,1787670667117,111064,win32_foreground,game_foreground,1.0,boolean,ok,,process,
0.1,ec9d1b29-a9aa-4c3b-9932-1cb0b3c01d02,1787670664000,107947,presentmon,app_fps,45.48745263998056,fps,ok,,process,45
0.1,ec9d1b29-a9aa-4c3b-9932-1cb0b3c01d02,1787670664000,107947,presentmon,frame_time_avg_ms,21.984084444444445,ms,ok,,process,45
0.1,ec9d1b29-a9aa-4c3b-9932-1cb0b3c01d02,1787670664000,107947,presentmon,frame_time_p95_ms,29.7306,ms,ok,,process,45
0.1,ec9d1b29-a9aa-4c3b-9932-1cb0b3c01d02,1787670664000,107947,presentmon,gpu_busy_median_ms,21.0633,ms,ok,,process,45
0.1,ec9d1b29-a9aa-4c3b-9932-1cb0b3c01d02,1787670664000,107947,presentmon,gpu_busy_p95_ms,22.3909,ms,ok,,process,45
0.1,ec9d1b29-a9aa-4c3b-9932-1cb0b3c01d02,1787670667117,111064,windows_pdh,process_gpu_pct,84.76789890437941,percent,ok,,process,
0.1,ec9d1b29-a9aa-4c3b-9932-1cb0b3c01d02,1787670668107,112054,psutil,process_cpu_pct_raw,383.9,percent,ok,,process,
0.1,ec9d1b29-a9aa-4c3b-9932-1cb0b3c01d02,1787670668107,112054,psutil,process_cpu_pct,19.195,percent,ok,,process,
0.1,ec9d1b29-a9aa-4c3b-9932-1cb0b3c01d02,1787670668107,112054,psutil,process_memory_mb,7803.60546875,MiB,ok,,process,
0.1,ec9d1b29-a9aa-4c3b-9932-1cb0b3c01d02,1787670668107,112054,win32_foreground,game_foreground,1.0,boolean,ok,,process,
0.1,ec9d1b29-a9aa-4c3b-9932-1cb0b3c01d02,1787670665000,108947,presentmon,app_fps,38.56598229188535,fps,ok,,process,39
0.1,ec9d1b29-a9aa-4c3b-9932-1cb0b3c01d02,1787670665000,108947,presentmon,frame_time_avg_ms,25.929587179487182,ms,ok,,process,39
0.1,ec9d1b29-a9aa-4c3b-9932-1cb0b3c01d02,1787670665000,108947,presentmon,frame_time_p95_ms,43.2123,ms,ok,,process,39
0.1,ec9d1b29-a9aa-4c3b-9932-1cb0b3c01d02,1787670665000,108947,presentmon,gpu_busy_median_ms,21.7742,ms,ok,,process,39
0.1,ec9d1b29-a9aa-4c3b-9932-1cb0b3c01d02,1787670665000,108947,presentmon,gpu_busy_p95_ms,23.7324,ms,ok,,process,39
0.1,ec9d1b29-a9aa-4c3b-9932-1cb0b3c01d02,1787670668107,112054,windows_pdh,process_gpu_pct,21.542029009153058,percent,ok,,process,
0.1,ec9d1b29-a9aa-4c3b-9932-1cb0b3c01d02,1787670669113,113060,psutil,process_cpu_pct_raw,417.2,percent,ok,,process,
0.1,ec9d1b29-a9aa-4c3b-9932-1cb0b3c01d02,1787670669113,113060,psutil,process_cpu_pct,20.86,percent,ok,,process,
0.1,ec9d1b29-a9aa-4c3b-9932-1cb0b3c01d02,1787670669113,113060,psutil,process_memory_mb,7764.20703125,MiB,ok,,process,
0.1,ec9d1b29-a9aa-4c3b-9932-1cb0b3c01d02,1787670669113,113060,win32_foreground,game_foreground,1.0,boolean,ok,,process,
0.1,ec9d1b29-a9aa-4c3b-9932-1cb0b3c01d02,1787670669113,113060,windows_pdh,process_gpu_pct,63.196242636895064,percent,ok,,process,
0.1,ec9d1b29-a9aa-4c3b-9932-1cb0b3c01d02,1787670670103,114050,psutil,process_cpu_pct_raw,426.7,percent,ok,,process,
0.1,ec9d1b29-a9aa-4c3b-9932-1cb0b3c01d02,1787670670103,114050,psutil,process_cpu_pct,21.335,percent,ok,,process,
0.1,ec9d1b29-a9aa-4c3b-9932-1cb0b3c01d02,1787670670103,114050,psutil,process_memory_mb,7756.9609375,MiB,ok,,process,
0.1,ec9d1b29-a9aa-4c3b-9932-1cb0b3c01d02,1787670670103,114050,win32_foreground,game_foreground,1.0,boolean,ok,,process,
0.1,ec9d1b29-a9aa-4c3b-9932-1cb0b3c01d02,1787670666000,109947,presentmon,app_fps,7.405755101158172,fps,ok,,process,10
0.1,ec9d1b29-a9aa-4c3b-9932-1cb0b3c01d02,1787670666000,109947,presentmon,frame_time_avg_ms,135.03011999999998,ms,ok,,process,10
0.1,ec9d1b29-a9aa-4c3b-9932-1cb0b3c01d02,1787670666000,109947,presentmon,frame_time_p95_ms,1119.4159,ms,ok,,process,10
0.1,ec9d1b29-a9aa-4c3b-9932-1cb0b3c01d02,1787670666000,109947,presentmon,gpu_busy_median_ms,22.2986,ms,ok,,process,10
0.1,ec9d1b29-a9aa-4c3b-9932-1cb0b3c01d02,1787670666000,109947,presentmon,gpu_busy_p95_ms,28.2456,ms,ok,,process,10
0.1,ec9d1b29-a9aa-4c3b-9932-1cb0b3c01d02,1787670667000,110947,presentmon,app_fps,50.67154382835183,fps,ok,,process,33
0.1,ec9d1b29-a9aa-4c3b-9932-1cb0b3c01d02,1787670667000,110947,presentmon,frame_time_avg_ms,19.734942424242426,ms,ok,,process,33
0.1,ec9d1b29-a9aa-4c3b-9932-1cb0b3c01d02,1787670667000,110947,presentmon,frame_time_p95_ms,28.5917,ms,ok,,process,33
0.1,ec9d1b29-a9aa-4c3b-9932-1cb0b3c01d02,1787670667000,110947,presentmon,gpu_busy_median_ms,18.4771,ms,ok,,process,33
0.1,ec9d1b29-a9aa-4c3b-9932-1cb0b3c01d02,1787670667000,110947,presentmon,gpu_busy_p95_ms,20.3483,ms,ok,,process,33
0.1,ec9d1b29-a9aa-4c3b-9932-1cb0b3c01d02,1787670670103,114050,windows_pdh,process_gpu_pct,82.02363682973592,percent,ok,,process,
0.1,ec9d1b29-a9aa-4c3b-9932-1cb0b3c01d02,1787670671108,115055,psutil,process_cpu_pct_raw,457.8,percent,ok,,process,
0.1,ec9d1b29-a9aa-4c3b-9932-1cb0b3c01d02,1787670671108,115055,psutil,process_cpu_pct,22.89,percent,ok,,process,
0.1,ec9d1b29-a9aa-4c3b-9932-1cb0b3c01d02,1787670671108,115055,psutil,process_memory_mb,7757.50390625,MiB,ok,,process,
0.1,ec9d1b29-a9aa-4c3b-9932-1cb0b3c01d02,1787670671108,115055,win32_foreground,game_foreground,0.0,boolean,ok,,process,
0.1,ec9d1b29-a9aa-4c3b-9932-1cb0b3c01d02,1787670668000,111947,presentmon,app_fps,43.560192791335126,fps,ok,,process,43
0.1,ec9d1b29-a9aa-4c3b-9932-1cb0b3c01d02,1787670668000,111947,presentmon,frame_time_avg_ms,22.95673953488372,ms,ok,,process,43
0.1,ec9d1b29-a9aa-4c3b-9932-1cb0b3c01d02,1787670668000,111947,presentmon,frame_time_p95_ms,32.9191,ms,ok,,process,43
0.1,ec9d1b29-a9aa-4c3b-9932-1cb0b3c01d02,1787670668000,111947,presentmon,gpu_busy_median_ms,18.9847,ms,ok,,process,43
0.1,ec9d1b29-a9aa-4c3b-9932-1cb0b3c01d02,1787670668000,111947,presentmon,gpu_busy_p95_ms,19.7084,ms,ok,,process,43
0.1,ec9d1b29-a9aa-4c3b-9932-1cb0b3c01d02,1787670671108,115055,windows_pdh,process_gpu_pct,85.5673176565795,percent,ok,,process,
0.1,ec9d1b29-a9aa-4c3b-9932-1cb0b3c01d02,1787670672114,116061,psutil,process_cpu_pct_raw,417.2,percent,ok,,process,
0.1,ec9d1b29-a9aa-4c3b-9932-1cb0b3c01d02,1787670672114,116061,psutil,process_cpu_pct,20.86,percent,ok,,process,
0.1,ec9d1b29-a9aa-4c3b-9932-1cb0b3c01d02,1787670672114,116061,psutil,process_memory_mb,7758.15234375,MiB,ok,,process,
0.1,ec9d1b29-a9aa-4c3b-9932-1cb0b3c01d02,1787670672114,116061,win32_foreground,game_foreground,1.0,boolean,ok,,process,
0.1,ec9d1b29-a9aa-4c3b-9932-1cb0b3c01d02,1787670669000,112947,presentmon,app_fps,44.4686353820923,fps,ok,,process,45
0.1,ec9d1b29-a9aa-4c3b-9932-1cb0b3c01d02,1787670669000,112947,presentmon,frame_time_avg_ms,22.48776,ms,ok,,process,45
0.1,ec9d1b29-a9aa-4c3b-9932-1cb0b3c01d02,1787670669000,112947,presentmon,frame_time_p95_ms,35.2122,ms,ok,,process,45
0.1,ec9d1b29-a9aa-4c3b-9932-1cb0b3c01d02,1787670669000,112947,presentmon,gpu_busy_median_ms,19.1499,ms,ok,,process,45
0.1,ec9d1b29-a9aa-4c3b-9932-1cb0b3c01d02,1787670669000,112947,presentmon,gpu_busy_p95_ms,19.938,ms,ok,,process,45
0.1,ec9d1b29-a9aa-4c3b-9932-1cb0b3c01d02,1787670672114,116061,windows_pdh,process_gpu_pct,91.87263878263235,percent,ok,,process,
0.1,ec9d1b29-a9aa-4c3b-9932-1cb0b3c01d02,1787670672114,116061,nvidia-smi,device_gpu_util_pct,93.0,percent,ok,,device,
0.1,ec9d1b29-a9aa-4c3b-9932-1cb0b3c01d02,1787670672114,116061,nvidia-smi,device_vram_used_mb,5040.0,MiB,ok,,device,
0.1,ec9d1b29-a9aa-4c3b-9932-1cb0b3c01d02,1787670672114,116061,nvidia-smi,device_gpu_temperature_c,64.0,celsius,ok,,device,
0.1,ec9d1b29-a9aa-4c3b-9932-1cb0b3c01d02,1787670672114,116061,nvidia-smi,device_gpu_power_w,162.24,watt,ok,,device,
0.1,ec9d1b29-a9aa-4c3b-9932-1cb0b3c01d02,1787670672114,116061,nvidia-smi,device_gpu_clock_mhz,1965.0,MHz,ok,,device,
0.1,ec9d1b29-a9aa-4c3b-9932-1cb0b3c01d02,1787670673104,117051,psutil,process_cpu_pct_raw,526.6,percent,ok,,process,
0.1,ec9d1b29-a9aa-4c3b-9932-1cb0b3c01d02,1787670673104,117051,psutil,process_cpu_pct,26.330000000000002,percent,ok,,process,
0.1,ec9d1b29-a9aa-4c3b-9932-1cb0b3c01d02,1787670673104,117051,psutil,process_memory_mb,7772.88671875,MiB,ok,,process,
0.1,ec9d1b29-a9aa-4c3b-9932-1cb0b3c01d02,1787670673104,117051,win32_foreground,game_foreground,1.0,boolean,ok,,process,
0.1,ec9d1b29-a9aa-4c3b-9932-1cb0b3c01d02,1787670670000,113947,presentmon,app_fps,46.99110458390227,fps,ok,,process,47
0.1,ec9d1b29-a9aa-4c3b-9932-1cb0b3c01d02,1787670670000,113947,presentmon,frame_time_avg_ms,21.28062340425532,ms,ok,,process,47
0.1,ec9d1b29-a9aa-4c3b-9932-1cb0b3c01d02,1787670670000,113947,presentmon,frame_time_p95_ms,27.7983,ms,ok,,process,47
0.1,ec9d1b29-a9aa-4c3b-9932-1cb0b3c01d02,1787670670000,113947,presentmon,gpu_busy_median_ms,19.557,ms,ok,,process,47
0.1,ec9d1b29-a9aa-4c3b-9932-1cb0b3c01d02,1787670670000,113947,presentmon,gpu_busy_p95_ms,20.1983,ms,ok,,process,47
0.1,ec9d1b29-a9aa-4c3b-9932-1cb0b3c01d02,1787670673104,117051,windows_pdh,process_gpu_pct,82.31316767626399,percent,ok,,process,
0.1,ec9d1b29-a9aa-4c3b-9932-1cb0b3c01d02,1787670674110,118057,psutil,process_cpu_pct_raw,317.2,percent,ok,,process,
0.1,ec9d1b29-a9aa-4c3b-9932-1cb0b3c01d02,1787670674110,118057,psutil,process_cpu_pct,15.86,percent,ok,,process,
0.1,ec9d1b29-a9aa-4c3b-9932-1cb0b3c01d02,1787670674110,118057,psutil,process_memory_mb,7760.2578125,MiB,ok,,process,
0.1,ec9d1b29-a9aa-4c3b-9932-1cb0b3c01d02,1787670674110,118057,win32_foreground,game_foreground,1.0,boolean,ok,,process,
0.1,ec9d1b29-a9aa-4c3b-9932-1cb0b3c01d02,1787670674110,118057,windows_pdh,process_gpu_pct,30.76716778442934,percent,ok,,process,
0.1,ec9d1b29-a9aa-4c3b-9932-1cb0b3c01d02,1787670675100,119047,psutil,process_cpu_pct_raw,393.8,percent,ok,,process,
0.1,ec9d1b29-a9aa-4c3b-9932-1cb0b3c01d02,1787670675100,119047,psutil,process_cpu_pct,19.69,percent,ok,,process,
0.1,ec9d1b29-a9aa-4c3b-9932-1cb0b3c01d02,1787670675100,119047,psutil,process_memory_mb,7761.078125,MiB,ok,,process,
0.1,ec9d1b29-a9aa-4c3b-9932-1cb0b3c01d02,1787670675100,119047,win32_foreground,game_foreground,1.0,boolean,ok,,process,
0.1,ec9d1b29-a9aa-4c3b-9932-1cb0b3c01d02,1787670671000,114947,presentmon,app_fps,29.947346148183037,fps,ok,,process,42
0.1,ec9d1b29-a9aa-4c3b-9932-1cb0b3c01d02,1787670671000,114947,presentmon,frame_time_avg_ms,33.39194047619047,ms,ok,,process,42
0.1,ec9d1b29-a9aa-4c3b-9932-1cb0b3c01d02,1787670671000,114947,presentmon,frame_time_p95_ms,33.4511,ms,ok,,process,42
0.1,ec9d1b29-a9aa-4c3b-9932-1cb0b3c01d02,1787670671000,114947,presentmon,gpu_busy_median_ms,19.5482,ms,ok,,process,42
0.1,ec9d1b29-a9aa-4c3b-9932-1cb0b3c01d02,1787670671000,114947,presentmon,gpu_busy_p95_ms,20.8266,ms,ok,,process,42
0.1,ec9d1b29-a9aa-4c3b-9932-1cb0b3c01d02,1787670672000,115947,presentmon,app_fps,60.432393777477856,fps,ok,,process,36
0.1,ec9d1b29-a9aa-4c3b-9932-1cb0b3c01d02,1787670672000,115947,presentmon,frame_time_avg_ms,16.547416666666667,ms,ok,,process,36
0.1,ec9d1b29-a9aa-4c3b-9932-1cb0b3c01d02,1787670672000,115947,presentmon,frame_time_p95_ms,30.5286,ms,ok,,process,36
0.1,ec9d1b29-a9aa-4c3b-9932-1cb0b3c01d02,1787670672000,115947,presentmon,gpu_busy_median_ms,8.66705,ms,ok,,process,36
0.1,ec9d1b29-a9aa-4c3b-9932-1cb0b3c01d02,1787670672000,115947,presentmon,gpu_busy_p95_ms,9.2046,ms,ok,,process,36
0.1,ec9d1b29-a9aa-4c3b-9932-1cb0b3c01d02,1787670675100,119047,windows_pdh,process_gpu_pct,42.56140722339142,percent,ok,,process,
0.1,ec9d1b29-a9aa-4c3b-9932-1cb0b3c01d02,1787670676105,120052,psutil,process_cpu_pct_raw,435.9,percent,ok,,process,
0.1,ec9d1b29-a9aa-4c3b-9932-1cb0b3c01d02,1787670676105,120052,psutil,process_cpu_pct,21.794999999999998,percent,ok,,process,
0.1,ec9d1b29-a9aa-4c3b-9932-1cb0b3c01d02,1787670676105,120052,psutil,process_memory_mb,7762.203125,MiB,ok,,process,
0.1,ec9d1b29-a9aa-4c3b-9932-1cb0b3c01d02,1787670676105,120052,win32_foreground,game_foreground,1.0,boolean,ok,,process,
0.1,ec9d1b29-a9aa-4c3b-9932-1cb0b3c01d02,1787670673000,116947,presentmon,app_fps,47.20276893451199,fps,ok,,process,47
0.1,ec9d1b29-a9aa-4c3b-9932-1cb0b3c01d02,1787670673000,116947,presentmon,frame_time_avg_ms,21.185197872340424,ms,ok,,process,47
0.1,ec9d1b29-a9aa-4c3b-9932-1cb0b3c01d02,1787670673000,116947,presentmon,frame_time_p95_ms,28.8383,ms,ok,,process,47
0.1,ec9d1b29-a9aa-4c3b-9932-1cb0b3c01d02,1787670673000,116947,presentmon,gpu_busy_median_ms,8.9862,ms,ok,,process,47
0.1,ec9d1b29-a9aa-4c3b-9932-1cb0b3c01d02,1787670673000,116947,presentmon,gpu_busy_p95_ms,9.5507,ms,ok,,process,47
0.1,ec9d1b29-a9aa-4c3b-9932-1cb0b3c01d02,1787670676105,120052,windows_pdh,process_gpu_pct,52.806601235760795,percent,ok,,process,
0.1,ec9d1b29-a9aa-4c3b-9932-1cb0b3c01d02,1787670677111,121058,psutil,process_cpu_pct_raw,391.0,percent,ok,,process,
0.1,ec9d1b29-a9aa-4c3b-9932-1cb0b3c01d02,1787670677111,121058,psutil,process_cpu_pct,19.55,percent,ok,,process,
0.1,ec9d1b29-a9aa-4c3b-9932-1cb0b3c01d02,1787670677111,121058,psutil,process_memory_mb,7762.26171875,MiB,ok,,process,
0.1,ec9d1b29-a9aa-4c3b-9932-1cb0b3c01d02,1787670677111,121058,win32_foreground,game_foreground,1.0,boolean,ok,,process,
0.1,ec9d1b29-a9aa-4c3b-9932-1cb0b3c01d02,1787670674000,117947,presentmon,app_fps,59.291363690310554,fps,ok,,process,59
0.1,ec9d1b29-a9aa-4c3b-9932-1cb0b3c01d02,1787670674000,117947,presentmon,frame_time_avg_ms,16.86586271186441,ms,ok,,process,59
0.1,ec9d1b29-a9aa-4c3b-9932-1cb0b3c01d02,1787670674000,117947,presentmon,frame_time_p95_ms,27.8536,ms,ok,,process,59
0.1,ec9d1b29-a9aa-4c3b-9932-1cb0b3c01d02,1787670674000,117947,presentmon,gpu_busy_median_ms,8.8341,ms,ok,,process,59
0.1,ec9d1b29-a9aa-4c3b-9932-1cb0b3c01d02,1787670674000,117947,presentmon,gpu_busy_p95_ms,9.4791,ms,ok,,process,59
0.1,ec9d1b29-a9aa-4c3b-9932-1cb0b3c01d02,1787670677111,121058,windows_pdh,process_gpu_pct,54.142353505762074,percent,ok,,process,
0.1,ec9d1b29-a9aa-4c3b-9932-1cb0b3c01d02,1787670677111,121058,nvidia-smi,device_gpu_util_pct,52.0,percent,ok,,device,
0.1,ec9d1b29-a9aa-4c3b-9932-1cb0b3c01d02,1787670677111,121058,nvidia-smi,device_vram_used_mb,4995.0,MiB,ok,,device,
0.1,ec9d1b29-a9aa-4c3b-9932-1cb0b3c01d02,1787670677111,121058,nvidia-smi,device_gpu_temperature_c,60.0,celsius,ok,,device,
0.1,ec9d1b29-a9aa-4c3b-9932-1cb0b3c01d02,1787670677111,121058,nvidia-smi,device_gpu_power_w,91.68,watt,ok,,device,
0.1,ec9d1b29-a9aa-4c3b-9932-1cb0b3c01d02,1787670677111,121058,nvidia-smi,device_gpu_clock_mhz,1965.0,MHz,ok,,device,
0.1,ec9d1b29-a9aa-4c3b-9932-1cb0b3c01d02,1787670678101,122048,psutil,process_cpu_pct_raw,379.1,percent,ok,,process,
0.1,ec9d1b29-a9aa-4c3b-9932-1cb0b3c01d02,1787670678101,122048,psutil,process_cpu_pct,18.955000000000002,percent,ok,,process,
0.1,ec9d1b29-a9aa-4c3b-9932-1cb0b3c01d02,1787670678101,122048,psutil,process_memory_mb,7763.3125,MiB,ok,,process,
0.1,ec9d1b29-a9aa-4c3b-9932-1cb0b3c01d02,1787670678101,122048,win32_foreground,game_foreground,1.0,boolean,ok,,process,
0.1,ec9d1b29-a9aa-4c3b-9932-1cb0b3c01d02,1787670675000,118947,presentmon,app_fps,59.75399876249469,fps,ok,,process,60
0.1,ec9d1b29-a9aa-4c3b-9932-1cb0b3c01d02,1787670675000,118947,presentmon,frame_time_avg_ms,16.735281666666666,ms,ok,,process,60
0.1,ec9d1b29-a9aa-4c3b-9932-1cb0b3c01d02,1787670675000,118947,presentmon,frame_time_p95_ms,26.6551,ms,ok,,process,60
0.1,ec9d1b29-a9aa-4c3b-9932-1cb0b3c01d02,1787670675000,118947,presentmon,gpu_busy_median_ms,8.91,ms,ok,,process,60
0.1,ec9d1b29-a9aa-4c3b-9932-1cb0b3c01d02,1787670675000,118947,presentmon,gpu_busy_p95_ms,9.5624,ms,ok,,process,60
0.1,ec9d1b29-a9aa-4c3b-9932-1cb0b3c01d02,1787670678101,122048,windows_pdh,process_gpu_pct,46.34841028888826,percent,ok,,process,
0.1,ec9d1b29-a9aa-4c3b-9932-1cb0b3c01d02,1787670679107,123054,psutil,process_cpu_pct_raw,381.2,percent,ok,,process,
0.1,ec9d1b29-a9aa-4c3b-9932-1cb0b3c01d02,1787670679107,123054,psutil,process_cpu_pct,19.06,percent,ok,,process,
0.1,ec9d1b29-a9aa-4c3b-9932-1cb0b3c01d02,1787670679107,123054,psutil,process_memory_mb,7750.1875,MiB,ok,,process,
0.1,ec9d1b29-a9aa-4c3b-9932-1cb0b3c01d02,1787670679107,123054,win32_foreground,game_foreground,1.0,boolean,ok,,process,
0.1,ec9d1b29-a9aa-4c3b-9932-1cb0b3c01d02,1787670676000,119947,presentmon,app_fps,50.164741009475115,fps,ok,,process,50
0.1,ec9d1b29-a9aa-4c3b-9932-1cb0b3c01d02,1787670676000,119947,presentmon,frame_time_avg_ms,19.93432,ms,ok,,process,50
0.1,ec9d1b29-a9aa-4c3b-9932-1cb0b3c01d02,1787670676000,119947,presentmon,frame_time_p95_ms,27.202,ms,ok,,process,50
0.1,ec9d1b29-a9aa-4c3b-9932-1cb0b3c01d02,1787670676000,119947,presentmon,gpu_busy_median_ms,9.3009,ms,ok,,process,50
0.1,ec9d1b29-a9aa-4c3b-9932-1cb0b3c01d02,1787670676000,119947,presentmon,gpu_busy_p95_ms,9.8953,ms,ok,,process,50
0.1,ec9d1b29-a9aa-4c3b-9932-1cb0b3c01d02,1787670679107,123054,windows_pdh,process_gpu_pct,63.56617701344136,percent,ok,,process,
0.1,ec9d1b29-a9aa-4c3b-9932-1cb0b3c01d02,1787670680112,124059,psutil,process_cpu_pct_raw,380.2,percent,ok,,process,
0.1,ec9d1b29-a9aa-4c3b-9932-1cb0b3c01d02,1787670680112,124059,psutil,process_cpu_pct,19.009999999999998,percent,ok,,process,
0.1,ec9d1b29-a9aa-4c3b-9932-1cb0b3c01d02,1787670680112,124059,psutil,process_memory_mb,7750.60546875,MiB,ok,,process,
0.1,ec9d1b29-a9aa-4c3b-9932-1cb0b3c01d02,1787670680112,124059,win32_foreground,game_foreground,1.0,boolean,ok,,process,
0.1,ec9d1b29-a9aa-4c3b-9932-1cb0b3c01d02,1787670677000,120947,presentmon,app_fps,69.99321755863657,fps,ok,,process,71
0.1,ec9d1b29-a9aa-4c3b-9932-1cb0b3c01d02,1787670677000,120947,presentmon,frame_time_avg_ms,14.287098591549295,ms,ok,,process,71
0.1,ec9d1b29-a9aa-4c3b-9932-1cb0b3c01d02,1787670677000,120947,presentmon,frame_time_p95_ms,20.546,ms,ok,,process,71
0.1,ec9d1b29-a9aa-4c3b-9932-1cb0b3c01d02,1787670677000,120947,presentmon,gpu_busy_median_ms,8.9912,ms,ok,,process,71
0.1,ec9d1b29-a9aa-4c3b-9932-1cb0b3c01d02,1787670677000,120947,presentmon,gpu_busy_p95_ms,9.4923,ms,ok,,process,71
0.1,ec9d1b29-a9aa-4c3b-9932-1cb0b3c01d02,1787670680112,124059,windows_pdh,process_gpu_pct,46.98947075746844,percent,ok,,process,
0.1,ec9d1b29-a9aa-4c3b-9932-1cb0b3c01d02,1787670681102,125049,psutil,process_cpu_pct_raw,383.9,percent,ok,,process,
0.1,ec9d1b29-a9aa-4c3b-9932-1cb0b3c01d02,1787670681102,125049,psutil,process_cpu_pct,19.195,percent,ok,,process,
0.1,ec9d1b29-a9aa-4c3b-9932-1cb0b3c01d02,1787670681102,125049,psutil,process_memory_mb,7751.6484375,MiB,ok,,process,
0.1,ec9d1b29-a9aa-4c3b-9932-1cb0b3c01d02,1787670681102,125049,win32_foreground,game_foreground,1.0,boolean,ok,,process,
0.1,ec9d1b29-a9aa-4c3b-9932-1cb0b3c01d02,1787670678000,121947,presentmon,app_fps,49.616414487020954,fps,ok,,process,49
0.1,ec9d1b29-a9aa-4c3b-9932-1cb0b3c01d02,1787670678000,121947,presentmon,frame_time_avg_ms,20.154620408163264,ms,ok,,process,49
0.1,ec9d1b29-a9aa-4c3b-9932-1cb0b3c01d02,1787670678000,121947,presentmon,frame_time_p95_ms,27.0857,ms,ok,,process,49
0.1,ec9d1b29-a9aa-4c3b-9932-1cb0b3c01d02,1787670678000,121947,presentmon,gpu_busy_median_ms,9.4366,ms,ok,,process,49
0.1,ec9d1b29-a9aa-4c3b-9932-1cb0b3c01d02,1787670678000,121947,presentmon,gpu_busy_p95_ms,10.0879,ms,ok,,process,49
0.1,ec9d1b29-a9aa-4c3b-9932-1cb0b3c01d02,1787670681102,125049,windows_pdh,process_gpu_pct,59.07654500638343,percent,ok,,process,
0.1,ec9d1b29-a9aa-4c3b-9932-1cb0b3c01d02,1787670682108,126055,psutil,process_cpu_pct_raw,462.5,percent,ok,,process,
0.1,ec9d1b29-a9aa-4c3b-9932-1cb0b3c01d02,1787670682108,126055,psutil,process_cpu_pct,23.125,percent,ok,,process,
0.1,ec9d1b29-a9aa-4c3b-9932-1cb0b3c01d02,1787670682108,126055,psutil,process_memory_mb,7752.89453125,MiB,ok,,process,
0.1,ec9d1b29-a9aa-4c3b-9932-1cb0b3c01d02,1787670682108,126055,win32_foreground,game_foreground,1.0,boolean,ok,,process,
0.1,ec9d1b29-a9aa-4c3b-9932-1cb0b3c01d02,1787670679000,122947,presentmon,app_fps,64.86551432914139,fps,ok,,process,65
0.1,ec9d1b29-a9aa-4c3b-9932-1cb0b3c01d02,1787670679000,122947,presentmon,frame_time_avg_ms,15.416512307692308,ms,ok,,process,65
0.1,ec9d1b29-a9aa-4c3b-9932-1cb0b3c01d02,1787670679000,122947,presentmon,frame_time_p95_ms,26.1398,ms,ok,,process,65
0.1,ec9d1b29-a9aa-4c3b-9932-1cb0b3c01d02,1787670679000,122947,presentmon,gpu_busy_median_ms,9.0833,ms,ok,,process,65
0.1,ec9d1b29-a9aa-4c3b-9932-1cb0b3c01d02,1787670679000,122947,presentmon,gpu_busy_p95_ms,9.7271,ms,ok,,process,65
0.1,ec9d1b29-a9aa-4c3b-9932-1cb0b3c01d02,1787670682108,126055,windows_pdh,process_gpu_pct,54.73137525538829,percent,ok,,process,
0.1,ec9d1b29-a9aa-4c3b-9932-1cb0b3c01d02,1787670683098,127045,psutil,process_cpu_pct_raw,298.4,percent,ok,,process,
0.1,ec9d1b29-a9aa-4c3b-9932-1cb0b3c01d02,1787670683098,127045,psutil,process_cpu_pct,14.919999999999998,percent,ok,,process,
0.1,ec9d1b29-a9aa-4c3b-9932-1cb0b3c01d02,1787670683098,127045,psutil,process_memory_mb,7756.42578125,MiB,ok,,process,
0.1,ec9d1b29-a9aa-4c3b-9932-1cb0b3c01d02,1787670683098,127045,win32_foreground,game_foreground,1.0,boolean,ok,,process,
0.1,ec9d1b29-a9aa-4c3b-9932-1cb0b3c01d02,1787670680000,123947,presentmon,app_fps,41.11056498319135,fps,ok,,process,59
0.1,ec9d1b29-a9aa-4c3b-9932-1cb0b3c01d02,1787670680000,123947,presentmon,frame_time_avg_ms,24.32464745762712,ms,ok,,process,59
0.1,ec9d1b29-a9aa-4c3b-9932-1cb0b3c01d02,1787670680000,123947,presentmon,frame_time_p95_ms,24.8955,ms,ok,,process,59
0.1,ec9d1b29-a9aa-4c3b-9932-1cb0b3c01d02,1787670680000,123947,presentmon,gpu_busy_median_ms,9.3002,ms,ok,,process,59
0.1,ec9d1b29-a9aa-4c3b-9932-1cb0b3c01d02,1787670680000,123947,presentmon,gpu_busy_p95_ms,9.7883,ms,ok,,process,59
0.1,ec9d1b29-a9aa-4c3b-9932-1cb0b3c01d02,1787670683098,127045,windows_pdh,process_gpu_pct,32.48022357312373,percent,ok,,process,
0.1,ec9d1b29-a9aa-4c3b-9932-1cb0b3c01d02,1787670683098,127045,nvidia-smi,device_gpu_util_pct,31.0,percent,ok,,device,
0.1,ec9d1b29-a9aa-4c3b-9932-1cb0b3c01d02,1787670683098,127045,nvidia-smi,device_vram_used_mb,4995.0,MiB,ok,,device,
0.1,ec9d1b29-a9aa-4c3b-9932-1cb0b3c01d02,1787670683098,127045,nvidia-smi,device_gpu_temperature_c,60.0,celsius,ok,,device,
0.1,ec9d1b29-a9aa-4c3b-9932-1cb0b3c01d02,1787670683098,127045,nvidia-smi,device_gpu_power_w,104.16,watt,ok,,device,
0.1,ec9d1b29-a9aa-4c3b-9932-1cb0b3c01d02,1787670683098,127045,nvidia-smi,device_gpu_clock_mhz,1965.0,MHz,ok,,device,
0.1,ec9d1b29-a9aa-4c3b-9932-1cb0b3c01d02,1787670684119,128066,psutil,process_cpu_pct_raw,375.6,percent,ok,,process,
0.1,ec9d1b29-a9aa-4c3b-9932-1cb0b3c01d02,1787670684119,128066,psutil,process_cpu_pct,18.78,percent,ok,,process,
0.1,ec9d1b29-a9aa-4c3b-9932-1cb0b3c01d02,1787670684119,128066,psutil,process_memory_mb,7756.6484375,MiB,ok,,process,
0.1,ec9d1b29-a9aa-4c3b-9932-1cb0b3c01d02,1787670684119,128066,win32_foreground,game_foreground,1.0,boolean,ok,,process,
0.1,ec9d1b29-a9aa-4c3b-9932-1cb0b3c01d02,1787670681000,124947,presentmon,app_fps,59.120862032331594,fps,ok,,process,33
0.1,ec9d1b29-a9aa-4c3b-9932-1cb0b3c01d02,1787670681000,124947,presentmon,frame_time_avg_ms,16.914503030303027,ms,ok,,process,33
0.1,ec9d1b29-a9aa-4c3b-9932-1cb0b3c01d02,1787670681000,124947,presentmon,frame_time_p95_ms,28.9914,ms,ok,,process,33
0.1,ec9d1b29-a9aa-4c3b-9932-1cb0b3c01d02,1787670681000,124947,presentmon,gpu_busy_median_ms,9.3786,ms,ok,,process,33
0.1,ec9d1b29-a9aa-4c3b-9932-1cb0b3c01d02,1787670681000,124947,presentmon,gpu_busy_p95_ms,10.1314,ms,ok,,process,33
0.1,ec9d1b29-a9aa-4c3b-9932-1cb0b3c01d02,1787670684119,128066,windows_pdh,process_gpu_pct,57.34228638060228,percent,ok,,process,
0.1,ec9d1b29-a9aa-4c3b-9932-1cb0b3c01d02,1787670685109,129056,psutil,process_cpu_pct_raw,356.9,percent,ok,,process,
0.1,ec9d1b29-a9aa-4c3b-9932-1cb0b3c01d02,1787670685109,129056,psutil,process_cpu_pct,17.845,percent,ok,,process,
0.1,ec9d1b29-a9aa-4c3b-9932-1cb0b3c01d02,1787670685109,129056,psutil,process_memory_mb,7756.65625,MiB,ok,,process,
0.1,ec9d1b29-a9aa-4c3b-9932-1cb0b3c01d02,1787670685109,129056,win32_foreground,game_foreground,1.0,boolean,ok,,process,
0.1,ec9d1b29-a9aa-4c3b-9932-1cb0b3c01d02,1787670682000,125947,presentmon,app_fps,61.762150624748664,fps,ok,,process,63
0.1,ec9d1b29-a9aa-4c3b-9932-1cb0b3c01d02,1787670682000,125947,presentmon,frame_time_avg_ms,16.191146031746033,ms,ok,,process,63
0.1,ec9d1b29-a9aa-4c3b-9932-1cb0b3c01d02,1787670682000,125947,presentmon,frame_time_p95_ms,25.678,ms,ok,,process,63
0.1,ec9d1b29-a9aa-4c3b-9932-1cb0b3c01d02,1787670682000,125947,presentmon,gpu_busy_median_ms,9.2329,ms,ok,,process,63
0.1,ec9d1b29-a9aa-4c3b-9932-1cb0b3c01d02,1787670682000,125947,presentmon,gpu_busy_p95_ms,9.7829,ms,ok,,process,63
0.1,ec9d1b29-a9aa-4c3b-9932-1cb0b3c01d02,1787670685109,129056,windows_pdh,process_gpu_pct,48.55539125295808,percent,ok,,process,
0.1,ec9d1b29-a9aa-4c3b-9932-1cb0b3c01d02,1787670686115,130062,psutil,process_cpu_pct_raw,400.2,percent,ok,,process,
0.1,ec9d1b29-a9aa-4c3b-9932-1cb0b3c01d02,1787670686115,130062,psutil,process_cpu_pct,20.009999999999998,percent,ok,,process,
0.1,ec9d1b29-a9aa-4c3b-9932-1cb0b3c01d02,1787670686115,130062,psutil,process_memory_mb,7757.64453125,MiB,ok,,process,
0.1,ec9d1b29-a9aa-4c3b-9932-1cb0b3c01d02,1787670686115,130062,win32_foreground,game_foreground,1.0,boolean,ok,,process,
0.1,ec9d1b29-a9aa-4c3b-9932-1cb0b3c01d02,1787670683000,126947,presentmon,app_fps,51.38840901183415,fps,ok,,process,51
0.1,ec9d1b29-a9aa-4c3b-9932-1cb0b3c01d02,1787670683000,126947,presentmon,frame_time_avg_ms,19.459641176470587,ms,ok,,process,51
0.1,ec9d1b29-a9aa-4c3b-9932-1cb0b3c01d02,1787670683000,126947,presentmon,frame_time_p95_ms,24.8662,ms,ok,,process,51
0.1,ec9d1b29-a9aa-4c3b-9932-1cb0b3c01d02,1787670683000,126947,presentmon,gpu_busy_median_ms,9.3842,ms,ok,,process,51
0.1,ec9d1b29-a9aa-4c3b-9932-1cb0b3c01d02,1787670683000,126947,presentmon,gpu_busy_p95_ms,10.0545,ms,ok,,process,51
0.1,ec9d1b29-a9aa-4c3b-9932-1cb0b3c01d02,1787670686115,130062,windows_pdh,process_gpu_pct,56.47888438228057,percent,ok,,process,
0.1,ec9d1b29-a9aa-4c3b-9932-1cb0b3c01d02,1787670687105,131052,psutil,process_cpu_pct_raw,417.2,percent,ok,,process,
0.1,ec9d1b29-a9aa-4c3b-9932-1cb0b3c01d02,1787670687105,131052,psutil,process_cpu_pct,20.86,percent,ok,,process,
0.1,ec9d1b29-a9aa-4c3b-9932-1cb0b3c01d02,1787670687105,131052,psutil,process_memory_mb,7758.15234375,MiB,ok,,process,
0.1,ec9d1b29-a9aa-4c3b-9932-1cb0b3c01d02,1787670687105,131052,win32_foreground,game_foreground,1.0,boolean,ok,,process,
0.1,ec9d1b29-a9aa-4c3b-9932-1cb0b3c01d02,1787670684000,127947,presentmon,app_fps,67.28573560481944,fps,ok,,process,67
0.1,ec9d1b29-a9aa-4c3b-9932-1cb0b3c01d02,1787670684000,127947,presentmon,frame_time_avg_ms,14.861991044776119,ms,ok,,process,67
0.1,ec9d1b29-a9aa-4c3b-9932-1cb0b3c01d02,1787670684000,127947,presentmon,frame_time_p95_ms,21.3982,ms,ok,,process,67
0.1,ec9d1b29-a9aa-4c3b-9932-1cb0b3c01d02,1787670684000,127947,presentmon,gpu_busy_median_ms,8.3014,ms,ok,,process,67
0.1,ec9d1b29-a9aa-4c3b-9932-1cb0b3c01d02,1787670684000,127947,presentmon,gpu_busy_p95_ms,9.3403,ms,ok,,process,67
0.1,ec9d1b29-a9aa-4c3b-9932-1cb0b3c01d02,1787670687105,131052,windows_pdh,process_gpu_pct,43.13464321933118,percent,ok,,process,
0.1,ec9d1b29-a9aa-4c3b-9932-1cb0b3c01d02,1787670688111,132058,psutil,process_cpu_pct_raw,357.1,percent,ok,,process,
0.1,ec9d1b29-a9aa-4c3b-9932-1cb0b3c01d02,1787670688111,132058,psutil,process_cpu_pct,17.855,percent,ok,,process,
0.1,ec9d1b29-a9aa-4c3b-9932-1cb0b3c01d02,1787670688111,132058,psutil,process_memory_mb,7752.84765625,MiB,ok,,process,
0.1,ec9d1b29-a9aa-4c3b-9932-1cb0b3c01d02,1787670688111,132058,win32_foreground,game_foreground,1.0,boolean,ok,,process,
0.1,ec9d1b29-a9aa-4c3b-9932-1cb0b3c01d02,1787670685000,128947,presentmon,app_fps,50.88494405300175,fps,ok,,process,51
0.1,ec9d1b29-a9aa-4c3b-9932-1cb0b3c01d02,1787670685000,128947,presentmon,frame_time_avg_ms,19.65217843137255,ms,ok,,process,51
0.1,ec9d1b29-a9aa-4c3b-9932-1cb0b3c01d02,1787670685000,128947,presentmon,frame_time_p95_ms,30.2451,ms,ok,,process,51
0.1,ec9d1b29-a9aa-4c3b-9932-1cb0b3c01d02,1787670685000,128947,presentmon,gpu_busy_median_ms,8.4132,ms,ok,,process,51
0.1,ec9d1b29-a9aa-4c3b-9932-1cb0b3c01d02,1787670685000,128947,presentmon,gpu_busy_p95_ms,8.9743,ms,ok,,process,51
0.1,ec9d1b29-a9aa-4c3b-9932-1cb0b3c01d02,1787670688111,132058,windows_pdh,process_gpu_pct,48.45579794537993,percent,ok,,process,
0.1,ec9d1b29-a9aa-4c3b-9932-1cb0b3c01d02,1787670688111,132058,nvidia-smi,device_gpu_util_pct,44.0,percent,ok,,device,
0.1,ec9d1b29-a9aa-4c3b-9932-1cb0b3c01d02,1787670688111,132058,nvidia-smi,device_vram_used_mb,4980.0,MiB,ok,,device,
0.1,ec9d1b29-a9aa-4c3b-9932-1cb0b3c01d02,1787670688111,132058,nvidia-smi,device_gpu_temperature_c,59.0,celsius,ok,,device,
0.1,ec9d1b29-a9aa-4c3b-9932-1cb0b3c01d02,1787670688111,132058,nvidia-smi,device_gpu_power_w,96.38,watt,ok,,device,
0.1,ec9d1b29-a9aa-4c3b-9932-1cb0b3c01d02,1787670688111,132058,nvidia-smi,device_gpu_clock_mhz,1965.0,MHz,ok,,device,
0.1,ec9d1b29-a9aa-4c3b-9932-1cb0b3c01d02,1787670689116,133063,psutil,process_cpu_pct_raw,417.2,percent,ok,,process,
0.1,ec9d1b29-a9aa-4c3b-9932-1cb0b3c01d02,1787670689116,133063,psutil,process_cpu_pct,20.86,percent,ok,,process,
0.1,ec9d1b29-a9aa-4c3b-9932-1cb0b3c01d02,1787670689116,133063,psutil,process_memory_mb,7753.61328125,MiB,ok,,process,
0.1,ec9d1b29-a9aa-4c3b-9932-1cb0b3c01d02,1787670689116,133063,win32_foreground,game_foreground,1.0,boolean,ok,,process,
0.1,ec9d1b29-a9aa-4c3b-9932-1cb0b3c01d02,1787670686000,129947,presentmon,app_fps,57.991017191437045,fps,ok,,process,58
0.1,ec9d1b29-a9aa-4c3b-9932-1cb0b3c01d02,1787670686000,129947,presentmon,frame_time_avg_ms,17.24405,ms,ok,,process,58
0.1,ec9d1b29-a9aa-4c3b-9932-1cb0b3c01d02,1787670686000,129947,presentmon,frame_time_p95_ms,25.8151,ms,ok,,process,58
0.1,ec9d1b29-a9aa-4c3b-9932-1cb0b3c01d02,1787670686000,129947,presentmon,gpu_busy_median_ms,8.2589,ms,ok,,process,58
0.1,ec9d1b29-a9aa-4c3b-9932-1cb0b3c01d02,1787670686000,129947,presentmon,gpu_busy_p95_ms,9.0675,ms,ok,,process,58
0.1,ec9d1b29-a9aa-4c3b-9932-1cb0b3c01d02,1787670689116,133063,windows_pdh,process_gpu_pct,53.608597868350735,percent,ok,,process,
0.1,ec9d1b29-a9aa-4c3b-9932-1cb0b3c01d02,1787670690107,134054,psutil,process_cpu_pct_raw,402.9,percent,ok,,process,
0.1,ec9d1b29-a9aa-4c3b-9932-1cb0b3c01d02,1787670690107,134054,psutil,process_cpu_pct,20.145,percent,ok,,process,
0.1,ec9d1b29-a9aa-4c3b-9932-1cb0b3c01d02,1787670690107,134054,psutil,process_memory_mb,7753.6171875,MiB,ok,,process,
0.1,ec9d1b29-a9aa-4c3b-9932-1cb0b3c01d02,1787670690107,134054,win32_foreground,game_foreground,1.0,boolean,ok,,process,
0.1,ec9d1b29-a9aa-4c3b-9932-1cb0b3c01d02,1787670687000,130947,presentmon,app_fps,64.9719581028828,fps,ok,,process,65
0.1,ec9d1b29-a9aa-4c3b-9932-1cb0b3c01d02,1787670687000,130947,presentmon,frame_time_avg_ms,15.391255384615384,ms,ok,,process,65
0.1,ec9d1b29-a9aa-4c3b-9932-1cb0b3c01d02,1787670687000,130947,presentmon,frame_time_p95_ms,24.2925,ms,ok,,process,65
0.1,ec9d1b29-a9aa-4c3b-9932-1cb0b3c01d02,1787670687000,130947,presentmon,gpu_busy_median_ms,8.0996,ms,ok,,process,65
0.1,ec9d1b29-a9aa-4c3b-9932-1cb0b3c01d02,1787670687000,130947,presentmon,gpu_busy_p95_ms,8.7814,ms,ok,,process,65
0.1,ec9d1b29-a9aa-4c3b-9932-1cb0b3c01d02,1787670690107,134054,windows_pdh,process_gpu_pct,44.07132582885081,percent,ok,,process,
0.1,ec9d1b29-a9aa-4c3b-9932-1cb0b3c01d02,1787670691112,135059,psutil,process_cpu_pct_raw,298.6,percent,ok,,process,
0.1,ec9d1b29-a9aa-4c3b-9932-1cb0b3c01d02,1787670691112,135059,psutil,process_cpu_pct,14.930000000000001,percent,ok,,process,
0.1,ec9d1b29-a9aa-4c3b-9932-1cb0b3c01d02,1787670691112,135059,psutil,process_memory_mb,7754.71875,MiB,ok,,process,
0.1,ec9d1b29-a9aa-4c3b-9932-1cb0b3c01d02,1787670691112,135059,win32_foreground,game_foreground,1.0,boolean,ok,,process,
0.1,ec9d1b29-a9aa-4c3b-9932-1cb0b3c01d02,1787670688000,131947,presentmon,app_fps,51.792421155251866,fps,ok,,process,52
0.1,ec9d1b29-a9aa-4c3b-9932-1cb0b3c01d02,1787670688000,131947,presentmon,frame_time_avg_ms,19.30784423076923,ms,ok,,process,52
0.1,ec9d1b29-a9aa-4c3b-9932-1cb0b3c01d02,1787670688000,131947,presentmon,frame_time_p95_ms,25.1348,ms,ok,,process,52
0.1,ec9d1b29-a9aa-4c3b-9932-1cb0b3c01d02,1787670688000,131947,presentmon,gpu_busy_median_ms,8.533,ms,ok,,process,52
0.1,ec9d1b29-a9aa-4c3b-9932-1cb0b3c01d02,1787670688000,131947,presentmon,gpu_busy_p95_ms,9.1009,ms,ok,,process,52
0.1,ec9d1b29-a9aa-4c3b-9932-1cb0b3c01d02,1787670691112,135059,windows_pdh,process_gpu_pct,35.078817552018386,percent,ok,,process,
0.1,ec9d1b29-a9aa-4c3b-9932-1cb0b3c01d02,1787670692102,136049,psutil,process_cpu_pct_raw,288.7,percent,ok,,process,
0.1,ec9d1b29-a9aa-4c3b-9932-1cb0b3c01d02,1787670692102,136049,psutil,process_cpu_pct,14.434999999999999,percent,ok,,process,
0.1,ec9d1b29-a9aa-4c3b-9932-1cb0b3c01d02,1787670692102,136049,psutil,process_memory_mb,7755.015625,MiB,ok,,process,
0.1,ec9d1b29-a9aa-4c3b-9932-1cb0b3c01d02,1787670692102,136049,win32_foreground,game_foreground,1.0,boolean,ok,,process,
0.1,ec9d1b29-a9aa-4c3b-9932-1cb0b3c01d02,1787670689000,132947,presentmon,app_fps,43.26286952149958,fps,ok,,process,43
0.1,ec9d1b29-a9aa-4c3b-9932-1cb0b3c01d02,1787670689000,132947,presentmon,frame_time_avg_ms,23.114509302325583,ms,ok,,process,43
0.1,ec9d1b29-a9aa-4c3b-9932-1cb0b3c01d02,1787670689000,132947,presentmon,frame_time_p95_ms,23.1499,ms,ok,,process,43
0.1,ec9d1b29-a9aa-4c3b-9932-1cb0b3c01d02,1787670689000,132947,presentmon,gpu_busy_median_ms,7.7608,ms,ok,,process,43
0.1,ec9d1b29-a9aa-4c3b-9932-1cb0b3c01d02,1787670689000,132947,presentmon,gpu_busy_p95_ms,9.3185,ms,ok,,process,43
0.1,ec9d1b29-a9aa-4c3b-9932-1cb0b3c01d02,1787670692102,136049,windows_pdh,process_gpu_pct,41.15513383567218,percent,ok,,process,
0.1,ec9d1b29-a9aa-4c3b-9932-1cb0b3c01d02,1787670693108,137055,psutil,process_cpu_pct_raw,335.9,percent,ok,,process,
0.1,ec9d1b29-a9aa-4c3b-9932-1cb0b3c01d02,1787670693108,137055,psutil,process_cpu_pct,16.794999999999998,percent,ok,,process,
0.1,ec9d1b29-a9aa-4c3b-9932-1cb0b3c01d02,1787670693108,137055,psutil,process_memory_mb,7756.42578125,MiB,ok,,process,
0.1,ec9d1b29-a9aa-4c3b-9932-1cb0b3c01d02,1787670693108,137055,win32_foreground,game_foreground,1.0,boolean,ok,,process,
0.1,ec9d1b29-a9aa-4c3b-9932-1cb0b3c01d02,1787670690000,133947,presentmon,app_fps,51.854765173701495,fps,ok,,process,52
0.1,ec9d1b29-a9aa-4c3b-9932-1cb0b3c01d02,1787670690000,133947,presentmon,frame_time_avg_ms,19.28463076923077,ms,ok,,process,52
0.1,ec9d1b29-a9aa-4c3b-9932-1cb0b3c01d02,1787670690000,133947,presentmon,frame_time_p95_ms,27.5344,ms,ok,,process,52
0.1,ec9d1b29-a9aa-4c3b-9932-1cb0b3c01d02,1787670690000,133947,presentmon,gpu_busy_median_ms,7.867,ms,ok,,process,52
0.1,ec9d1b29-a9aa-4c3b-9932-1cb0b3c01d02,1787670690000,133947,presentmon,gpu_busy_p95_ms,8.4083,ms,ok,,process,52
0.1,ec9d1b29-a9aa-4c3b-9932-1cb0b3c01d02,1787670693108,137055,windows_pdh,process_gpu_pct,42.62855253283685,percent,ok,,process,
0.1,ec9d1b29-a9aa-4c3b-9932-1cb0b3c01d02,1787670694114,138061,psutil,process_cpu_pct_raw,354.1,percent,ok,,process,
0.1,ec9d1b29-a9aa-4c3b-9932-1cb0b3c01d02,1787670694114,138061,psutil,process_cpu_pct,17.705000000000002,percent,ok,,process,
0.1,ec9d1b29-a9aa-4c3b-9932-1cb0b3c01d02,1787670694114,138061,psutil,process_memory_mb,7756.58203125,MiB,ok,,process,
0.1,ec9d1b29-a9aa-4c3b-9932-1cb0b3c01d02,1787670694114,138061,win32_foreground,game_foreground,1.0,boolean,ok,,process,
0.1,ec9d1b29-a9aa-4c3b-9932-1cb0b3c01d02,1787670691000,134947,presentmon,app_fps,55.48872247204478,fps,ok,,process,55
0.1,ec9d1b29-a9aa-4c3b-9932-1cb0b3c01d02,1787670691000,134947,presentmon,frame_time_avg_ms,18.02168,ms,ok,,process,55
0.1,ec9d1b29-a9aa-4c3b-9932-1cb0b3c01d02,1787670691000,134947,presentmon,frame_time_p95_ms,29.2446,ms,ok,,process,55
0.1,ec9d1b29-a9aa-4c3b-9932-1cb0b3c01d02,1787670691000,134947,presentmon,gpu_busy_median_ms,7.6234,ms,ok,,process,55
0.1,ec9d1b29-a9aa-4c3b-9932-1cb0b3c01d02,1787670691000,134947,presentmon,gpu_busy_p95_ms,8.3649,ms,ok,,process,55
0.1,ec9d1b29-a9aa-4c3b-9932-1cb0b3c01d02,1787670694114,138061,windows_pdh,process_gpu_pct,51.77616595113202,percent,ok,,process,
0.1,ec9d1b29-a9aa-4c3b-9932-1cb0b3c01d02,1787670694114,138061,nvidia-smi,device_gpu_util_pct,52.0,percent,ok,,device,
0.1,ec9d1b29-a9aa-4c3b-9932-1cb0b3c01d02,1787670694114,138061,nvidia-smi,device_vram_used_mb,4978.0,MiB,ok,,device,
0.1,ec9d1b29-a9aa-4c3b-9932-1cb0b3c01d02,1787670694114,138061,nvidia-smi,device_gpu_temperature_c,58.0,celsius,ok,,device,
0.1,ec9d1b29-a9aa-4c3b-9932-1cb0b3c01d02,1787670694114,138061,nvidia-smi,device_gpu_power_w,85.15,watt,ok,,device,
0.1,ec9d1b29-a9aa-4c3b-9932-1cb0b3c01d02,1787670694114,138061,nvidia-smi,device_gpu_clock_mhz,1980.0,MHz,ok,,device,
0.1,ec9d1b29-a9aa-4c3b-9932-1cb0b3c01d02,1787670695119,139066,psutil,process_cpu_pct_raw,400.0,percent,ok,,process,
0.1,ec9d1b29-a9aa-4c3b-9932-1cb0b3c01d02,1787670695119,139066,psutil,process_cpu_pct,20.0,percent,ok,,process,
0.1,ec9d1b29-a9aa-4c3b-9932-1cb0b3c01d02,1787670695119,139066,psutil,process_memory_mb,7756.6015625,MiB,ok,,process,
0.1,ec9d1b29-a9aa-4c3b-9932-1cb0b3c01d02,1787670695119,139066,win32_foreground,game_foreground,1.0,boolean,ok,,process,
0.1,ec9d1b29-a9aa-4c3b-9932-1cb0b3c01d02,1787670692000,135947,presentmon,app_fps,64.2866671059589,fps,ok,,process,64
0.1,ec9d1b29-a9aa-4c3b-9932-1cb0b3c01d02,1787670692000,135947,presentmon,frame_time_avg_ms,15.555325,ms,ok,,process,64
0.1,ec9d1b29-a9aa-4c3b-9932-1cb0b3c01d02,1787670692000,135947,presentmon,frame_time_p95_ms,24.8628,ms,ok,,process,64
0.1,ec9d1b29-a9aa-4c3b-9932-1cb0b3c01d02,1787670692000,135947,presentmon,gpu_busy_median_ms,7.8178,ms,ok,,process,64
0.1,ec9d1b29-a9aa-4c3b-9932-1cb0b3c01d02,1787670692000,135947,presentmon,gpu_busy_p95_ms,9.2258,ms,ok,,process,64
0.1,ec9d1b29-a9aa-4c3b-9932-1cb0b3c01d02,1787670695119,139066,windows_pdh,process_gpu_pct,44.02950451115048,percent,ok,,process,
0.1,ec9d1b29-a9aa-4c3b-9932-1cb0b3c01d02,1787670696109,140056,psutil,process_cpu_pct_raw,463.2,percent,ok,,process,
0.1,ec9d1b29-a9aa-4c3b-9932-1cb0b3c01d02,1787670696109,140056,psutil,process_cpu_pct,23.16,percent,ok,,process,
0.1,ec9d1b29-a9aa-4c3b-9932-1cb0b3c01d02,1787670696109,140056,psutil,process_memory_mb,7757.88671875,MiB,ok,,process,
0.1,ec9d1b29-a9aa-4c3b-9932-1cb0b3c01d02,1787670696109,140056,win32_foreground,game_foreground,1.0,boolean,ok,,process,
0.1,ec9d1b29-a9aa-4c3b-9932-1cb0b3c01d02,1787670693000,136947,presentmon,app_fps,49.56493879324838,fps,ok,,process,50
0.1,ec9d1b29-a9aa-4c3b-9932-1cb0b3c01d02,1787670693000,136947,presentmon,frame_time_avg_ms,20.175552,ms,ok,,process,50
0.1,ec9d1b29-a9aa-4c3b-9932-1cb0b3c01d02,1787670693000,136947,presentmon,frame_time_p95_ms,27.6312,ms,ok,,process,50
0.1,ec9d1b29-a9aa-4c3b-9932-1cb0b3c01d02,1787670693000,136947,presentmon,gpu_busy_median_ms,8.87425,ms,ok,,process,50
0.1,ec9d1b29-a9aa-4c3b-9932-1cb0b3c01d02,1787670693000,136947,presentmon,gpu_busy_p95_ms,9.2828,ms,ok,,process,50
0.1,ec9d1b29-a9aa-4c3b-9932-1cb0b3c01d02,1787670696109,140056,windows_pdh,process_gpu_pct,57.01349549812388,percent,ok,,process,
0.1,ec9d1b29-a9aa-4c3b-9932-1cb0b3c01d02,1787670697115,141062,psutil,process_cpu_pct_raw,377.2,percent,ok,,process,
0.1,ec9d1b29-a9aa-4c3b-9932-1cb0b3c01d02,1787670697115,141062,psutil,process_cpu_pct,18.86,percent,ok,,process,
0.1,ec9d1b29-a9aa-4c3b-9932-1cb0b3c01d02,1787670697115,141062,psutil,process_memory_mb,7757.96484375,MiB,ok,,process,
0.1,ec9d1b29-a9aa-4c3b-9932-1cb0b3c01d02,1787670697115,141062,win32_foreground,game_foreground,1.0,boolean,ok,,process,
0.1,ec9d1b29-a9aa-4c3b-9932-1cb0b3c01d02,1787670694000,137947,presentmon,app_fps,68.4184472232172,fps,ok,,process,68
0.1,ec9d1b29-a9aa-4c3b-9932-1cb0b3c01d02,1787670694000,137947,presentmon,frame_time_avg_ms,14.615941176470589,ms,ok,,process,68
0.1,ec9d1b29-a9aa-4c3b-9932-1cb0b3c01d02,1787670694000,137947,presentmon,frame_time_p95_ms,20.2988,ms,ok,,process,68
0.1,ec9d1b29-a9aa-4c3b-9932-1cb0b3c01d02,1787670694000,137947,presentmon,gpu_busy_median_ms,8.271999999999998,ms,ok,,process,68
0.1,ec9d1b29-a9aa-4c3b-9932-1cb0b3c01d02,1787670694000,137947,presentmon,gpu_busy_p95_ms,8.8069,ms,ok,,process,68
0.1,ec9d1b29-a9aa-4c3b-9932-1cb0b3c01d02,1787670697115,141062,windows_pdh,process_gpu_pct,43.697407551367164,percent,ok,,process,
0.1,ec9d1b29-a9aa-4c3b-9932-1cb0b3c01d02,1787670698105,142052,psutil,process_cpu_pct_raw,341.1,percent,ok,,process,
0.1,ec9d1b29-a9aa-4c3b-9932-1cb0b3c01d02,1787670698105,142052,psutil,process_cpu_pct,17.055,percent,ok,,process,
0.1,ec9d1b29-a9aa-4c3b-9932-1cb0b3c01d02,1787670698105,142052,psutil,process_memory_mb,7772.26953125,MiB,ok,,process,
0.1,ec9d1b29-a9aa-4c3b-9932-1cb0b3c01d02,1787670698105,142052,win32_foreground,game_foreground,1.0,boolean,ok,,process,
0.1,ec9d1b29-a9aa-4c3b-9932-1cb0b3c01d02,1787670695000,138947,presentmon,app_fps,51.11532127633153,fps,ok,,process,51
0.1,ec9d1b29-a9aa-4c3b-9932-1cb0b3c01d02,1787670695000,138947,presentmon,frame_time_avg_ms,19.56360588235294,ms,ok,,process,51
0.1,ec9d1b29-a9aa-4c3b-9932-1cb0b3c01d02,1787670695000,138947,presentmon,frame_time_p95_ms,28.5439,ms,ok,,process,51
0.1,ec9d1b29-a9aa-4c3b-9932-1cb0b3c01d02,1787670695000,138947,presentmon,gpu_busy_median_ms,8.6055,ms,ok,,process,51
0.1,ec9d1b29-a9aa-4c3b-9932-1cb0b3c01d02,1787670695000,138947,presentmon,gpu_busy_p95_ms,8.9996,ms,ok,,process,51
0.1,ec9d1b29-a9aa-4c3b-9932-1cb0b3c01d02,1787670698105,142052,windows_pdh,process_gpu_pct,8.608851597831748,percent,ok,,process,
0.1,ec9d1b29-a9aa-4c3b-9932-1cb0b3c01d02,1787670699111,143058,psutil,process_cpu_pct_raw,520.3,percent,ok,,process,
0.1,ec9d1b29-a9aa-4c3b-9932-1cb0b3c01d02,1787670699111,143058,psutil,process_cpu_pct,26.014999999999997,percent,ok,,process,
0.1,ec9d1b29-a9aa-4c3b-9932-1cb0b3c01d02,1787670699111,143058,psutil,process_memory_mb,7783.8828125,MiB,ok,,process,
0.1,ec9d1b29-a9aa-4c3b-9932-1cb0b3c01d02,1787670699111,143058,win32_foreground,game_foreground,1.0,boolean,ok,,process,
0.1,ec9d1b29-a9aa-4c3b-9932-1cb0b3c01d02,1787670696000,139947,presentmon,app_fps,5.798183776913719,fps,ok,,process,6
0.1,ec9d1b29-a9aa-4c3b-9932-1cb0b3c01d02,1787670696000,139947,presentmon,frame_time_avg_ms,172.4678,ms,ok,,process,6
0.1,ec9d1b29-a9aa-4c3b-9932-1cb0b3c01d02,1787670696000,139947,presentmon,frame_time_p95_ms,882.3307,ms,ok,,process,6
0.1,ec9d1b29-a9aa-4c3b-9932-1cb0b3c01d02,1787670696000,139947,presentmon,gpu_busy_median_ms,17.597299999999997,ms,ok,,process,6
0.1,ec9d1b29-a9aa-4c3b-9932-1cb0b3c01d02,1787670696000,139947,presentmon,gpu_busy_p95_ms,47.0002,ms,ok,,process,6
0.1,ec9d1b29-a9aa-4c3b-9932-1cb0b3c01d02,1787670699111,143058,windows_pdh,process_gpu_pct,79.6197541240912,percent,ok,,process,
0.1,ec9d1b29-a9aa-4c3b-9932-1cb0b3c01d02,1787670699111,143058,nvidia-smi,device_gpu_util_pct,75.0,percent,ok,,device,
0.1,ec9d1b29-a9aa-4c3b-9932-1cb0b3c01d02,1787670699111,143058,nvidia-smi,device_vram_used_mb,5048.0,MiB,ok,,device,
0.1,ec9d1b29-a9aa-4c3b-9932-1cb0b3c01d02,1787670699111,143058,nvidia-smi,device_gpu_temperature_c,59.0,celsius,ok,,device,
0.1,ec9d1b29-a9aa-4c3b-9932-1cb0b3c01d02,1787670699111,143058,nvidia-smi,device_gpu_power_w,110.22,watt,ok,,device,
0.1,ec9d1b29-a9aa-4c3b-9932-1cb0b3c01d02,1787670699111,143058,nvidia-smi,device_gpu_clock_mhz,1980.0,MHz,ok,,device,
0.1,ec9d1b29-a9aa-4c3b-9932-1cb0b3c01d02,1787670700116,144063,psutil,process_cpu_pct_raw,634.4,percent,ok,,process,
0.1,ec9d1b29-a9aa-4c3b-9932-1cb0b3c01d02,1787670700116,144063,psutil,process_cpu_pct,31.72,percent,ok,,process,
0.1,ec9d1b29-a9aa-4c3b-9932-1cb0b3c01d02,1787670700116,144063,psutil,process_memory_mb,7784.3671875,MiB,ok,,process,
0.1,ec9d1b29-a9aa-4c3b-9932-1cb0b3c01d02,1787670700116,144063,win32_foreground,game_foreground,0.0,boolean,ok,,process,
0.1,ec9d1b29-a9aa-4c3b-9932-1cb0b3c01d02,1787670697000,140947,presentmon,app_fps,37.04835736845518,fps,ok,,process,36
0.1,ec9d1b29-a9aa-4c3b-9932-1cb0b3c01d02,1787670697000,140947,presentmon,frame_time_avg_ms,26.99175,ms,ok,,process,36
0.1,ec9d1b29-a9aa-4c3b-9932-1cb0b3c01d02,1787670697000,140947,presentmon,frame_time_p95_ms,39.2425,ms,ok,,process,36
0.1,ec9d1b29-a9aa-4c3b-9932-1cb0b3c01d02,1787670697000,140947,presentmon,gpu_busy_median_ms,20.987299999999998,ms,ok,,process,36
0.1,ec9d1b29-a9aa-4c3b-9932-1cb0b3c01d02,1787670697000,140947,presentmon,gpu_busy_p95_ms,24.1921,ms,ok,,process,36
0.1,ec9d1b29-a9aa-4c3b-9932-1cb0b3c01d02,1787670700116,144063,windows_pdh,process_gpu_pct,67.95058311026001,percent,ok,,process,
0.1,ec9d1b29-a9aa-4c3b-9932-1cb0b3c01d02,1787670701106,145053,psutil,process_cpu_pct_raw,639.3,percent,ok,,process,
0.1,ec9d1b29-a9aa-4c3b-9932-1cb0b3c01d02,1787670701106,145053,psutil,process_cpu_pct,31.964999999999996,percent,ok,,process,
0.1,ec9d1b29-a9aa-4c3b-9932-1cb0b3c01d02,1787670701106,145053,psutil,process_memory_mb,7786.1875,MiB,ok,,process,
0.1,ec9d1b29-a9aa-4c3b-9932-1cb0b3c01d02,1787670701106,145053,win32_foreground,game_foreground,0.0,boolean,ok,,process,
0.1,ec9d1b29-a9aa-4c3b-9932-1cb0b3c01d02,1787670698000,141947,presentmon,app_fps,33.750218011518555,fps,ok,,process,34
0.1,ec9d1b29-a9aa-4c3b-9932-1cb0b3c01d02,1787670698000,141947,presentmon,frame_time_avg_ms,29.629438235294117,ms,ok,,process,34
0.1,ec9d1b29-a9aa-4c3b-9932-1cb0b3c01d02,1787670698000,141947,presentmon,frame_time_p95_ms,44.4675,ms,ok,,process,34
0.1,ec9d1b29-a9aa-4c3b-9932-1cb0b3c01d02,1787670698000,141947,presentmon,gpu_busy_median_ms,20.261,ms,ok,,process,34
0.1,ec9d1b29-a9aa-4c3b-9932-1cb0b3c01d02,1787670698000,141947,presentmon,gpu_busy_p95_ms,21.1483,ms,ok,,process,34
0.1,ec9d1b29-a9aa-4c3b-9932-1cb0b3c01d02,1787670701106,145053,windows_pdh,process_gpu_pct,82.7451074288838,percent,ok,,process,
0.1,ec9d1b29-a9aa-4c3b-9932-1cb0b3c01d02,1787670702112,146059,psutil,process_cpu_pct_raw,529.6,percent,ok,,process,
0.1,ec9d1b29-a9aa-4c3b-9932-1cb0b3c01d02,1787670702112,146059,psutil,process_cpu_pct,26.48,percent,ok,,process,
0.1,ec9d1b29-a9aa-4c3b-9932-1cb0b3c01d02,1787670702112,146059,psutil,process_memory_mb,7784.3203125,MiB,ok,,process,
0.1,ec9d1b29-a9aa-4c3b-9932-1cb0b3c01d02,1787670702112,146059,win32_foreground,game_foreground,1.0,boolean,ok,,process,
0.1,ec9d1b29-a9aa-4c3b-9932-1cb0b3c01d02,1787670699000,142947,presentmon,app_fps,41.55183748812859,fps,ok,,process,41
0.1,ec9d1b29-a9aa-4c3b-9932-1cb0b3c01d02,1787670699000,142947,presentmon,frame_time_avg_ms,24.066324390243903,ms,ok,,process,41
0.1,ec9d1b29-a9aa-4c3b-9932-1cb0b3c01d02,1787670699000,142947,presentmon,frame_time_p95_ms,40.9539,ms,ok,,process,41
0.1,ec9d1b29-a9aa-4c3b-9932-1cb0b3c01d02,1787670699000,142947,presentmon,gpu_busy_median_ms,20.035,ms,ok,,process,41
0.1,ec9d1b29-a9aa-4c3b-9932-1cb0b3c01d02,1787670699000,142947,presentmon,gpu_busy_p95_ms,20.8264,ms,ok,,process,41
0.1,ec9d1b29-a9aa-4c3b-9932-1cb0b3c01d02,1787670702112,146059,windows_pdh,process_gpu_pct,87.34069020465729,percent,ok,,process,
0.1,ec9d1b29-a9aa-4c3b-9932-1cb0b3c01d02,1787670703102,147049,psutil,process_cpu_pct_raw,201.5,percent,ok,,process,
0.1,ec9d1b29-a9aa-4c3b-9932-1cb0b3c01d02,1787670703102,147049,psutil,process_cpu_pct,10.075,percent,ok,,process,
0.1,ec9d1b29-a9aa-4c3b-9932-1cb0b3c01d02,1787670703102,147049,psutil,process_memory_mb,7784.921875,MiB,ok,,process,
0.1,ec9d1b29-a9aa-4c3b-9932-1cb0b3c01d02,1787670703102,147049,win32_foreground,game_foreground,1.0,boolean,ok,,process,
0.1,ec9d1b29-a9aa-4c3b-9932-1cb0b3c01d02,1787670703102,147049,windows_pdh,process_gpu_pct,22.14844796770801,percent,ok,,process,
0.1,ec9d1b29-a9aa-4c3b-9932-1cb0b3c01d02,1787670704123,148070,psutil,process_cpu_pct_raw,531.1,percent,ok,,process,
0.1,ec9d1b29-a9aa-4c3b-9932-1cb0b3c01d02,1787670704123,148070,psutil,process_cpu_pct,26.555,percent,ok,,process,
0.1,ec9d1b29-a9aa-4c3b-9932-1cb0b3c01d02,1787670704123,148070,psutil,process_memory_mb,7784.80859375,MiB,ok,,process,
0.1,ec9d1b29-a9aa-4c3b-9932-1cb0b3c01d02,1787670704123,148070,win32_foreground,game_foreground,0.0,boolean,ok,,process,
0.1,ec9d1b29-a9aa-4c3b-9932-1cb0b3c01d02,1787670700000,143947,presentmon,app_fps,27.51267422176663,fps,ok,,process,46
0.1,ec9d1b29-a9aa-4c3b-9932-1cb0b3c01d02,1787670700000,143947,presentmon,frame_time_avg_ms,36.3468847826087,ms,ok,,process,46
0.1,ec9d1b29-a9aa-4c3b-9932-1cb0b3c01d02,1787670700000,143947,presentmon,frame_time_p95_ms,29.8053,ms,ok,,process,46
0.1,ec9d1b29-a9aa-4c3b-9932-1cb0b3c01d02,1787670700000,143947,presentmon,gpu_busy_median_ms,19.19235,ms,ok,,process,46
0.1,ec9d1b29-a9aa-4c3b-9932-1cb0b3c01d02,1787670700000,143947,presentmon,gpu_busy_p95_ms,19.8386,ms,ok,,process,46
0.1,ec9d1b29-a9aa-4c3b-9932-1cb0b3c01d02,1787670701000,144947,presentmon,app_fps,32.44667389145938,fps,ok,,process,11
0.1,ec9d1b29-a9aa-4c3b-9932-1cb0b3c01d02,1787670701000,144947,presentmon,frame_time_avg_ms,30.8198,ms,ok,,process,11
0.1,ec9d1b29-a9aa-4c3b-9932-1cb0b3c01d02,1787670701000,144947,presentmon,frame_time_p95_ms,45.0862,ms,ok,,process,11
0.1,ec9d1b29-a9aa-4c3b-9932-1cb0b3c01d02,1787670701000,144947,presentmon,gpu_busy_median_ms,20.0436,ms,ok,,process,11
0.1,ec9d1b29-a9aa-4c3b-9932-1cb0b3c01d02,1787670701000,144947,presentmon,gpu_busy_p95_ms,20.761,ms,ok,,process,11
0.1,ec9d1b29-a9aa-4c3b-9932-1cb0b3c01d02,1787670704123,148070,windows_pdh,process_gpu_pct,85.24003792043004,percent,ok,,process,
0.1,ec9d1b29-a9aa-4c3b-9932-1cb0b3c01d02,1787670704123,148070,nvidia-smi,device_gpu_util_pct,80.0,percent,ok,,device,
0.1,ec9d1b29-a9aa-4c3b-9932-1cb0b3c01d02,1787670704123,148070,nvidia-smi,device_vram_used_mb,5003.0,MiB,ok,,device,
0.1,ec9d1b29-a9aa-4c3b-9932-1cb0b3c01d02,1787670704123,148070,nvidia-smi,device_gpu_temperature_c,61.0,celsius,ok,,device,
0.1,ec9d1b29-a9aa-4c3b-9932-1cb0b3c01d02,1787670704123,148070,nvidia-smi,device_gpu_power_w,146.71,watt,ok,,device,
0.1,ec9d1b29-a9aa-4c3b-9932-1cb0b3c01d02,1787670704123,148070,nvidia-smi,device_gpu_clock_mhz,1980.0,MHz,ok,,device,
0.1,ec9d1b29-a9aa-4c3b-9932-1cb0b3c01d02,1787670705113,149060,psutil,process_cpu_pct_raw,562.5,percent,ok,,process,
0.1,ec9d1b29-a9aa-4c3b-9932-1cb0b3c01d02,1787670705113,149060,psutil,process_cpu_pct,28.125,percent,ok,,process,
0.1,ec9d1b29-a9aa-4c3b-9932-1cb0b3c01d02,1787670705113,149060,psutil,process_memory_mb,7782.47265625,MiB,ok,,process,
0.1,ec9d1b29-a9aa-4c3b-9932-1cb0b3c01d02,1787670705113,149060,win32_foreground,game_foreground,0.0,boolean,ok,,process,
0.1,ec9d1b29-a9aa-4c3b-9932-1cb0b3c01d02,1787670705113,149060,windows_pdh,process_gpu_pct,85.1235454821,percent,ok,,process,
0.1,ec9d1b29-a9aa-4c3b-9932-1cb0b3c01d02,1787670706118,150065,psutil,process_cpu_pct_raw,562.5,percent,ok,,process,
0.1,ec9d1b29-a9aa-4c3b-9932-1cb0b3c01d02,1787670706118,150065,psutil,process_cpu_pct,28.125,percent,ok,,process,
0.1,ec9d1b29-a9aa-4c3b-9932-1cb0b3c01d02,1787670706118,150065,psutil,process_memory_mb,7782.5078125,MiB,ok,,process,
0.1,ec9d1b29-a9aa-4c3b-9932-1cb0b3c01d02,1787670706118,150065,win32_foreground,game_foreground,0.0,boolean,ok,,process,
0.1,ec9d1b29-a9aa-4c3b-9932-1cb0b3c01d02,1787670706118,150065,windows_pdh,process_gpu_pct,75.93158043074695,percent,ok,,process,
0.1,ec9d1b29-a9aa-4c3b-9932-1cb0b3c01d02,1787670707109,151056,psutil,process_cpu_pct_raw,644.0,percent,ok,,process,
0.1,ec9d1b29-a9aa-4c3b-9932-1cb0b3c01d02,1787670707109,151056,psutil,process_cpu_pct,32.2,percent,ok,,process,
0.1,ec9d1b29-a9aa-4c3b-9932-1cb0b3c01d02,1787670707109,151056,psutil,process_memory_mb,7785.25,MiB,ok,,process,
0.1,ec9d1b29-a9aa-4c3b-9932-1cb0b3c01d02,1787670707109,151056,win32_foreground,game_foreground,0.0,boolean,ok,,process,
0.1,ec9d1b29-a9aa-4c3b-9932-1cb0b3c01d02,1787670707109,151056,windows_pdh,process_gpu_pct,93.3185060546742,percent,ok,,process,
0.1,ec9d1b29-a9aa-4c3b-9932-1cb0b3c01d02,1787670708114,152061,psutil,process_cpu_pct_raw,617.3,percent,ok,,process,
0.1,ec9d1b29-a9aa-4c3b-9932-1cb0b3c01d02,1787670708114,152061,psutil,process_cpu_pct,30.865,percent,ok,,process,
0.1,ec9d1b29-a9aa-4c3b-9932-1cb0b3c01d02,1787670708114,152061,psutil,process_memory_mb,7786.18359375,MiB,ok,,process,
0.1,ec9d1b29-a9aa-4c3b-9932-1cb0b3c01d02,1787670708114,152061,win32_foreground,game_foreground,0.0,boolean,ok,,process,
0.1,ec9d1b29-a9aa-4c3b-9932-1cb0b3c01d02,1787670708114,152061,windows_pdh,process_gpu_pct,86.37109970880573,percent,ok,,process,
0.1,ec9d1b29-a9aa-4c3b-9932-1cb0b3c01d02,1787670709104,153051,psutil,process_cpu_pct_raw,521.9,percent,ok,,process,
0.1,ec9d1b29-a9aa-4c3b-9932-1cb0b3c01d02,1787670709104,153051,psutil,process_cpu_pct,26.095,percent,ok,,process,
0.1,ec9d1b29-a9aa-4c3b-9932-1cb0b3c01d02,1787670709104,153051,psutil,process_memory_mb,7792.41015625,MiB,ok,,process,
0.1,ec9d1b29-a9aa-4c3b-9932-1cb0b3c01d02,1787670709104,153051,win32_foreground,game_foreground,0.0,boolean,ok,,process,
0.1,ec9d1b29-a9aa-4c3b-9932-1cb0b3c01d02,1787670709104,153051,windows_pdh,process_gpu_pct,73.44205337893048,percent,ok,,process,
0.1,ec9d1b29-a9aa-4c3b-9932-1cb0b3c01d02,1787670710109,154056,psutil,process_cpu_pct_raw,642.2,percent,ok,,process,
0.1,ec9d1b29-a9aa-4c3b-9932-1cb0b3c01d02,1787670710109,154056,psutil,process_cpu_pct,32.11,percent,ok,,process,
0.1,ec9d1b29-a9aa-4c3b-9932-1cb0b3c01d02,1787670710109,154056,psutil,process_memory_mb,7793.421875,MiB,ok,,process,
0.1,ec9d1b29-a9aa-4c3b-9932-1cb0b3c01d02,1787670710109,154056,win32_foreground,game_foreground,0.0,boolean,ok,,process,
0.1,ec9d1b29-a9aa-4c3b-9932-1cb0b3c01d02,1787670710109,154056,windows_pdh,process_gpu_pct,89.05466424207414,percent,ok,,process,
0.1,ec9d1b29-a9aa-4c3b-9932-1cb0b3c01d02,1787670710109,154056,nvidia-smi,device_gpu_util_pct,86.0,percent,ok,,device,
0.1,ec9d1b29-a9aa-4c3b-9932-1cb0b3c01d02,1787670710109,154056,nvidia-smi,device_vram_used_mb,5048.0,MiB,ok,,device,
0.1,ec9d1b29-a9aa-4c3b-9932-1cb0b3c01d02,1787670710109,154056,nvidia-smi,device_gpu_temperature_c,62.0,celsius,ok,,device,
0.1,ec9d1b29-a9aa-4c3b-9932-1cb0b3c01d02,1787670710109,154056,nvidia-smi,device_gpu_power_w,145.32,watt,ok,,device,
0.1,ec9d1b29-a9aa-4c3b-9932-1cb0b3c01d02,1787670710109,154056,nvidia-smi,device_gpu_clock_mhz,1965.0,MHz,ok,,device,
0.1,ec9d1b29-a9aa-4c3b-9932-1cb0b3c01d02,1787670711115,155062,psutil,process_cpu_pct_raw,568.0,percent,ok,,process,
0.1,ec9d1b29-a9aa-4c3b-9932-1cb0b3c01d02,1787670711115,155062,psutil,process_cpu_pct,28.4,percent,ok,,process,
0.1,ec9d1b29-a9aa-4c3b-9932-1cb0b3c01d02,1787670711115,155062,psutil,process_memory_mb,7793.62890625,MiB,ok,,process,
0.1,ec9d1b29-a9aa-4c3b-9932-1cb0b3c01d02,1787670711115,155062,win32_foreground,game_foreground,0.0,boolean,ok,,process,
0.1,ec9d1b29-a9aa-4c3b-9932-1cb0b3c01d02,1787670711115,155062,windows_pdh,process_gpu_pct,87.0123879594846,percent,ok,,process,
0.1,ec9d1b29-a9aa-4c3b-9932-1cb0b3c01d02,1787670712105,156052,psutil,process_cpu_pct_raw,636.1,percent,ok,,process,
0.1,ec9d1b29-a9aa-4c3b-9932-1cb0b3c01d02,1787670712105,156052,psutil,process_cpu_pct,31.805,percent,ok,,process,
0.1,ec9d1b29-a9aa-4c3b-9932-1cb0b3c01d02,1787670712105,156052,psutil,process_memory_mb,7798.97265625,MiB,ok,,process,
0.1,ec9d1b29-a9aa-4c3b-9932-1cb0b3c01d02,1787670712105,156052,win32_foreground,game_foreground,0.0,boolean,ok,,process,
0.1,ec9d1b29-a9aa-4c3b-9932-1cb0b3c01d02,1787670712105,156052,windows_pdh,process_gpu_pct,73.38425141482216,percent,ok,,process,
0.1,ec9d1b29-a9aa-4c3b-9932-1cb0b3c01d02,1787670713111,157058,psutil,process_cpu_pct_raw,672.7,percent,ok,,process,
0.1,ec9d1b29-a9aa-4c3b-9932-1cb0b3c01d02,1787670713111,157058,psutil,process_cpu_pct,33.635000000000005,percent,ok,,process,
0.1,ec9d1b29-a9aa-4c3b-9932-1cb0b3c01d02,1787670713111,157058,psutil,process_memory_mb,7792.69140625,MiB,ok,,process,
0.1,ec9d1b29-a9aa-4c3b-9932-1cb0b3c01d02,1787670713111,157058,win32_foreground,game_foreground,0.0,boolean,ok,,process,
0.1,ec9d1b29-a9aa-4c3b-9932-1cb0b3c01d02,1787670713111,157058,windows_pdh,process_gpu_pct,89.08607153361369,percent,ok,,process,
0.1,ec9d1b29-a9aa-4c3b-9932-1cb0b3c01d02,1787670714101,158048,psutil,process_cpu_pct_raw,626.6,percent,ok,,process,
0.1,ec9d1b29-a9aa-4c3b-9932-1cb0b3c01d02,1787670714101,158048,psutil,process_cpu_pct,31.330000000000002,percent,ok,,process,
0.1,ec9d1b29-a9aa-4c3b-9932-1cb0b3c01d02,1787670714101,158048,psutil,process_memory_mb,7792.95703125,MiB,ok,,process,
0.1,ec9d1b29-a9aa-4c3b-9932-1cb0b3c01d02,1787670714101,158048,win32_foreground,game_foreground,1.0,boolean,ok,,process,
0.1,ec9d1b29-a9aa-4c3b-9932-1cb0b3c01d02,1787670714101,158048,windows_pdh,process_gpu_pct,83.79681698944842,percent,ok,,process,
0.1,ec9d1b29-a9aa-4c3b-9932-1cb0b3c01d02,1787670715107,159054,psutil,process_cpu_pct_raw,562.5,percent,ok,,process,
0.1,ec9d1b29-a9aa-4c3b-9932-1cb0b3c01d02,1787670715107,159054,psutil,process_cpu_pct,28.125,percent,ok,,process,
0.1,ec9d1b29-a9aa-4c3b-9932-1cb0b3c01d02,1787670715107,159054,psutil,process_memory_mb,7788.296875,MiB,ok,,process,
0.1,ec9d1b29-a9aa-4c3b-9932-1cb0b3c01d02,1787670715107,159054,win32_foreground,game_foreground,1.0,boolean,ok,,process,
0.1,ec9d1b29-a9aa-4c3b-9932-1cb0b3c01d02,1787670702000,145947,presentmon,app_fps,2.276209915283291,fps,ok,,process,25
0.1,ec9d1b29-a9aa-4c3b-9932-1cb0b3c01d02,1787670702000,145947,presentmon,frame_time_avg_ms,439.326792,ms,ok,,process,25
0.1,ec9d1b29-a9aa-4c3b-9932-1cb0b3c01d02,1787670702000,145947,presentmon,frame_time_p95_ms,36.5228,ms,ok,,process,25
0.1,ec9d1b29-a9aa-4c3b-9932-1cb0b3c01d02,1787670702000,145947,presentmon,gpu_busy_median_ms,19.6804,ms,ok,,process,25
0.1,ec9d1b29-a9aa-4c3b-9932-1cb0b3c01d02,1787670702000,145947,presentmon,gpu_busy_p95_ms,20.5777,ms,ok,,process,25
0.1,ec9d1b29-a9aa-4c3b-9932-1cb0b3c01d02,1787670712000,155947,presentmon,app_fps,26.985382018560546,fps,ok,,process,1
0.1,ec9d1b29-a9aa-4c3b-9932-1cb0b3c01d02,1787670712000,155947,presentmon,frame_time_avg_ms,37.0571,ms,ok,,process,1
0.1,ec9d1b29-a9aa-4c3b-9932-1cb0b3c01d02,1787670712000,155947,presentmon,frame_time_p95_ms,37.0571,ms,ok,,process,1
0.1,ec9d1b29-a9aa-4c3b-9932-1cb0b3c01d02,1787670712000,155947,presentmon,gpu_busy_median_ms,21.9149,ms,ok,,process,1
0.1,ec9d1b29-a9aa-4c3b-9932-1cb0b3c01d02,1787670712000,155947,presentmon,gpu_busy_p95_ms,21.9149,ms,ok,,process,1
0.1,ec9d1b29-a9aa-4c3b-9932-1cb0b3c01d02,1787670715107,159054,windows_pdh,process_gpu_pct,69.50294358142185,percent,ok,,process,
0.1,ec9d1b29-a9aa-4c3b-9932-1cb0b3c01d02,1787670715107,159054,nvidia-smi,device_gpu_util_pct,66.0,percent,ok,,device,
0.1,ec9d1b29-a9aa-4c3b-9932-1cb0b3c01d02,1787670715107,159054,nvidia-smi,device_vram_used_mb,5115.0,MiB,ok,,device,
0.1,ec9d1b29-a9aa-4c3b-9932-1cb0b3c01d02,1787670715107,159054,nvidia-smi,device_gpu_temperature_c,59.0,celsius,ok,,device,
0.1,ec9d1b29-a9aa-4c3b-9932-1cb0b3c01d02,1787670715107,159054,nvidia-smi,device_gpu_power_w,102.61,watt,ok,,device,
0.1,ec9d1b29-a9aa-4c3b-9932-1cb0b3c01d02,1787670715107,159054,nvidia-smi,device_gpu_clock_mhz,1965.0,MHz,ok,,device,
0.1,ec9d1b29-a9aa-4c3b-9932-1cb0b3c01d02,1787670716097,160044,psutil,process_cpu_pct_raw,784.4,percent,ok,,process,
0.1,ec9d1b29-a9aa-4c3b-9932-1cb0b3c01d02,1787670716097,160044,psutil,process_cpu_pct,39.22,percent,ok,,process,
0.1,ec9d1b29-a9aa-4c3b-9932-1cb0b3c01d02,1787670716097,160044,psutil,process_memory_mb,7797.703125,MiB,ok,,process,
0.1,ec9d1b29-a9aa-4c3b-9932-1cb0b3c01d02,1787670716097,160044,win32_foreground,game_foreground,1.0,boolean,ok,,process,
0.1,ec9d1b29-a9aa-4c3b-9932-1cb0b3c01d02,1787670713000,156947,presentmon,app_fps,34.41799972303633,fps,ok,,process,34
0.1,ec9d1b29-a9aa-4c3b-9932-1cb0b3c01d02,1787670713000,156947,presentmon,frame_time_avg_ms,29.054564705882353,ms,ok,,process,34
0.1,ec9d1b29-a9aa-4c3b-9932-1cb0b3c01d02,1787670713000,156947,presentmon,frame_time_p95_ms,48.4245,ms,ok,,process,34
0.1,ec9d1b29-a9aa-4c3b-9932-1cb0b3c01d02,1787670713000,156947,presentmon,gpu_busy_median_ms,20.1298,ms,ok,,process,34
0.1,ec9d1b29-a9aa-4c3b-9932-1cb0b3c01d02,1787670713000,156947,presentmon,gpu_busy_p95_ms,23.1679,ms,ok,,process,34
0.1,ec9d1b29-a9aa-4c3b-9932-1cb0b3c01d02,1787670716097,160044,windows_pdh,process_gpu_pct,82.63147235908089,percent,ok,,process,
0.1,ec9d1b29-a9aa-4c3b-9932-1cb0b3c01d02,1787670717118,161065,psutil,process_cpu_pct_raw,661.9,percent,ok,,process,
0.1,ec9d1b29-a9aa-4c3b-9932-1cb0b3c01d02,1787670717118,161065,psutil,process_cpu_pct,33.095,percent,ok,,process,
0.1,ec9d1b29-a9aa-4c3b-9932-1cb0b3c01d02,1787670717118,161065,psutil,process_memory_mb,7799.1484375,MiB,ok,,process,
0.1,ec9d1b29-a9aa-4c3b-9932-1cb0b3c01d02,1787670717118,161065,win32_foreground,game_foreground,1.0,boolean,ok,,process,
0.1,ec9d1b29-a9aa-4c3b-9932-1cb0b3c01d02,1787670714000,157947,presentmon,app_fps,41.413697994748745,fps,ok,,process,41
0.1,ec9d1b29-a9aa-4c3b-9932-1cb0b3c01d02,1787670714000,157947,presentmon,frame_time_avg_ms,24.1466,ms,ok,,process,41
0.1,ec9d1b29-a9aa-4c3b-9932-1cb0b3c01d02,1787670714000,157947,presentmon,frame_time_p95_ms,38.5197,ms,ok,,process,41
0.1,ec9d1b29-a9aa-4c3b-9932-1cb0b3c01d02,1787670714000,157947,presentmon,gpu_busy_median_ms,20.1846,ms,ok,,process,41
0.1,ec9d1b29-a9aa-4c3b-9932-1cb0b3c01d02,1787670714000,157947,presentmon,gpu_busy_p95_ms,21.3951,ms,ok,,process,41
0.1,ec9d1b29-a9aa-4c3b-9932-1cb0b3c01d02,1787670717118,161065,windows_pdh,process_gpu_pct,83.71742150243335,percent,ok,,process,
0.1,ec9d1b29-a9aa-4c3b-9932-1cb0b3c01d02,1787670718123,162070,psutil,process_cpu_pct_raw,553.1,percent,ok,,process,
0.1,ec9d1b29-a9aa-4c3b-9932-1cb0b3c01d02,1787670718123,162070,psutil,process_cpu_pct,27.655,percent,ok,,process,
0.1,ec9d1b29-a9aa-4c3b-9932-1cb0b3c01d02,1787670718123,162070,psutil,process_memory_mb,7799.4921875,MiB,ok,,process,
0.1,ec9d1b29-a9aa-4c3b-9932-1cb0b3c01d02,1787670718123,162070,win32_foreground,game_foreground,1.0,boolean,ok,,process,
0.1,ec9d1b29-a9aa-4c3b-9932-1cb0b3c01d02,1787670715000,158947,presentmon,app_fps,39.2105120245897,fps,ok,,process,40
0.1,ec9d1b29-a9aa-4c3b-9932-1cb0b3c01d02,1787670715000,158947,presentmon,frame_time_avg_ms,25.503365,ms,ok,,process,40
0.1,ec9d1b29-a9aa-4c3b-9932-1cb0b3c01d02,1787670715000,158947,presentmon,frame_time_p95_ms,39.5786,ms,ok,,process,40
0.1,ec9d1b29-a9aa-4c3b-9932-1cb0b3c01d02,1787670715000,158947,presentmon,gpu_busy_median_ms,20.88165,ms,ok,,process,40
0.1,ec9d1b29-a9aa-4c3b-9932-1cb0b3c01d02,1787670715000,158947,presentmon,gpu_busy_p95_ms,23.6337,ms,ok,,process,40
0.1,ec9d1b29-a9aa-4c3b-9932-1cb0b3c01d02,1787670718123,162070,windows_pdh,process_gpu_pct,76.34813060194357,percent,ok,,process,
0.1,ec9d1b29-a9aa-4c3b-9932-1cb0b3c01d02,1787670719114,163061,psutil,process_cpu_pct_raw,578.1,percent,ok,,process,
0.1,ec9d1b29-a9aa-4c3b-9932-1cb0b3c01d02,1787670719114,163061,psutil,process_cpu_pct,28.905,percent,ok,,process,
0.1,ec9d1b29-a9aa-4c3b-9932-1cb0b3c01d02,1787670719114,163061,psutil,process_memory_mb,7800.6328125,MiB,ok,,process,
0.1,ec9d1b29-a9aa-4c3b-9932-1cb0b3c01d02,1787670719114,163061,win32_foreground,game_foreground,1.0,boolean,ok,,process,
0.1,ec9d1b29-a9aa-4c3b-9932-1cb0b3c01d02,1787670716000,159947,presentmon,app_fps,36.07124751585048,fps,ok,,process,35
0.1,ec9d1b29-a9aa-4c3b-9932-1cb0b3c01d02,1787670716000,159947,presentmon,frame_time_avg_ms,27.72291142857143,ms,ok,,process,35
0.1,ec9d1b29-a9aa-4c3b-9932-1cb0b3c01d02,1787670716000,159947,presentmon,frame_time_p95_ms,46.2847,ms,ok,,process,35
0.1,ec9d1b29-a9aa-4c3b-9932-1cb0b3c01d02,1787670716000,159947,presentmon,gpu_busy_median_ms,21.4459,ms,ok,,process,35
0.1,ec9d1b29-a9aa-4c3b-9932-1cb0b3c01d02,1787670716000,159947,presentmon,gpu_busy_p95_ms,22.5718,ms,ok,,process,35
0.1,ec9d1b29-a9aa-4c3b-9932-1cb0b3c01d02,1787670719114,163061,windows_pdh,process_gpu_pct,89.35186196497433,percent,ok,,process,
0.1,ec9d1b29-a9aa-4c3b-9932-1cb0b3c01d02,1787670720104,164051,psutil,process_cpu_pct_raw,631.3,percent,ok,,process,
0.1,ec9d1b29-a9aa-4c3b-9932-1cb0b3c01d02,1787670720104,164051,psutil,process_cpu_pct,31.564999999999998,percent,ok,,process,
0.1,ec9d1b29-a9aa-4c3b-9932-1cb0b3c01d02,1787670720104,164051,psutil,process_memory_mb,7799.91796875,MiB,ok,,process,
0.1,ec9d1b29-a9aa-4c3b-9932-1cb0b3c01d02,1787670720104,164051,win32_foreground,game_foreground,1.0,boolean,ok,,process,
0.1,ec9d1b29-a9aa-4c3b-9932-1cb0b3c01d02,1787670717000,160947,presentmon,app_fps,39.64996622983364,fps,ok,,process,41
0.1,ec9d1b29-a9aa-4c3b-9932-1cb0b3c01d02,1787670717000,160947,presentmon,frame_time_avg_ms,25.22070243902439,ms,ok,,process,41
0.1,ec9d1b29-a9aa-4c3b-9932-1cb0b3c01d02,1787670717000,160947,presentmon,frame_time_p95_ms,37.7539,ms,ok,,process,41
0.1,ec9d1b29-a9aa-4c3b-9932-1cb0b3c01d02,1787670717000,160947,presentmon,gpu_busy_median_ms,22.2002,ms,ok,,process,41
0.1,ec9d1b29-a9aa-4c3b-9932-1cb0b3c01d02,1787670717000,160947,presentmon,gpu_busy_p95_ms,23.8355,ms,ok,,process,41
0.1,ec9d1b29-a9aa-4c3b-9932-1cb0b3c01d02,1787670720104,164051,windows_pdh,process_gpu_pct,87.66221313175207,percent,ok,,process,
0.1,ec9d1b29-a9aa-4c3b-9932-1cb0b3c01d02,1787670720104,164051,nvidia-smi,device_gpu_util_pct,87.0,percent,ok,,device,
0.1,ec9d1b29-a9aa-4c3b-9932-1cb0b3c01d02,1787670720104,164051,nvidia-smi,device_vram_used_mb,5128.0,MiB,ok,,device,
0.1,ec9d1b29-a9aa-4c3b-9932-1cb0b3c01d02,1787670720104,164051,nvidia-smi,device_gpu_temperature_c,63.0,celsius,ok,,device,
0.1,ec9d1b29-a9aa-4c3b-9932-1cb0b3c01d02,1787670720104,164051,nvidia-smi,device_gpu_power_w,138.3,watt,ok,,device,
0.1,ec9d1b29-a9aa-4c3b-9932-1cb0b3c01d02,1787670720104,164051,nvidia-smi,device_gpu_clock_mhz,1965.0,MHz,ok,,device,
0.1,ec9d1b29-a9aa-4c3b-9932-1cb0b3c01d02,1787670721109,165056,psutil,process_cpu_pct_raw,618.8,percent,ok,,process,
0.1,ec9d1b29-a9aa-4c3b-9932-1cb0b3c01d02,1787670721109,165056,psutil,process_cpu_pct,30.939999999999998,percent,ok,,process,
0.1,ec9d1b29-a9aa-4c3b-9932-1cb0b3c01d02,1787670721109,165056,psutil,process_memory_mb,7799.609375,MiB,ok,,process,
0.1,ec9d1b29-a9aa-4c3b-9932-1cb0b3c01d02,1787670721109,165056,win32_foreground,game_foreground,1.0,boolean,ok,,process,
0.1,ec9d1b29-a9aa-4c3b-9932-1cb0b3c01d02,1787670718000,161947,presentmon,app_fps,38.603256956789444,fps,ok,,process,38
0.1,ec9d1b29-a9aa-4c3b-9932-1cb0b3c01d02,1787670718000,161947,presentmon,frame_time_avg_ms,25.90455,ms,ok,,process,38
0.1,ec9d1b29-a9aa-4c3b-9932-1cb0b3c01d02,1787670718000,161947,presentmon,frame_time_p95_ms,39.6411,ms,ok,,process,38
0.1,ec9d1b29-a9aa-4c3b-9932-1cb0b3c01d02,1787670718000,161947,presentmon,gpu_busy_median_ms,22.81615,ms,ok,,process,38
0.1,ec9d1b29-a9aa-4c3b-9932-1cb0b3c01d02,1787670718000,161947,presentmon,gpu_busy_p95_ms,25.6002,ms,ok,,process,38
0.1,ec9d1b29-a9aa-4c3b-9932-1cb0b3c01d02,1787670721109,165056,windows_pdh,process_gpu_pct,80.50716315105674,percent,ok,,process,
0.1,ec9d1b29-a9aa-4c3b-9932-1cb0b3c01d02,1787670722115,166062,psutil,process_cpu_pct_raw,508.0,percent,ok,,process,
0.1,ec9d1b29-a9aa-4c3b-9932-1cb0b3c01d02,1787670722115,166062,psutil,process_cpu_pct,25.4,percent,ok,,process,
0.1,ec9d1b29-a9aa-4c3b-9932-1cb0b3c01d02,1787670722115,166062,psutil,process_memory_mb,7800.62109375,MiB,ok,,process,
0.1,ec9d1b29-a9aa-4c3b-9932-1cb0b3c01d02,1787670722115,166062,win32_foreground,game_foreground,0.0,boolean,ok,,process,
0.1,ec9d1b29-a9aa-4c3b-9932-1cb0b3c01d02,1787670719000,162947,presentmon,app_fps,39.190382961388124,fps,ok,,process,39
0.1,ec9d1b29-a9aa-4c3b-9932-1cb0b3c01d02,1787670719000,162947,presentmon,frame_time_avg_ms,25.516464102564104,ms,ok,,process,39
0.1,ec9d1b29-a9aa-4c3b-9932-1cb0b3c01d02,1787670719000,162947,presentmon,frame_time_p95_ms,34.6164,ms,ok,,process,39
0.1,ec9d1b29-a9aa-4c3b-9932-1cb0b3c01d02,1787670719000,162947,presentmon,gpu_busy_median_ms,20.2979,ms,ok,,process,39
0.1,ec9d1b29-a9aa-4c3b-9932-1cb0b3c01d02,1787670719000,162947,presentmon,gpu_busy_p95_ms,22.6856,ms,ok,,process,39
0.1,ec9d1b29-a9aa-4c3b-9932-1cb0b3c01d02,1787670722115,166062,windows_pdh,process_gpu_pct,76.71537119586901,percent,ok,,process,
0.1,ec9d1b29-a9aa-4c3b-9932-1cb0b3c01d02,1787670723120,167067,psutil,process_cpu_pct_raw,578.1,percent,ok,,process,
0.1,ec9d1b29-a9aa-4c3b-9932-1cb0b3c01d02,1787670723120,167067,psutil,process_cpu_pct,28.905,percent,ok,,process,
0.1,ec9d1b29-a9aa-4c3b-9932-1cb0b3c01d02,1787670723120,167067,psutil,process_memory_mb,7815.3125,MiB,ok,,process,
0.1,ec9d1b29-a9aa-4c3b-9932-1cb0b3c01d02,1787670723120,167067,win32_foreground,game_foreground,0.0,boolean,ok,,process,
0.1,ec9d1b29-a9aa-4c3b-9932-1cb0b3c01d02,1787670720000,163947,presentmon,app_fps,40.31533851479502,fps,ok,,process,40
0.1,ec9d1b29-a9aa-4c3b-9932-1cb0b3c01d02,1787670720000,163947,presentmon,frame_time_avg_ms,24.804455,ms,ok,,process,40
0.1,ec9d1b29-a9aa-4c3b-9932-1cb0b3c01d02,1787670720000,163947,presentmon,frame_time_p95_ms,39.6512,ms,ok,,process,40
0.1,ec9d1b29-a9aa-4c3b-9932-1cb0b3c01d02,1787670720000,163947,presentmon,gpu_busy_median_ms,18.93965,ms,ok,,process,40
0.1,ec9d1b29-a9aa-4c3b-9932-1cb0b3c01d02,1787670720000,163947,presentmon,gpu_busy_p95_ms,20.1755,ms,ok,,process,40
0.1,ec9d1b29-a9aa-4c3b-9932-1cb0b3c01d02,1787670723120,167067,windows_pdh,process_gpu_pct,76.98849763041248,percent,ok,,process,
0.1,ec9d1b29-a9aa-4c3b-9932-1cb0b3c01d02,1787670724110,168057,psutil,process_cpu_pct_raw,596.9,percent,ok,,process,
0.1,ec9d1b29-a9aa-4c3b-9932-1cb0b3c01d02,1787670724110,168057,psutil,process_cpu_pct,29.845,percent,ok,,process,
0.1,ec9d1b29-a9aa-4c3b-9932-1cb0b3c01d02,1787670724110,168057,psutil,process_memory_mb,7812.265625,MiB,ok,,process,
0.1,ec9d1b29-a9aa-4c3b-9932-1cb0b3c01d02,1787670724110,168057,win32_foreground,game_foreground,0.0,boolean,ok,,process,
0.1,ec9d1b29-a9aa-4c3b-9932-1cb0b3c01d02,1787670721000,164947,presentmon,app_fps,41.860933791850094,fps,ok,,process,42
0.1,ec9d1b29-a9aa-4c3b-9932-1cb0b3c01d02,1787670721000,164947,presentmon,frame_time_avg_ms,23.88862142857143,ms,ok,,process,42
0.1,ec9d1b29-a9aa-4c3b-9932-1cb0b3c01d02,1787670721000,164947,presentmon,frame_time_p95_ms,40.8116,ms,ok,,process,42
0.1,ec9d1b29-a9aa-4c3b-9932-1cb0b3c01d02,1787670721000,164947,presentmon,gpu_busy_median_ms,18.2598,ms,ok,,process,42
0.1,ec9d1b29-a9aa-4c3b-9932-1cb0b3c01d02,1787670721000,164947,presentmon,gpu_busy_p95_ms,19.4634,ms,ok,,process,42
0.1,ec9d1b29-a9aa-4c3b-9932-1cb0b3c01d02,1787670724110,168057,windows_pdh,process_gpu_pct,69.61206499082508,percent,ok,,process,
0.1,ec9d1b29-a9aa-4c3b-9932-1cb0b3c01d02,1787670725115,169062,psutil,process_cpu_pct_raw,496.9,percent,ok,,process,
0.1,ec9d1b29-a9aa-4c3b-9932-1cb0b3c01d02,1787670725115,169062,psutil,process_cpu_pct,24.845,percent,ok,,process,
0.1,ec9d1b29-a9aa-4c3b-9932-1cb0b3c01d02,1787670725115,169062,psutil,process_memory_mb,7812.640625,MiB,ok,,process,
0.1,ec9d1b29-a9aa-4c3b-9932-1cb0b3c01d02,1787670725115,169062,win32_foreground,game_foreground,0.0,boolean,ok,,process,
0.1,ec9d1b29-a9aa-4c3b-9932-1cb0b3c01d02,1787670722000,165947,presentmon,app_fps,37.2959457834725,fps,ok,,process,38
0.1,ec9d1b29-a9aa-4c3b-9932-1cb0b3c01d02,1787670722000,165947,presentmon,frame_time_avg_ms,26.812565789473684,ms,ok,,process,38
0.1,ec9d1b29-a9aa-4c3b-9932-1cb0b3c01d02,1787670722000,165947,presentmon,frame_time_p95_ms,39.3298,ms,ok,,process,38
0.1,ec9d1b29-a9aa-4c3b-9932-1cb0b3c01d02,1787670722000,165947,presentmon,gpu_busy_median_ms,18.473399999999998,ms,ok,,process,38
0.1,ec9d1b29-a9aa-4c3b-9932-1cb0b3c01d02,1787670722000,165947,presentmon,gpu_busy_p95_ms,19.0212,ms,ok,,process,38
0.1,ec9d1b29-a9aa-4c3b-9932-1cb0b3c01d02,1787670725115,169062,windows_pdh,process_gpu_pct,80.72794322274994,percent,ok,,process,
0.1,ec9d1b29-a9aa-4c3b-9932-1cb0b3c01d02,1787670725115,169062,nvidia-smi,device_gpu_util_pct,77.0,percent,ok,,device,
0.1,ec9d1b29-a9aa-4c3b-9932-1cb0b3c01d02,1787670725115,169062,nvidia-smi,device_vram_used_mb,5076.0,MiB,ok,,device,
0.1,ec9d1b29-a9aa-4c3b-9932-1cb0b3c01d02,1787670725115,169062,nvidia-smi,device_gpu_temperature_c,61.0,celsius,ok,,device,
0.1,ec9d1b29-a9aa-4c3b-9932-1cb0b3c01d02,1787670725115,169062,nvidia-smi,device_gpu_power_w,121.9,watt,ok,,device,
0.1,ec9d1b29-a9aa-4c3b-9932-1cb0b3c01d02,1787670725115,169062,nvidia-smi,device_gpu_clock_mhz,1965.0,MHz,ok,,device,
0.1,ec9d1b29-a9aa-4c3b-9932-1cb0b3c01d02,1787670726120,170067,psutil,process_cpu_pct_raw,640.6,percent,ok,,process,
0.1,ec9d1b29-a9aa-4c3b-9932-1cb0b3c01d02,1787670726120,170067,psutil,process_cpu_pct,32.03,percent,ok,,process,
0.1,ec9d1b29-a9aa-4c3b-9932-1cb0b3c01d02,1787670726120,170067,psutil,process_memory_mb,7812.734375,MiB,ok,,process,
0.1,ec9d1b29-a9aa-4c3b-9932-1cb0b3c01d02,1787670726120,170067,win32_foreground,game_foreground,0.0,boolean,ok,,process,
0.1,ec9d1b29-a9aa-4c3b-9932-1cb0b3c01d02,1787670723000,166947,presentmon,app_fps,43.66222939952554,fps,ok,,process,43
0.1,ec9d1b29-a9aa-4c3b-9932-1cb0b3c01d02,1787670723000,166947,presentmon,frame_time_avg_ms,22.90309069767442,ms,ok,,process,43
0.1,ec9d1b29-a9aa-4c3b-9932-1cb0b3c01d02,1787670723000,166947,presentmon,frame_time_p95_ms,32.6624,ms,ok,,process,43
0.1,ec9d1b29-a9aa-4c3b-9932-1cb0b3c01d02,1787670723000,166947,presentmon,gpu_busy_median_ms,18.4781,ms,ok,,process,43
0.1,ec9d1b29-a9aa-4c3b-9932-1cb0b3c01d02,1787670723000,166947,presentmon,gpu_busy_p95_ms,19.33,ms,ok,,process,43
0.1,ec9d1b29-a9aa-4c3b-9932-1cb0b3c01d02,1787670726120,170067,windows_pdh,process_gpu_pct,92.33339407146597,percent,ok,,process,
0.1,ec9d1b29-a9aa-4c3b-9932-1cb0b3c01d02,1787670727110,171057,psutil,process_cpu_pct_raw,676.6,percent,ok,,process,
0.1,ec9d1b29-a9aa-4c3b-9932-1cb0b3c01d02,1787670727110,171057,psutil,process_cpu_pct,33.83,percent,ok,,process,
0.1,ec9d1b29-a9aa-4c3b-9932-1cb0b3c01d02,1787670727110,171057,psutil,process_memory_mb,7813.8359375,MiB,ok,,process,
0.1,ec9d1b29-a9aa-4c3b-9932-1cb0b3c01d02,1787670727110,171057,win32_foreground,game_foreground,0.0,boolean,ok,,process,
0.1,ec9d1b29-a9aa-4c3b-9932-1cb0b3c01d02,1787670724000,167947,presentmon,app_fps,49.60644725073629,fps,ok,,process,50
0.1,ec9d1b29-a9aa-4c3b-9932-1cb0b3c01d02,1787670724000,167947,presentmon,frame_time_avg_ms,20.15867,ms,ok,,process,50
0.1,ec9d1b29-a9aa-4c3b-9932-1cb0b3c01d02,1787670724000,167947,presentmon,frame_time_p95_ms,29.9424,ms,ok,,process,50
0.1,ec9d1b29-a9aa-4c3b-9932-1cb0b3c01d02,1787670724000,167947,presentmon,gpu_busy_median_ms,18.52295,ms,ok,,process,50
0.1,ec9d1b29-a9aa-4c3b-9932-1cb0b3c01d02,1787670724000,167947,presentmon,gpu_busy_p95_ms,20.3975,ms,ok,,process,50
0.1,ec9d1b29-a9aa-4c3b-9932-1cb0b3c01d02,1787670727110,171057,windows_pdh,process_gpu_pct,78.9564804202809,percent,ok,,process,
0.1,ec9d1b29-a9aa-4c3b-9932-1cb0b3c01d02,1787670728116,172063,psutil,process_cpu_pct_raw,570.3,percent,ok,,process,
0.1,ec9d1b29-a9aa-4c3b-9932-1cb0b3c01d02,1787670728116,172063,psutil,process_cpu_pct,28.514999999999997,percent,ok,,process,
0.1,ec9d1b29-a9aa-4c3b-9932-1cb0b3c01d02,1787670728116,172063,psutil,process_memory_mb,7812.83203125,MiB,ok,,process,
0.1,ec9d1b29-a9aa-4c3b-9932-1cb0b3c01d02,1787670728116,172063,win32_foreground,game_foreground,0.0,boolean,ok,,process,
0.1,ec9d1b29-a9aa-4c3b-9932-1cb0b3c01d02,1787670725000,168947,presentmon,app_fps,41.57750742031747,fps,ok,,process,41
0.1,ec9d1b29-a9aa-4c3b-9932-1cb0b3c01d02,1787670725000,168947,presentmon,frame_time_avg_ms,24.051465853658538,ms,ok,,process,41
0.1,ec9d1b29-a9aa-4c3b-9932-1cb0b3c01d02,1787670725000,168947,presentmon,frame_time_p95_ms,32.1726,ms,ok,,process,41
0.1,ec9d1b29-a9aa-4c3b-9932-1cb0b3c01d02,1787670725000,168947,presentmon,gpu_busy_median_ms,18.7706,ms,ok,,process,41
0.1,ec9d1b29-a9aa-4c3b-9932-1cb0b3c01d02,1787670725000,168947,presentmon,gpu_busy_p95_ms,19.7643,ms,ok,,process,41
0.1,ec9d1b29-a9aa-4c3b-9932-1cb0b3c01d02,1787670728116,172063,windows_pdh,process_gpu_pct,74.97690041926337,percent,ok,,process,
0.1,ec9d1b29-a9aa-4c3b-9932-1cb0b3c01d02,1787670729106,173053,psutil,process_cpu_pct_raw,661.5,percent,ok,,process,
0.1,ec9d1b29-a9aa-4c3b-9932-1cb0b3c01d02,1787670729106,173053,psutil,process_cpu_pct,33.075,percent,ok,,process,
0.1,ec9d1b29-a9aa-4c3b-9932-1cb0b3c01d02,1787670729106,173053,psutil,process_memory_mb,7814.32421875,MiB,ok,,process,
0.1,ec9d1b29-a9aa-4c3b-9932-1cb0b3c01d02,1787670729106,173053,win32_foreground,game_foreground,0.0,boolean,ok,,process,
0.1,ec9d1b29-a9aa-4c3b-9932-1cb0b3c01d02,1787670726000,169947,presentmon,app_fps,41.21269873818779,fps,ok,,process,41
0.1,ec9d1b29-a9aa-4c3b-9932-1cb0b3c01d02,1787670726000,169947,presentmon,frame_time_avg_ms,24.264365853658536,ms,ok,,process,41
0.1,ec9d1b29-a9aa-4c3b-9932-1cb0b3c01d02,1787670726000,169947,presentmon,frame_time_p95_ms,33.4643,ms,ok,,process,41
0.1,ec9d1b29-a9aa-4c3b-9932-1cb0b3c01d02,1787670726000,169947,presentmon,gpu_busy_median_ms,18.173,ms,ok,,process,41
0.1,ec9d1b29-a9aa-4c3b-9932-1cb0b3c01d02,1787670726000,169947,presentmon,gpu_busy_p95_ms,19.5527,ms,ok,,process,41
0.1,ec9d1b29-a9aa-4c3b-9932-1cb0b3c01d02,1787670729106,173053,windows_pdh,process_gpu_pct,96.88728061866388,percent,ok,,process,
0.1,ec9d1b29-a9aa-4c3b-9932-1cb0b3c01d02,1787670730112,174059,psutil,process_cpu_pct_raw,661.9,percent,ok,,process,
0.1,ec9d1b29-a9aa-4c3b-9932-1cb0b3c01d02,1787670730112,174059,psutil,process_cpu_pct,33.095,percent,ok,,process,
0.1,ec9d1b29-a9aa-4c3b-9932-1cb0b3c01d02,1787670730112,174059,psutil,process_memory_mb,7812.80859375,MiB,ok,,process,
0.1,ec9d1b29-a9aa-4c3b-9932-1cb0b3c01d02,1787670730112,174059,win32_foreground,game_foreground,0.0,boolean,ok,,process,
0.1,ec9d1b29-a9aa-4c3b-9932-1cb0b3c01d02,1787670730112,174059,windows_pdh,process_gpu_pct,81.07963674904335,percent,ok,,process,
0.1,ec9d1b29-a9aa-4c3b-9932-1cb0b3c01d02,1787670730112,174059,nvidia-smi,device_gpu_util_pct,79.0,percent,ok,,device,
0.1,ec9d1b29-a9aa-4c3b-9932-1cb0b3c01d02,1787670730112,174059,nvidia-smi,device_vram_used_mb,5002.0,MiB,ok,,device,
0.1,ec9d1b29-a9aa-4c3b-9932-1cb0b3c01d02,1787670730112,174059,nvidia-smi,device_gpu_temperature_c,62.0,celsius,ok,,device,
0.1,ec9d1b29-a9aa-4c3b-9932-1cb0b3c01d02,1787670730112,174059,nvidia-smi,device_gpu_power_w,125.16,watt,ok,,device,
0.1,ec9d1b29-a9aa-4c3b-9932-1cb0b3c01d02,1787670730112,174059,nvidia-smi,device_gpu_clock_mhz,1965.0,MHz,ok,,device,
0.1,ec9d1b29-a9aa-4c3b-9932-1cb0b3c01d02,1787670731102,175049,psutil,process_cpu_pct_raw,645.6,percent,ok,,process,
0.1,ec9d1b29-a9aa-4c3b-9932-1cb0b3c01d02,1787670731102,175049,psutil,process_cpu_pct,32.28,percent,ok,,process,
0.1,ec9d1b29-a9aa-4c3b-9932-1cb0b3c01d02,1787670731102,175049,psutil,process_memory_mb,7815.21875,MiB,ok,,process,
0.1,ec9d1b29-a9aa-4c3b-9932-1cb0b3c01d02,1787670731102,175049,win32_foreground,game_foreground,0.0,boolean,ok,,process,
0.1,ec9d1b29-a9aa-4c3b-9932-1cb0b3c01d02,1787670727000,170947,presentmon,app_fps,50.783782965645464,fps,ok,,process,51
0.1,ec9d1b29-a9aa-4c3b-9932-1cb0b3c01d02,1787670727000,170947,presentmon,frame_time_avg_ms,19.69132549019608,ms,ok,,process,51
0.1,ec9d1b29-a9aa-4c3b-9932-1cb0b3c01d02,1787670727000,170947,presentmon,frame_time_p95_ms,29.2343,ms,ok,,process,51
0.1,ec9d1b29-a9aa-4c3b-9932-1cb0b3c01d02,1787670727000,170947,presentmon,gpu_busy_median_ms,18.3076,ms,ok,,process,51
0.1,ec9d1b29-a9aa-4c3b-9932-1cb0b3c01d02,1787670727000,170947,presentmon,gpu_busy_p95_ms,23.3612,ms,ok,,process,51
0.1,ec9d1b29-a9aa-4c3b-9932-1cb0b3c01d02,1787670731102,175049,windows_pdh,process_gpu_pct,85.64502937397197,percent,ok,,process,
0.1,ec9d1b29-a9aa-4c3b-9932-1cb0b3c01d02,1787670732108,176055,psutil,process_cpu_pct_raw,553.1,percent,ok,,process,
0.1,ec9d1b29-a9aa-4c3b-9932-1cb0b3c01d02,1787670732108,176055,psutil,process_cpu_pct,27.655,percent,ok,,process,
0.1,ec9d1b29-a9aa-4c3b-9932-1cb0b3c01d02,1787670732108,176055,psutil,process_memory_mb,7815.890625,MiB,ok,,process,
0.1,ec9d1b29-a9aa-4c3b-9932-1cb0b3c01d02,1787670732108,176055,win32_foreground,game_foreground,0.0,boolean,ok,,process,
0.1,ec9d1b29-a9aa-4c3b-9932-1cb0b3c01d02,1787670728000,171947,presentmon,app_fps,36.115732865969,fps,ok,,process,36
0.1,ec9d1b29-a9aa-4c3b-9932-1cb0b3c01d02,1787670728000,171947,presentmon,frame_time_avg_ms,27.688763888888886,ms,ok,,process,36
0.1,ec9d1b29-a9aa-4c3b-9932-1cb0b3c01d02,1787670728000,171947,presentmon,frame_time_p95_ms,40.3029,ms,ok,,process,36
0.1,ec9d1b29-a9aa-4c3b-9932-1cb0b3c01d02,1787670728000,171947,presentmon,gpu_busy_median_ms,21.9661,ms,ok,,process,36
0.1,ec9d1b29-a9aa-4c3b-9932-1cb0b3c01d02,1787670728000,171947,presentmon,gpu_busy_p95_ms,24.9111,ms,ok,,process,36
0.1,ec9d1b29-a9aa-4c3b-9932-1cb0b3c01d02,1787670729000,172947,presentmon,app_fps,39.5075190216358,fps,ok,,process,40
0.1,ec9d1b29-a9aa-4c3b-9932-1cb0b3c01d02,1787670729000,172947,presentmon,frame_time_avg_ms,25.3116375,ms,ok,,process,40
0.1,ec9d1b29-a9aa-4c3b-9932-1cb0b3c01d02,1787670729000,172947,presentmon,frame_time_p95_ms,33.9909,ms,ok,,process,40
0.1,ec9d1b29-a9aa-4c3b-9932-1cb0b3c01d02,1787670729000,172947,presentmon,gpu_busy_median_ms,21.63355,ms,ok,,process,40
0.1,ec9d1b29-a9aa-4c3b-9932-1cb0b3c01d02,1787670729000,172947,presentmon,gpu_busy_p95_ms,22.5913,ms,ok,,process,40
0.1,ec9d1b29-a9aa-4c3b-9932-1cb0b3c01d02,1787670732108,176055,windows_pdh,process_gpu_pct,98.34529347337467,percent,ok,,process,
0.1,ec9d1b29-a9aa-4c3b-9932-1cb0b3c01d02,1787670733098,177045,psutil,process_cpu_pct_raw,506.2,percent,ok,,process,
0.1,ec9d1b29-a9aa-4c3b-9932-1cb0b3c01d02,1787670733098,177045,psutil,process_cpu_pct,25.31,percent,ok,,process,
0.1,ec9d1b29-a9aa-4c3b-9932-1cb0b3c01d02,1787670733098,177045,psutil,process_memory_mb,7814.91796875,MiB,ok,,process,
0.1,ec9d1b29-a9aa-4c3b-9932-1cb0b3c01d02,1787670733098,177045,win32_foreground,game_foreground,0.0,boolean,ok,,process,
0.1,ec9d1b29-a9aa-4c3b-9932-1cb0b3c01d02,1787670730000,173947,presentmon,app_fps,48.49351853816288,fps,ok,,process,48
0.1,ec9d1b29-a9aa-4c3b-9932-1cb0b3c01d02,1787670730000,173947,presentmon,frame_time_avg_ms,20.6213125,ms,ok,,process,48
0.1,ec9d1b29-a9aa-4c3b-9932-1cb0b3c01d02,1787670730000,173947,presentmon,frame_time_p95_ms,32.2088,ms,ok,,process,48
0.1,ec9d1b29-a9aa-4c3b-9932-1cb0b3c01d02,1787670730000,173947,presentmon,gpu_busy_median_ms,20.3163,ms,ok,,process,48
0.1,ec9d1b29-a9aa-4c3b-9932-1cb0b3c01d02,1787670730000,173947,presentmon,gpu_busy_p95_ms,21.2057,ms,ok,,process,48
0.1,ec9d1b29-a9aa-4c3b-9932-1cb0b3c01d02,1787670733098,177045,windows_pdh,process_gpu_pct,81.64956442626647,percent,ok,,process,
0.1,ec9d1b29-a9aa-4c3b-9932-1cb0b3c01d02,1787670734119,178066,psutil,process_cpu_pct_raw,625.0,percent,ok,,process,
0.1,ec9d1b29-a9aa-4c3b-9932-1cb0b3c01d02,1787670734119,178066,psutil,process_cpu_pct,31.25,percent,ok,,process,
0.1,ec9d1b29-a9aa-4c3b-9932-1cb0b3c01d02,1787670734119,178066,psutil,process_memory_mb,7815.77734375,MiB,ok,,process,
0.1,ec9d1b29-a9aa-4c3b-9932-1cb0b3c01d02,1787670734119,178066,win32_foreground,game_foreground,0.0,boolean,ok,,process,
0.1,ec9d1b29-a9aa-4c3b-9932-1cb0b3c01d02,1787670734119,178066,windows_pdh,process_gpu_pct,81.71325469898412,percent,ok,,process,
0.1,ec9d1b29-a9aa-4c3b-9932-1cb0b3c01d02,1787670735109,179056,psutil,process_cpu_pct_raw,625.0,percent,ok,,process,
0.1,ec9d1b29-a9aa-4c3b-9932-1cb0b3c01d02,1787670735109,179056,psutil,process_cpu_pct,31.25,percent,ok,,process,
0.1,ec9d1b29-a9aa-4c3b-9932-1cb0b3c01d02,1787670735109,179056,psutil,process_memory_mb,7816.25390625,MiB,ok,,process,
0.1,ec9d1b29-a9aa-4c3b-9932-1cb0b3c01d02,1787670735109,179056,win32_foreground,game_foreground,0.0,boolean,ok,,process,
0.1,ec9d1b29-a9aa-4c3b-9932-1cb0b3c01d02,1787670731000,174947,presentmon,app_fps,37.76607316620123,fps,ok,,process,38
0.1,ec9d1b29-a9aa-4c3b-9932-1cb0b3c01d02,1787670731000,174947,presentmon,frame_time_avg_ms,26.47879210526316,ms,ok,,process,38
0.1,ec9d1b29-a9aa-4c3b-9932-1cb0b3c01d02,1787670731000,174947,presentmon,frame_time_p95_ms,45.4176,ms,ok,,process,38
0.1,ec9d1b29-a9aa-4c3b-9932-1cb0b3c01d02,1787670731000,174947,presentmon,gpu_busy_median_ms,21.519199999999998,ms,ok,,process,38
0.1,ec9d1b29-a9aa-4c3b-9932-1cb0b3c01d02,1787670731000,174947,presentmon,gpu_busy_p95_ms,22.623,ms,ok,,process,38
0.1,ec9d1b29-a9aa-4c3b-9932-1cb0b3c01d02,1787670735109,179056,windows_pdh,process_gpu_pct,96.10971165937478,percent,ok,,process,
0.1,ec9d1b29-a9aa-4c3b-9932-1cb0b3c01d02,1787670736115,180062,psutil,process_cpu_pct_raw,688.1,percent,ok,,process,
0.1,ec9d1b29-a9aa-4c3b-9932-1cb0b3c01d02,1787670736115,180062,psutil,process_cpu_pct,34.405,percent,ok,,process,
0.1,ec9d1b29-a9aa-4c3b-9932-1cb0b3c01d02,1787670736115,180062,psutil,process_memory_mb,7815.359375,MiB,ok,,process,
0.1,ec9d1b29-a9aa-4c3b-9932-1cb0b3c01d02,1787670736115,180062,win32_foreground,game_foreground,0.0,boolean,ok,,process,
0.1,ec9d1b29-a9aa-4c3b-9932-1cb0b3c01d02,1787670732000,175947,presentmon,app_fps,38.00559442349914,fps,ok,,process,38
0.1,ec9d1b29-a9aa-4c3b-9932-1cb0b3c01d02,1787670732000,175947,presentmon,frame_time_avg_ms,26.311915789473684,ms,ok,,process,38
0.1,ec9d1b29-a9aa-4c3b-9932-1cb0b3c01d02,1787670732000,175947,presentmon,frame_time_p95_ms,39.0581,ms,ok,,process,38
0.1,ec9d1b29-a9aa-4c3b-9932-1cb0b3c01d02,1787670732000,175947,presentmon,gpu_busy_median_ms,21.61495,ms,ok,,process,38
0.1,ec9d1b29-a9aa-4c3b-9932-1cb0b3c01d02,1787670732000,175947,presentmon,gpu_busy_p95_ms,22.8485,ms,ok,,process,38
0.1,ec9d1b29-a9aa-4c3b-9932-1cb0b3c01d02,1787670733000,176947,presentmon,app_fps,43.396351900815716,fps,ok,,process,43
0.1,ec9d1b29-a9aa-4c3b-9932-1cb0b3c01d02,1787670733000,176947,presentmon,frame_time_avg_ms,23.043411627906977,ms,ok,,process,43
0.1,ec9d1b29-a9aa-4c3b-9932-1cb0b3c01d02,1787670733000,176947,presentmon,frame_time_p95_ms,30.7424,ms,ok,,process,43
0.1,ec9d1b29-a9aa-4c3b-9932-1cb0b3c01d02,1787670733000,176947,presentmon,gpu_busy_median_ms,21.9059,ms,ok,,process,43
0.1,ec9d1b29-a9aa-4c3b-9932-1cb0b3c01d02,1787670733000,176947,presentmon,gpu_busy_p95_ms,23.037,ms,ok,,process,43
0.1,ec9d1b29-a9aa-4c3b-9932-1cb0b3c01d02,1787670736115,180062,windows_pdh,process_gpu_pct,78.81635354454765,percent,ok,,process,
0.1,ec9d1b29-a9aa-4c3b-9932-1cb0b3c01d02,1787670736115,180062,nvidia-smi,device_gpu_util_pct,77.0,percent,ok,,device,
0.1,ec9d1b29-a9aa-4c3b-9932-1cb0b3c01d02,1787670736115,180062,nvidia-smi,device_vram_used_mb,5035.0,MiB,ok,,device,
0.1,ec9d1b29-a9aa-4c3b-9932-1cb0b3c01d02,1787670736115,180062,nvidia-smi,device_gpu_temperature_c,61.0,celsius,ok,,device,
0.1,ec9d1b29-a9aa-4c3b-9932-1cb0b3c01d02,1787670736115,180062,nvidia-smi,device_gpu_power_w,123.21,watt,ok,,device,
0.1,ec9d1b29-a9aa-4c3b-9932-1cb0b3c01d02,1787670736115,180062,nvidia-smi,device_gpu_clock_mhz,1965.0,MHz,ok,,device,
0.1,ec9d1b29-a9aa-4c3b-9932-1cb0b3c01d02,1787670737105,181052,psutil,process_cpu_pct_raw,664.7,percent,ok,,process,
0.1,ec9d1b29-a9aa-4c3b-9932-1cb0b3c01d02,1787670737105,181052,psutil,process_cpu_pct,33.235,percent,ok,,process,
0.1,ec9d1b29-a9aa-4c3b-9932-1cb0b3c01d02,1787670737105,181052,psutil,process_memory_mb,7815.37890625,MiB,ok,,process,
0.1,ec9d1b29-a9aa-4c3b-9932-1cb0b3c01d02,1787670737105,181052,win32_foreground,game_foreground,0.0,boolean,ok,,process,
0.1,ec9d1b29-a9aa-4c3b-9932-1cb0b3c01d02,1787670734000,177947,presentmon,app_fps,34.88107645792435,fps,ok,,process,35
0.1,ec9d1b29-a9aa-4c3b-9932-1cb0b3c01d02,1787670734000,177947,presentmon,frame_time_avg_ms,28.66884,ms,ok,,process,35
0.1,ec9d1b29-a9aa-4c3b-9932-1cb0b3c01d02,1787670734000,177947,presentmon,frame_time_p95_ms,42.8492,ms,ok,,process,35
0.1,ec9d1b29-a9aa-4c3b-9932-1cb0b3c01d02,1787670734000,177947,presentmon,gpu_busy_median_ms,22.3619,ms,ok,,process,35
0.1,ec9d1b29-a9aa-4c3b-9932-1cb0b3c01d02,1787670734000,177947,presentmon,gpu_busy_p95_ms,24.3912,ms,ok,,process,35
0.1,ec9d1b29-a9aa-4c3b-9932-1cb0b3c01d02,1787670737105,181052,windows_pdh,process_gpu_pct,80.69172353569068,percent,ok,,process,
0.1,ec9d1b29-a9aa-4c3b-9932-1cb0b3c01d02,1787670738110,182057,psutil,process_cpu_pct_raw,700.4,percent,ok,,process,
0.1,ec9d1b29-a9aa-4c3b-9932-1cb0b3c01d02,1787670738110,182057,psutil,process_cpu_pct,35.019999999999996,percent,ok,,process,
0.1,ec9d1b29-a9aa-4c3b-9932-1cb0b3c01d02,1787670738110,182057,psutil,process_memory_mb,7815.34375,MiB,ok,,process,
0.1,ec9d1b29-a9aa-4c3b-9932-1cb0b3c01d02,1787670738110,182057,win32_foreground,game_foreground,0.0,boolean,ok,,process,
0.1,ec9d1b29-a9aa-4c3b-9932-1cb0b3c01d02,1787670738110,182057,windows_pdh,process_gpu_pct,97.16653718207533,percent,ok,,process,
0.1,ec9d1b29-a9aa-4c3b-9932-1cb0b3c01d02,1787670739116,183063,psutil,process_cpu_pct_raw,540.6,percent,ok,,process,
0.1,ec9d1b29-a9aa-4c3b-9932-1cb0b3c01d02,1787670739116,183063,psutil,process_cpu_pct,27.03,percent,ok,,process,
0.1,ec9d1b29-a9aa-4c3b-9932-1cb0b3c01d02,1787670739116,183063,psutil,process_memory_mb,7815.578125,MiB,ok,,process,
0.1,ec9d1b29-a9aa-4c3b-9932-1cb0b3c01d02,1787670739116,183063,win32_foreground,game_foreground,0.0,boolean,ok,,process,
0.1,ec9d1b29-a9aa-4c3b-9932-1cb0b3c01d02,1787670735000,178947,presentmon,app_fps,36.13654192365854,fps,ok,,process,36
0.1,ec9d1b29-a9aa-4c3b-9932-1cb0b3c01d02,1787670735000,178947,presentmon,frame_time_avg_ms,27.672819444444443,ms,ok,,process,36
0.1,ec9d1b29-a9aa-4c3b-9932-1cb0b3c01d02,1787670735000,178947,presentmon,frame_time_p95_ms,41.0008,ms,ok,,process,36
0.1,ec9d1b29-a9aa-4c3b-9932-1cb0b3c01d02,1787670735000,178947,presentmon,gpu_busy_median_ms,22.105249999999998,ms,ok,,process,36
0.1,ec9d1b29-a9aa-4c3b-9932-1cb0b3c01d02,1787670735000,178947,presentmon,gpu_busy_p95_ms,24.7733,ms,ok,,process,36
0.1,ec9d1b29-a9aa-4c3b-9932-1cb0b3c01d02,1787670739116,183063,windows_pdh,process_gpu_pct,80.69723227687929,percent,ok,,process,
0.1,ec9d1b29-a9aa-4c3b-9932-1cb0b3c01d02,1787670740122,184069,psutil,process_cpu_pct_raw,654.7,percent,ok,,process,
0.1,ec9d1b29-a9aa-4c3b-9932-1cb0b3c01d02,1787670740122,184069,psutil,process_cpu_pct,32.735,percent,ok,,process,
0.1,ec9d1b29-a9aa-4c3b-9932-1cb0b3c01d02,1787670740122,184069,psutil,process_memory_mb,7815.78515625,MiB,ok,,process,
0.1,ec9d1b29-a9aa-4c3b-9932-1cb0b3c01d02,1787670740122,184069,win32_foreground,game_foreground,0.0,boolean,ok,,process,
0.1,ec9d1b29-a9aa-4c3b-9932-1cb0b3c01d02,1787670736000,179947,presentmon,app_fps,46.58993403658361,fps,ok,,process,47
0.1,ec9d1b29-a9aa-4c3b-9932-1cb0b3c01d02,1787670736000,179947,presentmon,frame_time_avg_ms,21.463863829787233,ms,ok,,process,47
0.1,ec9d1b29-a9aa-4c3b-9932-1cb0b3c01d02,1787670736000,179947,presentmon,frame_time_p95_ms,32.3837,ms,ok,,process,47
0.1,ec9d1b29-a9aa-4c3b-9932-1cb0b3c01d02,1787670736000,179947,presentmon,gpu_busy_median_ms,20.9719,ms,ok,,process,47
0.1,ec9d1b29-a9aa-4c3b-9932-1cb0b3c01d02,1787670736000,179947,presentmon,gpu_busy_p95_ms,22.5864,ms,ok,,process,47
0.1,ec9d1b29-a9aa-4c3b-9932-1cb0b3c01d02,1787670737000,180947,presentmon,app_fps,37.28368409554619,fps,ok,,process,37
0.1,ec9d1b29-a9aa-4c3b-9932-1cb0b3c01d02,1787670737000,180947,presentmon,frame_time_avg_ms,26.821383783783784,ms,ok,,process,37
0.1,ec9d1b29-a9aa-4c3b-9932-1cb0b3c01d02,1787670737000,180947,presentmon,frame_time_p95_ms,44.8821,ms,ok,,process,37
0.1,ec9d1b29-a9aa-4c3b-9932-1cb0b3c01d02,1787670737000,180947,presentmon,gpu_busy_median_ms,21.0128,ms,ok,,process,37
0.1,ec9d1b29-a9aa-4c3b-9932-1cb0b3c01d02,1787670737000,180947,presentmon,gpu_busy_p95_ms,23.0017,ms,ok,,process,37
0.1,ec9d1b29-a9aa-4c3b-9932-1cb0b3c01d02,1787670740122,184069,windows_pdh,process_gpu_pct,76.17654606261054,percent,ok,,process,
0.1,ec9d1b29-a9aa-4c3b-9932-1cb0b3c01d02,1787670741112,185059,psutil,process_cpu_pct_raw,615.6,percent,ok,,process,
0.1,ec9d1b29-a9aa-4c3b-9932-1cb0b3c01d02,1787670741112,185059,psutil,process_cpu_pct,30.78,percent,ok,,process,
0.1,ec9d1b29-a9aa-4c3b-9932-1cb0b3c01d02,1787670741112,185059,psutil,process_memory_mb,7817.67578125,MiB,ok,,process,
0.1,ec9d1b29-a9aa-4c3b-9932-1cb0b3c01d02,1787670741112,185059,win32_foreground,game_foreground,0.0,boolean,ok,,process,
0.1,ec9d1b29-a9aa-4c3b-9932-1cb0b3c01d02,1787670741112,185059,windows_pdh,process_gpu_pct,93.57357146919509,percent,ok,,process,
0.1,ec9d1b29-a9aa-4c3b-9932-1cb0b3c01d02,1787670741112,185059,nvidia-smi,device_gpu_util_pct,92.0,percent,ok,,device,
0.1,ec9d1b29-a9aa-4c3b-9932-1cb0b3c01d02,1787670741112,185059,nvidia-smi,device_vram_used_mb,5003.0,MiB,ok,,device,
0.1,ec9d1b29-a9aa-4c3b-9932-1cb0b3c01d02,1787670741112,185059,nvidia-smi,device_gpu_temperature_c,63.0,celsius,ok,,device,
0.1,ec9d1b29-a9aa-4c3b-9932-1cb0b3c01d02,1787670741112,185059,nvidia-smi,device_gpu_power_w,145.04,watt,ok,,device,
0.1,ec9d1b29-a9aa-4c3b-9932-1cb0b3c01d02,1787670741112,185059,nvidia-smi,device_gpu_clock_mhz,1965.0,MHz,ok,,device,
0.1,ec9d1b29-a9aa-4c3b-9932-1cb0b3c01d02,1787670742118,186065,psutil,process_cpu_pct_raw,626.6,percent,ok,,process,
0.1,ec9d1b29-a9aa-4c3b-9932-1cb0b3c01d02,1787670742118,186065,psutil,process_cpu_pct,31.330000000000002,percent,ok,,process,
0.1,ec9d1b29-a9aa-4c3b-9932-1cb0b3c01d02,1787670742118,186065,psutil,process_memory_mb,7816.7578125,MiB,ok,,process,
0.1,ec9d1b29-a9aa-4c3b-9932-1cb0b3c01d02,1787670742118,186065,win32_foreground,game_foreground,0.0,boolean,ok,,process,
0.1,ec9d1b29-a9aa-4c3b-9932-1cb0b3c01d02,1787670738000,181947,presentmon,app_fps,34.681096909587275,fps,ok,,process,35
0.1,ec9d1b29-a9aa-4c3b-9932-1cb0b3c01d02,1787670738000,181947,presentmon,frame_time_avg_ms,28.834151428571428,ms,ok,,process,35
0.1,ec9d1b29-a9aa-4c3b-9932-1cb0b3c01d02,1787670738000,181947,presentmon,frame_time_p95_ms,40.1162,ms,ok,,process,35
0.1,ec9d1b29-a9aa-4c3b-9932-1cb0b3c01d02,1787670738000,181947,presentmon,gpu_busy_median_ms,21.9249,ms,ok,,process,35
0.1,ec9d1b29-a9aa-4c3b-9932-1cb0b3c01d02,1787670738000,181947,presentmon,gpu_busy_p95_ms,23.9028,ms,ok,,process,35
0.1,ec9d1b29-a9aa-4c3b-9932-1cb0b3c01d02,1787670742118,186065,windows_pdh,process_gpu_pct,85.595225904085,percent,ok,,process,
0.1,ec9d1b29-a9aa-4c3b-9932-1cb0b3c01d02,1787670743107,187054,psutil,process_cpu_pct_raw,586.9,percent,ok,,process,
0.1,ec9d1b29-a9aa-4c3b-9932-1cb0b3c01d02,1787670743107,187054,psutil,process_cpu_pct,29.345,percent,ok,,process,
0.1,ec9d1b29-a9aa-4c3b-9932-1cb0b3c01d02,1787670743107,187054,psutil,process_memory_mb,7818.96484375,MiB,ok,,process,
0.1,ec9d1b29-a9aa-4c3b-9932-1cb0b3c01d02,1787670743107,187054,win32_foreground,game_foreground,0.0,boolean,ok,,process,
0.1,ec9d1b29-a9aa-4c3b-9932-1cb0b3c01d02,1787670739000,182947,presentmon,app_fps,41.09252392687375,fps,ok,,process,41
0.1,ec9d1b29-a9aa-4c3b-9932-1cb0b3c01d02,1787670739000,182947,presentmon,frame_time_avg_ms,24.33532682926829,ms,ok,,process,41
0.1,ec9d1b29-a9aa-4c3b-9932-1cb0b3c01d02,1787670739000,182947,presentmon,frame_time_p95_ms,35.4763,ms,ok,,process,41
0.1,ec9d1b29-a9aa-4c3b-9932-1cb0b3c01d02,1787670739000,182947,presentmon,gpu_busy_median_ms,22.6438,ms,ok,,process,41
0.1,ec9d1b29-a9aa-4c3b-9932-1cb0b3c01d02,1787670739000,182947,presentmon,gpu_busy_p95_ms,23.9102,ms,ok,,process,41
0.1,ec9d1b29-a9aa-4c3b-9932-1cb0b3c01d02,1787670743107,187054,windows_pdh,process_gpu_pct,76.79428063046095,percent,ok,,process,
0.1,ec9d1b29-a9aa-4c3b-9932-1cb0b3c01d02,1787670744113,188060,psutil,process_cpu_pct_raw,745.1,percent,ok,,process,
0.1,ec9d1b29-a9aa-4c3b-9932-1cb0b3c01d02,1787670744113,188060,psutil,process_cpu_pct,37.255,percent,ok,,process,
0.1,ec9d1b29-a9aa-4c3b-9932-1cb0b3c01d02,1787670744113,188060,psutil,process_memory_mb,7819.09375,MiB,ok,,process,
0.1,ec9d1b29-a9aa-4c3b-9932-1cb0b3c01d02,1787670744113,188060,win32_foreground,game_foreground,0.0,boolean,ok,,process,
0.1,ec9d1b29-a9aa-4c3b-9932-1cb0b3c01d02,1787670740000,183947,presentmon,app_fps,38.379403430553076,fps,ok,,process,38
0.1,ec9d1b29-a9aa-4c3b-9932-1cb0b3c01d02,1787670740000,183947,presentmon,frame_time_avg_ms,26.05564210526316,ms,ok,,process,38
0.1,ec9d1b29-a9aa-4c3b-9932-1cb0b3c01d02,1787670740000,183947,presentmon,frame_time_p95_ms,33.8853,ms,ok,,process,38
0.1,ec9d1b29-a9aa-4c3b-9932-1cb0b3c01d02,1787670740000,183947,presentmon,gpu_busy_median_ms,22.0695,ms,ok,,process,38
0.1,ec9d1b29-a9aa-4c3b-9932-1cb0b3c01d02,1787670740000,183947,presentmon,gpu_busy_p95_ms,23.6038,ms,ok,,process,38
0.1,ec9d1b29-a9aa-4c3b-9932-1cb0b3c01d02,1787670744113,188060,windows_pdh,process_gpu_pct,96.196051456018,percent,ok,,process,
0.1,ec9d1b29-a9aa-4c3b-9932-1cb0b3c01d02,1787670745103,189050,psutil,process_cpu_pct_raw,579.0,percent,ok,,process,
0.1,ec9d1b29-a9aa-4c3b-9932-1cb0b3c01d02,1787670745103,189050,psutil,process_cpu_pct,28.95,percent,ok,,process,
0.1,ec9d1b29-a9aa-4c3b-9932-1cb0b3c01d02,1787670745103,189050,psutil,process_memory_mb,7818.38671875,MiB,ok,,process,
0.1,ec9d1b29-a9aa-4c3b-9932-1cb0b3c01d02,1787670745103,189050,win32_foreground,game_foreground,0.0,boolean,ok,,process,
0.1,ec9d1b29-a9aa-4c3b-9932-1cb0b3c01d02,1787670741000,184947,presentmon,app_fps,33.697207006997225,fps,ok,,process,34
0.1,ec9d1b29-a9aa-4c3b-9932-1cb0b3c01d02,1787670741000,184947,presentmon,frame_time_avg_ms,29.67605,ms,ok,,process,34
0.1,ec9d1b29-a9aa-4c3b-9932-1cb0b3c01d02,1787670741000,184947,presentmon,frame_time_p95_ms,39.7611,ms,ok,,process,34
0.1,ec9d1b29-a9aa-4c3b-9932-1cb0b3c01d02,1787670741000,184947,presentmon,gpu_busy_median_ms,22.82985,ms,ok,,process,34
0.1,ec9d1b29-a9aa-4c3b-9932-1cb0b3c01d02,1787670741000,184947,presentmon,gpu_busy_p95_ms,24.9375,ms,ok,,process,34
0.1,ec9d1b29-a9aa-4c3b-9932-1cb0b3c01d02,1787670745103,189050,windows_pdh,process_gpu_pct,85.27685455060998,percent,ok,,process,
0.1,ec9d1b29-a9aa-4c3b-9932-1cb0b3c01d02,1787670746109,190056,psutil,process_cpu_pct_raw,563.4,percent,ok,,process,
0.1,ec9d1b29-a9aa-4c3b-9932-1cb0b3c01d02,1787670746109,190056,psutil,process_cpu_pct,28.169999999999998,percent,ok,,process,
0.1,ec9d1b29-a9aa-4c3b-9932-1cb0b3c01d02,1787670746109,190056,psutil,process_memory_mb,7819.71875,MiB,ok,,process,
0.1,ec9d1b29-a9aa-4c3b-9932-1cb0b3c01d02,1787670746109,190056,win32_foreground,game_foreground,0.0,boolean,ok,,process,
0.1,ec9d1b29-a9aa-4c3b-9932-1cb0b3c01d02,1787670742000,185947,presentmon,app_fps,43.61731476544244,fps,ok,,process,44
0.1,ec9d1b29-a9aa-4c3b-9932-1cb0b3c01d02,1787670742000,185947,presentmon,frame_time_avg_ms,22.926675,ms,ok,,process,44
0.1,ec9d1b29-a9aa-4c3b-9932-1cb0b3c01d02,1787670742000,185947,presentmon,frame_time_p95_ms,30.941,ms,ok,,process,44
0.1,ec9d1b29-a9aa-4c3b-9932-1cb0b3c01d02,1787670742000,185947,presentmon,gpu_busy_median_ms,21.883200000000002,ms,ok,,process,44
0.1,ec9d1b29-a9aa-4c3b-9932-1cb0b3c01d02,1787670742000,185947,presentmon,gpu_busy_p95_ms,24.0076,ms,ok,,process,44
0.1,ec9d1b29-a9aa-4c3b-9932-1cb0b3c01d02,1787670746109,190056,windows_pdh,process_gpu_pct,75.55597084100663,percent,ok,,process,
0.1,ec9d1b29-a9aa-4c3b-9932-1cb0b3c01d02,1787670747114,191061,psutil,process_cpu_pct_raw,631.2,percent,ok,,process,
0.1,ec9d1b29-a9aa-4c3b-9932-1cb0b3c01d02,1787670747114,191061,psutil,process_cpu_pct,31.560000000000002,percent,ok,,process,
0.1,ec9d1b29-a9aa-4c3b-9932-1cb0b3c01d02,1787670747114,191061,psutil,process_memory_mb,7829.36328125,MiB,ok,,process,
0.1,ec9d1b29-a9aa-4c3b-9932-1cb0b3c01d02,1787670747114,191061,win32_foreground,game_foreground,0.0,boolean,ok,,process,
0.1,ec9d1b29-a9aa-4c3b-9932-1cb0b3c01d02,1787670743000,186947,presentmon,app_fps,38.44712268634581,fps,ok,,process,39
0.1,ec9d1b29-a9aa-4c3b-9932-1cb0b3c01d02,1787670743000,186947,presentmon,frame_time_avg_ms,26.00974871794872,ms,ok,,process,39
0.1,ec9d1b29-a9aa-4c3b-9932-1cb0b3c01d02,1787670743000,186947,presentmon,frame_time_p95_ms,36.7715,ms,ok,,process,39
0.1,ec9d1b29-a9aa-4c3b-9932-1cb0b3c01d02,1787670743000,186947,presentmon,gpu_busy_median_ms,21.3334,ms,ok,,process,39
0.1,ec9d1b29-a9aa-4c3b-9932-1cb0b3c01d02,1787670743000,186947,presentmon,gpu_busy_p95_ms,24.115,ms,ok,,process,39
0.1,ec9d1b29-a9aa-4c3b-9932-1cb0b3c01d02,1787670747114,191061,windows_pdh,process_gpu_pct,96.56871548815887,percent,ok,,process,
0.1,ec9d1b29-a9aa-4c3b-9932-1cb0b3c01d02,1787670747114,191061,nvidia-smi,device_gpu_util_pct,95.0,percent,ok,,device,
0.1,ec9d1b29-a9aa-4c3b-9932-1cb0b3c01d02,1787670747114,191061,nvidia-smi,device_vram_used_mb,5003.0,MiB,ok,,device,
0.1,ec9d1b29-a9aa-4c3b-9932-1cb0b3c01d02,1787670747114,191061,nvidia-smi,device_gpu_temperature_c,64.0,celsius,ok,,device,
0.1,ec9d1b29-a9aa-4c3b-9932-1cb0b3c01d02,1787670747114,191061,nvidia-smi,device_gpu_power_w,143.31,watt,ok,,device,
0.1,ec9d1b29-a9aa-4c3b-9932-1cb0b3c01d02,1787670747114,191061,nvidia-smi,device_gpu_clock_mhz,1965.0,MHz,ok,,device,
0.1,ec9d1b29-a9aa-4c3b-9932-1cb0b3c01d02,1787670748120,192067,psutil,process_cpu_pct_raw,560.9,percent,ok,,process,
0.1,ec9d1b29-a9aa-4c3b-9932-1cb0b3c01d02,1787670748120,192067,psutil,process_cpu_pct,28.044999999999998,percent,ok,,process,
0.1,ec9d1b29-a9aa-4c3b-9932-1cb0b3c01d02,1787670748120,192067,psutil,process_memory_mb,7819.6015625,MiB,ok,,process,
0.1,ec9d1b29-a9aa-4c3b-9932-1cb0b3c01d02,1787670748120,192067,win32_foreground,game_foreground,0.0,boolean,ok,,process,
0.1,ec9d1b29-a9aa-4c3b-9932-1cb0b3c01d02,1787670744000,187947,presentmon,app_fps,35.69411853731213,fps,ok,,process,35
0.1,ec9d1b29-a9aa-4c3b-9932-1cb0b3c01d02,1787670744000,187947,presentmon,frame_time_avg_ms,28.01582,ms,ok,,process,35
0.1,ec9d1b29-a9aa-4c3b-9932-1cb0b3c01d02,1787670744000,187947,presentmon,frame_time_p95_ms,39.4387,ms,ok,,process,35
0.1,ec9d1b29-a9aa-4c3b-9932-1cb0b3c01d02,1787670744000,187947,presentmon,gpu_busy_median_ms,21.1469,ms,ok,,process,35
0.1,ec9d1b29-a9aa-4c3b-9932-1cb0b3c01d02,1787670744000,187947,presentmon,gpu_busy_p95_ms,22.1715,ms,ok,,process,35
0.1,ec9d1b29-a9aa-4c3b-9932-1cb0b3c01d02,1787670748120,192067,windows_pdh,process_gpu_pct,87.9789504018621,percent,ok,,process,
0.1,ec9d1b29-a9aa-4c3b-9932-1cb0b3c01d02,1787670749110,193057,psutil,process_cpu_pct_raw,712.5,percent,ok,,process,
0.1,ec9d1b29-a9aa-4c3b-9932-1cb0b3c01d02,1787670749110,193057,psutil,process_cpu_pct,35.625,percent,ok,,process,
0.1,ec9d1b29-a9aa-4c3b-9932-1cb0b3c01d02,1787670749110,193057,psutil,process_memory_mb,7818.53515625,MiB,ok,,process,
0.1,ec9d1b29-a9aa-4c3b-9932-1cb0b3c01d02,1787670749110,193057,win32_foreground,game_foreground,0.0,boolean,ok,,process,
0.1,ec9d1b29-a9aa-4c3b-9932-1cb0b3c01d02,1787670745000,188947,presentmon,app_fps,46.47423695730204,fps,ok,,process,47
0.1,ec9d1b29-a9aa-4c3b-9932-1cb0b3c01d02,1787670745000,188947,presentmon,frame_time_avg_ms,21.517297872340425,ms,ok,,process,47
0.1,ec9d1b29-a9aa-4c3b-9932-1cb0b3c01d02,1787670745000,188947,presentmon,frame_time_p95_ms,29.5712,ms,ok,,process,47
0.1,ec9d1b29-a9aa-4c3b-9932-1cb0b3c01d02,1787670745000,188947,presentmon,gpu_busy_median_ms,20.6206,ms,ok,,process,47
0.1,ec9d1b29-a9aa-4c3b-9932-1cb0b3c01d02,1787670745000,188947,presentmon,gpu_busy_p95_ms,22.0674,ms,ok,,process,47
0.1,ec9d1b29-a9aa-4c3b-9932-1cb0b3c01d02,1787670749110,193057,windows_pdh,process_gpu_pct,81.13266485236989,percent,ok,,process,
0.1,ec9d1b29-a9aa-4c3b-9932-1cb0b3c01d02,1787670750100,194047,psutil,process_cpu_pct_raw,596.4,percent,ok,,process,
0.1,ec9d1b29-a9aa-4c3b-9932-1cb0b3c01d02,1787670750100,194047,psutil,process_cpu_pct,29.82,percent,ok,,process,
0.1,ec9d1b29-a9aa-4c3b-9932-1cb0b3c01d02,1787670750100,194047,psutil,process_memory_mb,7818.046875,MiB,ok,,process,
0.1,ec9d1b29-a9aa-4c3b-9932-1cb0b3c01d02,1787670750100,194047,win32_foreground,game_foreground,0.0,boolean,ok,,process,
0.1,ec9d1b29-a9aa-4c3b-9932-1cb0b3c01d02,1787670746000,189947,presentmon,app_fps,42.97399704830032,fps,ok,,process,42
0.1,ec9d1b29-a9aa-4c3b-9932-1cb0b3c01d02,1787670746000,189947,presentmon,frame_time_avg_ms,23.269885714285714,ms,ok,,process,42
0.1,ec9d1b29-a9aa-4c3b-9932-1cb0b3c01d02,1787670746000,189947,presentmon,frame_time_p95_ms,35.0501,ms,ok,,process,42
0.1,ec9d1b29-a9aa-4c3b-9932-1cb0b3c01d02,1787670746000,189947,presentmon,gpu_busy_median_ms,20.46575,ms,ok,,process,42
0.1,ec9d1b29-a9aa-4c3b-9932-1cb0b3c01d02,1787670746000,189947,presentmon,gpu_busy_p95_ms,21.4209,ms,ok,,process,42
0.1,ec9d1b29-a9aa-4c3b-9932-1cb0b3c01d02,1787670750100,194047,windows_pdh,process_gpu_pct,98.77307939509753,percent,ok,,process,
0.1,ec9d1b29-a9aa-4c3b-9932-1cb0b3c01d02,1787670751106,195053,psutil,process_cpu_pct_raw,582.8,percent,ok,,process,
0.1,ec9d1b29-a9aa-4c3b-9932-1cb0b3c01d02,1787670751106,195053,psutil,process_cpu_pct,29.139999999999997,percent,ok,,process,
0.1,ec9d1b29-a9aa-4c3b-9932-1cb0b3c01d02,1787670751106,195053,psutil,process_memory_mb,7817.359375,MiB,ok,,process,
0.1,ec9d1b29-a9aa-4c3b-9932-1cb0b3c01d02,1787670751106,195053,win32_foreground,game_foreground,0.0,boolean,ok,,process,
0.1,ec9d1b29-a9aa-4c3b-9932-1cb0b3c01d02,1787670747000,190947,presentmon,app_fps,39.62043622100279,fps,ok,,process,40
0.1,ec9d1b29-a9aa-4c3b-9932-1cb0b3c01d02,1787670747000,190947,presentmon,frame_time_avg_ms,25.2395,ms,ok,,process,40
0.1,ec9d1b29-a9aa-4c3b-9932-1cb0b3c01d02,1787670747000,190947,presentmon,frame_time_p95_ms,33.1971,ms,ok,,process,40
0.1,ec9d1b29-a9aa-4c3b-9932-1cb0b3c01d02,1787670747000,190947,presentmon,gpu_busy_median_ms,20.581049999999998,ms,ok,,process,40
0.1,ec9d1b29-a9aa-4c3b-9932-1cb0b3c01d02,1787670747000,190947,presentmon,gpu_busy_p95_ms,21.5847,ms,ok,,process,40
0.1,ec9d1b29-a9aa-4c3b-9932-1cb0b3c01d02,1787670751106,195053,windows_pdh,process_gpu_pct,85.72763746568398,percent,ok,,process,
0.1,ec9d1b29-a9aa-4c3b-9932-1cb0b3c01d02,1787670752111,196058,psutil,process_cpu_pct_raw,591.1,percent,ok,,process,
0.1,ec9d1b29-a9aa-4c3b-9932-1cb0b3c01d02,1787670752111,196058,psutil,process_cpu_pct,29.555,percent,ok,,process,
0.1,ec9d1b29-a9aa-4c3b-9932-1cb0b3c01d02,1787670752111,196058,psutil,process_memory_mb,7818.01953125,MiB,ok,,process,
0.1,ec9d1b29-a9aa-4c3b-9932-1cb0b3c01d02,1787670752111,196058,win32_foreground,game_foreground,0.0,boolean,ok,,process,
0.1,ec9d1b29-a9aa-4c3b-9932-1cb0b3c01d02,1787670748000,191947,presentmon,app_fps,48.920294164717426,fps,ok,,process,49
0.1,ec9d1b29-a9aa-4c3b-9932-1cb0b3c01d02,1787670748000,191947,presentmon,frame_time_avg_ms,20.441414285714284,ms,ok,,process,49
0.1,ec9d1b29-a9aa-4c3b-9932-1cb0b3c01d02,1787670748000,191947,presentmon,frame_time_p95_ms,28.8156,ms,ok,,process,49
0.1,ec9d1b29-a9aa-4c3b-9932-1cb0b3c01d02,1787670748000,191947,presentmon,gpu_busy_median_ms,20.1186,ms,ok,,process,49
0.1,ec9d1b29-a9aa-4c3b-9932-1cb0b3c01d02,1787670748000,191947,presentmon,gpu_busy_p95_ms,21.2397,ms,ok,,process,49
0.1,ec9d1b29-a9aa-4c3b-9932-1cb0b3c01d02,1787670752111,196058,windows_pdh,process_gpu_pct,79.10950396444272,percent,ok,,process,
0.1,ec9d1b29-a9aa-4c3b-9932-1cb0b3c01d02,1787670752111,196058,nvidia-smi,device_gpu_util_pct,78.0,percent,ok,,device,
0.1,ec9d1b29-a9aa-4c3b-9932-1cb0b3c01d02,1787670752111,196058,nvidia-smi,device_vram_used_mb,5004.0,MiB,ok,,device,
0.1,ec9d1b29-a9aa-4c3b-9932-1cb0b3c01d02,1787670752111,196058,nvidia-smi,device_gpu_temperature_c,64.0,celsius,ok,,device,
0.1,ec9d1b29-a9aa-4c3b-9932-1cb0b3c01d02,1787670752111,196058,nvidia-smi,device_gpu_power_w,147.41,watt,ok,,device,
0.1,ec9d1b29-a9aa-4c3b-9932-1cb0b3c01d02,1787670752111,196058,nvidia-smi,device_gpu_clock_mhz,1965.0,MHz,ok,,device,
0.1,ec9d1b29-a9aa-4c3b-9932-1cb0b3c01d02,1787670753117,197064,psutil,process_cpu_pct_raw,687.5,percent,ok,,process,
0.1,ec9d1b29-a9aa-4c3b-9932-1cb0b3c01d02,1787670753117,197064,psutil,process_cpu_pct,34.375,percent,ok,,process,
0.1,ec9d1b29-a9aa-4c3b-9932-1cb0b3c01d02,1787670753117,197064,psutil,process_memory_mb,7818.4296875,MiB,ok,,process,
0.1,ec9d1b29-a9aa-4c3b-9932-1cb0b3c01d02,1787670753117,197064,win32_foreground,game_foreground,0.0,boolean,ok,,process,
0.1,ec9d1b29-a9aa-4c3b-9932-1cb0b3c01d02,1787670749000,192947,presentmon,app_fps,41.108872738560805,fps,ok,,process,41
0.1,ec9d1b29-a9aa-4c3b-9932-1cb0b3c01d02,1787670749000,192947,presentmon,frame_time_avg_ms,24.325648780487803,ms,ok,,process,41
0.1,ec9d1b29-a9aa-4c3b-9932-1cb0b3c01d02,1787670749000,192947,presentmon,frame_time_p95_ms,33.3487,ms,ok,,process,41
0.1,ec9d1b29-a9aa-4c3b-9932-1cb0b3c01d02,1787670749000,192947,presentmon,gpu_busy_median_ms,20.5258,ms,ok,,process,41
0.1,ec9d1b29-a9aa-4c3b-9932-1cb0b3c01d02,1787670749000,192947,presentmon,gpu_busy_p95_ms,21.7764,ms,ok,,process,41
0.1,ec9d1b29-a9aa-4c3b-9932-1cb0b3c01d02,1787670753117,197064,windows_pdh,process_gpu_pct,97.72213259573665,percent,ok,,process,
0.1,ec9d1b29-a9aa-4c3b-9932-1cb0b3c01d02,1787670754107,198054,psutil,process_cpu_pct_raw,666.2,percent,ok,,process,
0.1,ec9d1b29-a9aa-4c3b-9932-1cb0b3c01d02,1787670754107,198054,psutil,process_cpu_pct,33.31,percent,ok,,process,
0.1,ec9d1b29-a9aa-4c3b-9932-1cb0b3c01d02,1787670754107,198054,psutil,process_memory_mb,7819.5078125,MiB,ok,,process,
0.1,ec9d1b29-a9aa-4c3b-9932-1cb0b3c01d02,1787670754107,198054,win32_foreground,game_foreground,0.0,boolean,ok,,process,
0.1,ec9d1b29-a9aa-4c3b-9932-1cb0b3c01d02,1787670750000,193947,presentmon,app_fps,37.9962345731538,fps,ok,,process,38
0.1,ec9d1b29-a9aa-4c3b-9932-1cb0b3c01d02,1787670750000,193947,presentmon,frame_time_avg_ms,26.318397368421053,ms,ok,,process,38
0.1,ec9d1b29-a9aa-4c3b-9932-1cb0b3c01d02,1787670750000,193947,presentmon,frame_time_p95_ms,38.6215,ms,ok,,process,38
0.1,ec9d1b29-a9aa-4c3b-9932-1cb0b3c01d02,1787670750000,193947,presentmon,gpu_busy_median_ms,20.6114,ms,ok,,process,38
0.1,ec9d1b29-a9aa-4c3b-9932-1cb0b3c01d02,1787670750000,193947,presentmon,gpu_busy_p95_ms,22.4185,ms,ok,,process,38
0.1,ec9d1b29-a9aa-4c3b-9932-1cb0b3c01d02,1787670754107,198054,windows_pdh,process_gpu_pct,83.25125290130632,percent,ok,,process,
0.1,ec9d1b29-a9aa-4c3b-9932-1cb0b3c01d02,1787670755113,199060,psutil,process_cpu_pct_raw,686.6,percent,ok,,process,
0.1,ec9d1b29-a9aa-4c3b-9932-1cb0b3c01d02,1787670755113,199060,psutil,process_cpu_pct,34.33,percent,ok,,process,
0.1,ec9d1b29-a9aa-4c3b-9932-1cb0b3c01d02,1787670755113,199060,psutil,process_memory_mb,7821.35546875,MiB,ok,,process,
0.1,ec9d1b29-a9aa-4c3b-9932-1cb0b3c01d02,1787670755113,199060,win32_foreground,game_foreground,0.0,boolean,ok,,process,
0.1,ec9d1b29-a9aa-4c3b-9932-1cb0b3c01d02,1787670751000,194947,presentmon,app_fps,48.48500030656662,fps,ok,,process,48
0.1,ec9d1b29-a9aa-4c3b-9932-1cb0b3c01d02,1787670751000,194947,presentmon,frame_time_avg_ms,20.624935416666666,ms,ok,,process,48
0.1,ec9d1b29-a9aa-4c3b-9932-1cb0b3c01d02,1787670751000,194947,presentmon,frame_time_p95_ms,28.7692,ms,ok,,process,48
0.1,ec9d1b29-a9aa-4c3b-9932-1cb0b3c01d02,1787670751000,194947,presentmon,gpu_busy_median_ms,20.23475,ms,ok,,process,48
0.1,ec9d1b29-a9aa-4c3b-9932-1cb0b3c01d02,1787670751000,194947,presentmon,gpu_busy_p95_ms,21.4401,ms,ok,,process,48
0.1,ec9d1b29-a9aa-4c3b-9932-1cb0b3c01d02,1787670755113,199060,windows_pdh,process_gpu_pct,79.90858789571404,percent,ok,,process,
0.1,ec9d1b29-a9aa-4c3b-9932-1cb0b3c01d02,1787670756103,200050,psutil,process_cpu_pct_raw,607.6,percent,ok,,process,
0.1,ec9d1b29-a9aa-4c3b-9932-1cb0b3c01d02,1787670756103,200050,psutil,process_cpu_pct,30.380000000000003,percent,ok,,process,
0.1,ec9d1b29-a9aa-4c3b-9932-1cb0b3c01d02,1787670756103,200050,psutil,process_memory_mb,7824.45703125,MiB,ok,,process,
0.1,ec9d1b29-a9aa-4c3b-9932-1cb0b3c01d02,1787670756103,200050,win32_foreground,game_foreground,0.0,boolean,ok,,process,
0.1,ec9d1b29-a9aa-4c3b-9932-1cb0b3c01d02,1787670752000,195947,presentmon,app_fps,39.518057529400195,fps,ok,,process,40
0.1,ec9d1b29-a9aa-4c3b-9932-1cb0b3c01d02,1787670752000,195947,presentmon,frame_time_avg_ms,25.3048875,ms,ok,,process,40
0.1,ec9d1b29-a9aa-4c3b-9932-1cb0b3c01d02,1787670752000,195947,presentmon,frame_time_p95_ms,35.3572,ms,ok,,process,40
0.1,ec9d1b29-a9aa-4c3b-9932-1cb0b3c01d02,1787670752000,195947,presentmon,gpu_busy_median_ms,20.72475,ms,ok,,process,40
0.1,ec9d1b29-a9aa-4c3b-9932-1cb0b3c01d02,1787670752000,195947,presentmon,gpu_busy_p95_ms,23.1616,ms,ok,,process,40
0.1,ec9d1b29-a9aa-4c3b-9932-1cb0b3c01d02,1787670756103,200050,windows_pdh,process_gpu_pct,92.6231815555162,percent,ok,,process,
0.1,ec9d1b29-a9aa-4c3b-9932-1cb0b3c01d02,1787670757109,201056,psutil,process_cpu_pct_raw,595.3,percent,ok,,process,
0.1,ec9d1b29-a9aa-4c3b-9932-1cb0b3c01d02,1787670757109,201056,psutil,process_cpu_pct,29.764999999999997,percent,ok,,process,
0.1,ec9d1b29-a9aa-4c3b-9932-1cb0b3c01d02,1787670757109,201056,psutil,process_memory_mb,7827.61328125,MiB,ok,,process,
0.1,ec9d1b29-a9aa-4c3b-9932-1cb0b3c01d02,1787670757109,201056,win32_foreground,game_foreground,0.0,boolean,ok,,process,
0.1,ec9d1b29-a9aa-4c3b-9932-1cb0b3c01d02,1787670753000,196947,presentmon,app_fps,38.76292209219195,fps,ok,,process,39
0.1,ec9d1b29-a9aa-4c3b-9932-1cb0b3c01d02,1787670753000,196947,presentmon,frame_time_avg_ms,25.797848717948717,ms,ok,,process,39
0.1,ec9d1b29-a9aa-4c3b-9932-1cb0b3c01d02,1787670753000,196947,presentmon,frame_time_p95_ms,37.7046,ms,ok,,process,39
0.1,ec9d1b29-a9aa-4c3b-9932-1cb0b3c01d02,1787670753000,196947,presentmon,gpu_busy_median_ms,20.7988,ms,ok,,process,39
0.1,ec9d1b29-a9aa-4c3b-9932-1cb0b3c01d02,1787670753000,196947,presentmon,gpu_busy_p95_ms,22.1744,ms,ok,,process,39
0.1,ec9d1b29-a9aa-4c3b-9932-1cb0b3c01d02,1787670757109,201056,windows_pdh,process_gpu_pct,80.68624693918748,percent,ok,,process,
0.1,ec9d1b29-a9aa-4c3b-9932-1cb0b3c01d02,1787670758099,202046,psutil,process_cpu_pct_raw,532.8,percent,ok,,process,
0.1,ec9d1b29-a9aa-4c3b-9932-1cb0b3c01d02,1787670758099,202046,psutil,process_cpu_pct,26.639999999999997,percent,ok,,process,
0.1,ec9d1b29-a9aa-4c3b-9932-1cb0b3c01d02,1787670758099,202046,psutil,process_memory_mb,7825.06640625,MiB,ok,,process,
0.1,ec9d1b29-a9aa-4c3b-9932-1cb0b3c01d02,1787670758099,202046,win32_foreground,game_foreground,0.0,boolean,ok,,process,
0.1,ec9d1b29-a9aa-4c3b-9932-1cb0b3c01d02,1787670754000,197947,presentmon,app_fps,46.46465115804557,fps,ok,,process,46
0.1,ec9d1b29-a9aa-4c3b-9932-1cb0b3c01d02,1787670754000,197947,presentmon,frame_time_avg_ms,21.52173695652174,ms,ok,,process,46
0.1,ec9d1b29-a9aa-4c3b-9932-1cb0b3c01d02,1787670754000,197947,presentmon,frame_time_p95_ms,30.3079,ms,ok,,process,46
0.1,ec9d1b29-a9aa-4c3b-9932-1cb0b3c01d02,1787670754000,197947,presentmon,gpu_busy_median_ms,19.88275,ms,ok,,process,46
0.1,ec9d1b29-a9aa-4c3b-9932-1cb0b3c01d02,1787670754000,197947,presentmon,gpu_busy_p95_ms,22.1438,ms,ok,,process,46
0.1,ec9d1b29-a9aa-4c3b-9932-1cb0b3c01d02,1787670758099,202046,windows_pdh,process_gpu_pct,67.84729596549911,percent,ok,,process,
0.1,ec9d1b29-a9aa-4c3b-9932-1cb0b3c01d02,1787670758099,202046,nvidia-smi,device_gpu_util_pct,67.0,percent,ok,,device,
0.1,ec9d1b29-a9aa-4c3b-9932-1cb0b3c01d02,1787670758099,202046,nvidia-smi,device_vram_used_mb,4987.0,MiB,ok,,device,
0.1,ec9d1b29-a9aa-4c3b-9932-1cb0b3c01d02,1787670758099,202046,nvidia-smi,device_gpu_temperature_c,63.0,celsius,ok,,device,
0.1,ec9d1b29-a9aa-4c3b-9932-1cb0b3c01d02,1787670758099,202046,nvidia-smi,device_gpu_power_w,136.85,watt,ok,,device,
0.1,ec9d1b29-a9aa-4c3b-9932-1cb0b3c01d02,1787670758099,202046,nvidia-smi,device_gpu_clock_mhz,1965.0,MHz,ok,,device,
0.1,ec9d1b29-a9aa-4c3b-9932-1cb0b3c01d02,1787670759104,203051,psutil,process_cpu_pct_raw,567.2,percent,ok,,process,
0.1,ec9d1b29-a9aa-4c3b-9932-1cb0b3c01d02,1787670759104,203051,psutil,process_cpu_pct,28.360000000000003,percent,ok,,process,
0.1,ec9d1b29-a9aa-4c3b-9932-1cb0b3c01d02,1787670759104,203051,psutil,process_memory_mb,7811.453125,MiB,ok,,process,
0.1,ec9d1b29-a9aa-4c3b-9932-1cb0b3c01d02,1787670759104,203051,win32_foreground,game_foreground,0.0,boolean,ok,,process,
0.1,ec9d1b29-a9aa-4c3b-9932-1cb0b3c01d02,1787670755000,198947,presentmon,app_fps,43.42941993791369,fps,ok,,process,44
0.1,ec9d1b29-a9aa-4c3b-9932-1cb0b3c01d02,1787670755000,198947,presentmon,frame_time_avg_ms,23.02586590909091,ms,ok,,process,44
0.1,ec9d1b29-a9aa-4c3b-9932-1cb0b3c01d02,1787670755000,198947,presentmon,frame_time_p95_ms,35.6149,ms,ok,,process,44
0.1,ec9d1b29-a9aa-4c3b-9932-1cb0b3c01d02,1787670755000,198947,presentmon,gpu_busy_median_ms,18.22795,ms,ok,,process,44
0.1,ec9d1b29-a9aa-4c3b-9932-1cb0b3c01d02,1787670755000,198947,presentmon,gpu_busy_p95_ms,19.4805,ms,ok,,process,44
0.1,ec9d1b29-a9aa-4c3b-9932-1cb0b3c01d02,1787670759104,203051,windows_pdh,process_gpu_pct,86.34293035728818,percent,ok,,process,
0.1,ec9d1b29-a9aa-4c3b-9932-1cb0b3c01d02,1787670760110,204057,psutil,process_cpu_pct_raw,555.7,percent,ok,,process,
0.1,ec9d1b29-a9aa-4c3b-9932-1cb0b3c01d02,1787670760110,204057,psutil,process_cpu_pct,27.785000000000004,percent,ok,,process,
0.1,ec9d1b29-a9aa-4c3b-9932-1cb0b3c01d02,1787670760110,204057,psutil,process_memory_mb,7811.671875,MiB,ok,,process,
0.1,ec9d1b29-a9aa-4c3b-9932-1cb0b3c01d02,1787670760110,204057,win32_foreground,game_foreground,0.0,boolean,ok,,process,
0.1,ec9d1b29-a9aa-4c3b-9932-1cb0b3c01d02,1787670756000,199947,presentmon,app_fps,39.21615158430236,fps,ok,,process,39
0.1,ec9d1b29-a9aa-4c3b-9932-1cb0b3c01d02,1787670756000,199947,presentmon,frame_time_avg_ms,25.499697435897435,ms,ok,,process,39
0.1,ec9d1b29-a9aa-4c3b-9932-1cb0b3c01d02,1787670756000,199947,presentmon,frame_time_p95_ms,41.8413,ms,ok,,process,39
0.1,ec9d1b29-a9aa-4c3b-9932-1cb0b3c01d02,1787670756000,199947,presentmon,gpu_busy_median_ms,17.1584,ms,ok,,process,39
0.1,ec9d1b29-a9aa-4c3b-9932-1cb0b3c01d02,1787670756000,199947,presentmon,gpu_busy_p95_ms,19.2357,ms,ok,,process,39
0.1,ec9d1b29-a9aa-4c3b-9932-1cb0b3c01d02,1787670760110,204057,windows_pdh,process_gpu_pct,77.62251809030157,percent,ok,,process,
0.1,ec9d1b29-a9aa-4c3b-9932-1cb0b3c01d02,1787670761116,205063,psutil,process_cpu_pct_raw,545.3,percent,ok,,process,
0.1,ec9d1b29-a9aa-4c3b-9932-1cb0b3c01d02,1787670761116,205063,psutil,process_cpu_pct,27.264999999999997,percent,ok,,process,
0.1,ec9d1b29-a9aa-4c3b-9932-1cb0b3c01d02,1787670761116,205063,psutil,process_memory_mb,7812.41796875,MiB,ok,,process,
0.1,ec9d1b29-a9aa-4c3b-9932-1cb0b3c01d02,1787670761116,205063,win32_foreground,game_foreground,0.0,boolean,ok,,process,
0.1,ec9d1b29-a9aa-4c3b-9932-1cb0b3c01d02,1787670757000,200947,presentmon,app_fps,54.00057780618253,fps,ok,,process,54
0.1,ec9d1b29-a9aa-4c3b-9932-1cb0b3c01d02,1787670757000,200947,presentmon,frame_time_avg_ms,18.51832037037037,ms,ok,,process,54
0.1,ec9d1b29-a9aa-4c3b-9932-1cb0b3c01d02,1787670757000,200947,presentmon,frame_time_p95_ms,27.0784,ms,ok,,process,54
0.1,ec9d1b29-a9aa-4c3b-9932-1cb0b3c01d02,1787670757000,200947,presentmon,gpu_busy_median_ms,15.8337,ms,ok,,process,54
0.1,ec9d1b29-a9aa-4c3b-9932-1cb0b3c01d02,1787670757000,200947,presentmon,gpu_busy_p95_ms,17.4633,ms,ok,,process,54
0.1,ec9d1b29-a9aa-4c3b-9932-1cb0b3c01d02,1787670761116,205063,windows_pdh,process_gpu_pct,73.25624169487276,percent,ok,,process,
0.1,ec9d1b29-a9aa-4c3b-9932-1cb0b3c01d02,1787670762106,206053,psutil,process_cpu_pct_raw,655.1,percent,ok,,process,
0.1,ec9d1b29-a9aa-4c3b-9932-1cb0b3c01d02,1787670762106,206053,psutil,process_cpu_pct,32.755,percent,ok,,process,
0.1,ec9d1b29-a9aa-4c3b-9932-1cb0b3c01d02,1787670762106,206053,psutil,process_memory_mb,7810.140625,MiB,ok,,process,
0.1,ec9d1b29-a9aa-4c3b-9932-1cb0b3c01d02,1787670762106,206053,win32_foreground,game_foreground,0.0,boolean,ok,,process,
0.1,ec9d1b29-a9aa-4c3b-9932-1cb0b3c01d02,1787670758000,201947,presentmon,app_fps,46.52708675501284,fps,ok,,process,46
0.1,ec9d1b29-a9aa-4c3b-9932-1cb0b3c01d02,1787670758000,201947,presentmon,frame_time_avg_ms,21.492856521739128,ms,ok,,process,46
0.1,ec9d1b29-a9aa-4c3b-9932-1cb0b3c01d02,1787670758000,201947,presentmon,frame_time_p95_ms,30.8605,ms,ok,,process,46
0.1,ec9d1b29-a9aa-4c3b-9932-1cb0b3c01d02,1787670758000,201947,presentmon,gpu_busy_median_ms,16.645,ms,ok,,process,46
0.1,ec9d1b29-a9aa-4c3b-9932-1cb0b3c01d02,1787670758000,201947,presentmon,gpu_busy_p95_ms,17.3657,ms,ok,,process,46
0.1,ec9d1b29-a9aa-4c3b-9932-1cb0b3c01d02,1787670762106,206053,windows_pdh,process_gpu_pct,97.28429040086085,percent,ok,,process,
0.1,ec9d1b29-a9aa-4c3b-9932-1cb0b3c01d02,1787670763111,207058,psutil,process_cpu_pct_raw,543.4,percent,ok,,process,
0.1,ec9d1b29-a9aa-4c3b-9932-1cb0b3c01d02,1787670763111,207058,psutil,process_cpu_pct,27.169999999999998,percent,ok,,process,
0.1,ec9d1b29-a9aa-4c3b-9932-1cb0b3c01d02,1787670763111,207058,psutil,process_memory_mb,7809.7109375,MiB,ok,,process,
0.1,ec9d1b29-a9aa-4c3b-9932-1cb0b3c01d02,1787670763111,207058,win32_foreground,game_foreground,0.0,boolean,ok,,process,
0.1,ec9d1b29-a9aa-4c3b-9932-1cb0b3c01d02,1787670759000,202947,presentmon,app_fps,44.66466661598054,fps,ok,,process,45
0.1,ec9d1b29-a9aa-4c3b-9932-1cb0b3c01d02,1787670759000,202947,presentmon,frame_time_avg_ms,22.389062222222222,ms,ok,,process,45
0.1,ec9d1b29-a9aa-4c3b-9932-1cb0b3c01d02,1787670759000,202947,presentmon,frame_time_p95_ms,32.4465,ms,ok,,process,45
0.1,ec9d1b29-a9aa-4c3b-9932-1cb0b3c01d02,1787670759000,202947,presentmon,gpu_busy_median_ms,16.4734,ms,ok,,process,45
0.1,ec9d1b29-a9aa-4c3b-9932-1cb0b3c01d02,1787670759000,202947,presentmon,gpu_busy_p95_ms,17.244,ms,ok,,process,45
0.1,ec9d1b29-a9aa-4c3b-9932-1cb0b3c01d02,1787670763111,207058,windows_pdh,process_gpu_pct,72.03453695524328,percent,ok,,process,
0.1,ec9d1b29-a9aa-4c3b-9932-1cb0b3c01d02,1787670763111,207058,nvidia-smi,device_gpu_util_pct,67.0,percent,ok,,device,
0.1,ec9d1b29-a9aa-4c3b-9932-1cb0b3c01d02,1787670763111,207058,nvidia-smi,device_vram_used_mb,4992.0,MiB,ok,,device,
0.1,ec9d1b29-a9aa-4c3b-9932-1cb0b3c01d02,1787670763111,207058,nvidia-smi,device_gpu_temperature_c,62.0,celsius,ok,,device,
0.1,ec9d1b29-a9aa-4c3b-9932-1cb0b3c01d02,1787670763111,207058,nvidia-smi,device_gpu_power_w,102.61,watt,ok,,device,
0.1,ec9d1b29-a9aa-4c3b-9932-1cb0b3c01d02,1787670763111,207058,nvidia-smi,device_gpu_clock_mhz,1965.0,MHz,ok,,device,
0.1,ec9d1b29-a9aa-4c3b-9932-1cb0b3c01d02,1787670764117,208064,psutil,process_cpu_pct_raw,575.0,percent,ok,,process,
0.1,ec9d1b29-a9aa-4c3b-9932-1cb0b3c01d02,1787670764117,208064,psutil,process_cpu_pct,28.75,percent,ok,,process,
0.1,ec9d1b29-a9aa-4c3b-9932-1cb0b3c01d02,1787670764117,208064,psutil,process_memory_mb,7810.89453125,MiB,ok,,process,
0.1,ec9d1b29-a9aa-4c3b-9932-1cb0b3c01d02,1787670764117,208064,win32_foreground,game_foreground,0.0,boolean,ok,,process,
0.1,ec9d1b29-a9aa-4c3b-9932-1cb0b3c01d02,1787670760000,203947,presentmon,app_fps,57.74388278230736,fps,ok,,process,58
0.1,ec9d1b29-a9aa-4c3b-9932-1cb0b3c01d02,1787670760000,203947,presentmon,frame_time_avg_ms,17.31785172413793,ms,ok,,process,58
0.1,ec9d1b29-a9aa-4c3b-9932-1cb0b3c01d02,1787670760000,203947,presentmon,frame_time_p95_ms,25.8204,ms,ok,,process,58
0.1,ec9d1b29-a9aa-4c3b-9932-1cb0b3c01d02,1787670760000,203947,presentmon,gpu_busy_median_ms,16.6604,ms,ok,,process,58
0.1,ec9d1b29-a9aa-4c3b-9932-1cb0b3c01d02,1787670760000,203947,presentmon,gpu_busy_p95_ms,17.9972,ms,ok,,process,58
0.1,ec9d1b29-a9aa-4c3b-9932-1cb0b3c01d02,1787670764117,208064,windows_pdh,process_gpu_pct,79.96188344268312,percent,ok,,process,
0.1,ec9d1b29-a9aa-4c3b-9932-1cb0b3c01d02,1787670765107,209054,psutil,process_cpu_pct_raw,634.5,percent,ok,,process,
0.1,ec9d1b29-a9aa-4c3b-9932-1cb0b3c01d02,1787670765107,209054,psutil,process_cpu_pct,31.725,percent,ok,,process,
0.1,ec9d1b29-a9aa-4c3b-9932-1cb0b3c01d02,1787670765107,209054,psutil,process_memory_mb,7810.90234375,MiB,ok,,process,
0.1,ec9d1b29-a9aa-4c3b-9932-1cb0b3c01d02,1787670765107,209054,win32_foreground,game_foreground,0.0,boolean,ok,,process,
0.1,ec9d1b29-a9aa-4c3b-9932-1cb0b3c01d02,1787670761000,204947,presentmon,app_fps,41.497096685271195,fps,ok,,process,42
0.1,ec9d1b29-a9aa-4c3b-9932-1cb0b3c01d02,1787670761000,204947,presentmon,frame_time_avg_ms,24.09807142857143,ms,ok,,process,42
0.1,ec9d1b29-a9aa-4c3b-9932-1cb0b3c01d02,1787670761000,204947,presentmon,frame_time_p95_ms,32.007,ms,ok,,process,42
0.1,ec9d1b29-a9aa-4c3b-9932-1cb0b3c01d02,1787670761000,204947,presentmon,gpu_busy_median_ms,17.20495,ms,ok,,process,42
0.1,ec9d1b29-a9aa-4c3b-9932-1cb0b3c01d02,1787670761000,204947,presentmon,gpu_busy_p95_ms,18.1449,ms,ok,,process,42
0.1,ec9d1b29-a9aa-4c3b-9932-1cb0b3c01d02,1787670765107,209054,windows_pdh,process_gpu_pct,96.15479951542825,percent,ok,,process,
0.1,ec9d1b29-a9aa-4c3b-9932-1cb0b3c01d02,1787670766113,210060,psutil,process_cpu_pct_raw,264.8,percent,ok,,process,
0.1,ec9d1b29-a9aa-4c3b-9932-1cb0b3c01d02,1787670766113,210060,psutil,process_cpu_pct,13.24,percent,ok,,process,
0.1,ec9d1b29-a9aa-4c3b-9932-1cb0b3c01d02,1787670766113,210060,psutil,process_memory_mb,7850.06640625,MiB,ok,,process,
0.1,ec9d1b29-a9aa-4c3b-9932-1cb0b3c01d02,1787670766113,210060,win32_foreground,game_foreground,0.0,boolean,ok,,process,
0.1,ec9d1b29-a9aa-4c3b-9932-1cb0b3c01d02,1787670762000,205947,presentmon,app_fps,46.960890255972586,fps,ok,,process,46
0.1,ec9d1b29-a9aa-4c3b-9932-1cb0b3c01d02,1787670762000,205947,presentmon,frame_time_avg_ms,21.294315217391304,ms,ok,,process,46
0.1,ec9d1b29-a9aa-4c3b-9932-1cb0b3c01d02,1787670762000,205947,presentmon,frame_time_p95_ms,31.5819,ms,ok,,process,46
0.1,ec9d1b29-a9aa-4c3b-9932-1cb0b3c01d02,1787670762000,205947,presentmon,gpu_busy_median_ms,16.95745,ms,ok,,process,46
0.1,ec9d1b29-a9aa-4c3b-9932-1cb0b3c01d02,1787670762000,205947,presentmon,gpu_busy_p95_ms,18.3705,ms,ok,,process,46
0.1,ec9d1b29-a9aa-4c3b-9932-1cb0b3c01d02,1787670766113,210060,windows_pdh,process_gpu_pct,24.601975898408384,percent,ok,,process,
0.1,ec9d1b29-a9aa-4c3b-9932-1cb0b3c01d02,1787670767118,211065,psutil,process_cpu_pct_raw,510.9,percent,ok,,process,
0.1,ec9d1b29-a9aa-4c3b-9932-1cb0b3c01d02,1787670767118,211065,psutil,process_cpu_pct,25.544999999999998,percent,ok,,process,
0.1,ec9d1b29-a9aa-4c3b-9932-1cb0b3c01d02,1787670767118,211065,psutil,process_memory_mb,7805.34375,MiB,ok,,process,
0.1,ec9d1b29-a9aa-4c3b-9932-1cb0b3c01d02,1787670767118,211065,win32_foreground,game_foreground,0.0,boolean,ok,,process,
0.1,ec9d1b29-a9aa-4c3b-9932-1cb0b3c01d02,1787670763000,206947,presentmon,app_fps,55.52999412968634,fps,ok,,process,56
0.1,ec9d1b29-a9aa-4c3b-9932-1cb0b3c01d02,1787670763000,206947,presentmon,frame_time_avg_ms,18.008285714285712,ms,ok,,process,56
0.1,ec9d1b29-a9aa-4c3b-9932-1cb0b3c01d02,1787670763000,206947,presentmon,frame_time_p95_ms,24.1648,ms,ok,,process,56
0.1,ec9d1b29-a9aa-4c3b-9932-1cb0b3c01d02,1787670763000,206947,presentmon,gpu_busy_median_ms,17.06945,ms,ok,,process,56
0.1,ec9d1b29-a9aa-4c3b-9932-1cb0b3c01d02,1787670763000,206947,presentmon,gpu_busy_p95_ms,18.4089,ms,ok,,process,56
0.1,ec9d1b29-a9aa-4c3b-9932-1cb0b3c01d02,1787670767118,211065,windows_pdh,process_gpu_pct,64.02623174573976,percent,ok,,process,
0.1,ec9d1b29-a9aa-4c3b-9932-1cb0b3c01d02,1787670768123,212070,psutil,process_cpu_pct_raw,510.9,percent,ok,,process,
0.1,ec9d1b29-a9aa-4c3b-9932-1cb0b3c01d02,1787670768123,212070,psutil,process_cpu_pct,25.544999999999998,percent,ok,,process,
0.1,ec9d1b29-a9aa-4c3b-9932-1cb0b3c01d02,1787670768123,212070,psutil,process_memory_mb,7804.5,MiB,ok,,process,
0.1,ec9d1b29-a9aa-4c3b-9932-1cb0b3c01d02,1787670768123,212070,win32_foreground,game_foreground,0.0,boolean,ok,,process,
0.1,ec9d1b29-a9aa-4c3b-9932-1cb0b3c01d02,1787670764000,207947,presentmon,app_fps,36.285117568316565,fps,ok,,process,36
0.1,ec9d1b29-a9aa-4c3b-9932-1cb0b3c01d02,1787670764000,207947,presentmon,frame_time_avg_ms,27.559508333333333,ms,ok,,process,36
0.1,ec9d1b29-a9aa-4c3b-9932-1cb0b3c01d02,1787670764000,207947,presentmon,frame_time_p95_ms,125.6243,ms,ok,,process,36
0.1,ec9d1b29-a9aa-4c3b-9932-1cb0b3c01d02,1787670764000,207947,presentmon,gpu_busy_median_ms,0.9359500000000001,ms,ok,,process,36
0.1,ec9d1b29-a9aa-4c3b-9932-1cb0b3c01d02,1787670764000,207947,presentmon,gpu_busy_p95_ms,18.4328,ms,ok,,process,36
0.1,ec9d1b29-a9aa-4c3b-9932-1cb0b3c01d02,1787670768123,212070,windows_pdh,process_gpu_pct,87.95496328752091,percent,ok,,process,
0.1,ec9d1b29-a9aa-4c3b-9932-1cb0b3c01d02,1787670768123,212070,nvidia-smi,device_gpu_util_pct,85.0,percent,ok,,device,
0.1,ec9d1b29-a9aa-4c3b-9932-1cb0b3c01d02,1787670768123,212070,nvidia-smi,device_vram_used_mb,5090.0,MiB,ok,,device,
0.1,ec9d1b29-a9aa-4c3b-9932-1cb0b3c01d02,1787670768123,212070,nvidia-smi,device_gpu_temperature_c,62.0,celsius,ok,,device,
0.1,ec9d1b29-a9aa-4c3b-9932-1cb0b3c01d02,1787670768123,212070,nvidia-smi,device_gpu_power_w,115.13,watt,ok,,device,
0.1,ec9d1b29-a9aa-4c3b-9932-1cb0b3c01d02,1787670768123,212070,nvidia-smi,device_gpu_clock_mhz,1965.0,MHz,ok,,device,
0.1,ec9d1b29-a9aa-4c3b-9932-1cb0b3c01d02,1787670769114,213061,psutil,process_cpu_pct_raw,635.9,percent,ok,,process,
0.1,ec9d1b29-a9aa-4c3b-9932-1cb0b3c01d02,1787670769114,213061,psutil,process_cpu_pct,31.794999999999998,percent,ok,,process,
0.1,ec9d1b29-a9aa-4c3b-9932-1cb0b3c01d02,1787670769114,213061,psutil,process_memory_mb,7804.15234375,MiB,ok,,process,
0.1,ec9d1b29-a9aa-4c3b-9932-1cb0b3c01d02,1787670769114,213061,win32_foreground,game_foreground,0.0,boolean,ok,,process,
0.1,ec9d1b29-a9aa-4c3b-9932-1cb0b3c01d02,1787670765000,208947,presentmon,app_fps,35.874303614993785,fps,ok,,process,36
0.1,ec9d1b29-a9aa-4c3b-9932-1cb0b3c01d02,1787670765000,208947,presentmon,frame_time_avg_ms,27.875105555555553,ms,ok,,process,36
0.1,ec9d1b29-a9aa-4c3b-9932-1cb0b3c01d02,1787670765000,208947,presentmon,frame_time_p95_ms,47.4344,ms,ok,,process,36
0.1,ec9d1b29-a9aa-4c3b-9932-1cb0b3c01d02,1787670765000,208947,presentmon,gpu_busy_median_ms,18.12005,ms,ok,,process,36
0.1,ec9d1b29-a9aa-4c3b-9932-1cb0b3c01d02,1787670765000,208947,presentmon,gpu_busy_p95_ms,39.7757,ms,ok,,process,36
0.1,ec9d1b29-a9aa-4c3b-9932-1cb0b3c01d02,1787670769114,213061,windows_pdh,process_gpu_pct,80.40349807234644,percent,ok,,process,
0.1,ec9d1b29-a9aa-4c3b-9932-1cb0b3c01d02,1787670770119,214066,psutil,process_cpu_pct_raw,581.3,percent,ok,,process,
0.1,ec9d1b29-a9aa-4c3b-9932-1cb0b3c01d02,1787670770119,214066,psutil,process_cpu_pct,29.064999999999998,percent,ok,,process,
0.1,ec9d1b29-a9aa-4c3b-9932-1cb0b3c01d02,1787670770119,214066,psutil,process_memory_mb,7806.21875,MiB,ok,,process,
0.1,ec9d1b29-a9aa-4c3b-9932-1cb0b3c01d02,1787670770119,214066,win32_foreground,game_foreground,0.0,boolean,ok,,process,
0.1,ec9d1b29-a9aa-4c3b-9932-1cb0b3c01d02,1787670766000,209947,presentmon,app_fps,49.057545678461935,fps,ok,,process,50
0.1,ec9d1b29-a9aa-4c3b-9932-1cb0b3c01d02,1787670766000,209947,presentmon,frame_time_avg_ms,20.384224,ms,ok,,process,50
0.1,ec9d1b29-a9aa-4c3b-9932-1cb0b3c01d02,1787670766000,209947,presentmon,frame_time_p95_ms,34.1197,ms,ok,,process,50
0.1,ec9d1b29-a9aa-4c3b-9932-1cb0b3c01d02,1787670766000,209947,presentmon,gpu_busy_median_ms,17.591749999999998,ms,ok,,process,50
0.1,ec9d1b29-a9aa-4c3b-9932-1cb0b3c01d02,1787670766000,209947,presentmon,gpu_busy_p95_ms,18.9236,ms,ok,,process,50
0.1,ec9d1b29-a9aa-4c3b-9932-1cb0b3c01d02,1787670770119,214066,windows_pdh,process_gpu_pct,91.94256784425122,percent,ok,,process,
0.1,ec9d1b29-a9aa-4c3b-9932-1cb0b3c01d02,1787670771109,215056,psutil,process_cpu_pct_raw,565.6,percent,ok,,process,
0.1,ec9d1b29-a9aa-4c3b-9932-1cb0b3c01d02,1787670771109,215056,psutil,process_cpu_pct,28.28,percent,ok,,process,
0.1,ec9d1b29-a9aa-4c3b-9932-1cb0b3c01d02,1787670771109,215056,psutil,process_memory_mb,7805.37890625,MiB,ok,,process,
0.1,ec9d1b29-a9aa-4c3b-9932-1cb0b3c01d02,1787670771109,215056,win32_foreground,game_foreground,0.0,boolean,ok,,process,
0.1,ec9d1b29-a9aa-4c3b-9932-1cb0b3c01d02,1787670767000,210947,presentmon,app_fps,45.57168309289545,fps,ok,,process,45
0.1,ec9d1b29-a9aa-4c3b-9932-1cb0b3c01d02,1787670767000,210947,presentmon,frame_time_avg_ms,21.94345111111111,ms,ok,,process,45
0.1,ec9d1b29-a9aa-4c3b-9932-1cb0b3c01d02,1787670767000,210947,presentmon,frame_time_p95_ms,29.7804,ms,ok,,process,45
0.1,ec9d1b29-a9aa-4c3b-9932-1cb0b3c01d02,1787670767000,210947,presentmon,gpu_busy_median_ms,17.7796,ms,ok,,process,45
0.1,ec9d1b29-a9aa-4c3b-9932-1cb0b3c01d02,1787670767000,210947,presentmon,gpu_busy_p95_ms,19.2912,ms,ok,,process,45
0.1,ec9d1b29-a9aa-4c3b-9932-1cb0b3c01d02,1787670771109,215056,windows_pdh,process_gpu_pct,88.02912233557477,percent,ok,,process,
0.1,ec9d1b29-a9aa-4c3b-9932-1cb0b3c01d02,1787670772115,216062,psutil,process_cpu_pct_raw,635.9,percent,ok,,process,
0.1,ec9d1b29-a9aa-4c3b-9932-1cb0b3c01d02,1787670772115,216062,psutil,process_cpu_pct,31.794999999999998,percent,ok,,process,
0.1,ec9d1b29-a9aa-4c3b-9932-1cb0b3c01d02,1787670772115,216062,psutil,process_memory_mb,7800.890625,MiB,ok,,process,
0.1,ec9d1b29-a9aa-4c3b-9932-1cb0b3c01d02,1787670772115,216062,win32_foreground,game_foreground,0.0,boolean,ok,,process,
0.1,ec9d1b29-a9aa-4c3b-9932-1cb0b3c01d02,1787670768000,211947,presentmon,app_fps,54.08790907862549,fps,ok,,process,54
0.1,ec9d1b29-a9aa-4c3b-9932-1cb0b3c01d02,1787670768000,211947,presentmon,frame_time_avg_ms,18.48842037037037,ms,ok,,process,54
0.1,ec9d1b29-a9aa-4c3b-9932-1cb0b3c01d02,1787670768000,211947,presentmon,frame_time_p95_ms,28.2464,ms,ok,,process,54
0.1,ec9d1b29-a9aa-4c3b-9932-1cb0b3c01d02,1787670768000,211947,presentmon,gpu_busy_median_ms,16.903,ms,ok,,process,54
0.1,ec9d1b29-a9aa-4c3b-9932-1cb0b3c01d02,1787670768000,211947,presentmon,gpu_busy_p95_ms,17.9827,ms,ok,,process,54
0.1,ec9d1b29-a9aa-4c3b-9932-1cb0b3c01d02,1787670772115,216062,windows_pdh,process_gpu_pct,82.70597566871031,percent,ok,,process,
0.1,ec9d1b29-a9aa-4c3b-9932-1cb0b3c01d02,1787670773105,217052,psutil,process_cpu_pct_raw,504.4,percent,ok,,process,
0.1,ec9d1b29-a9aa-4c3b-9932-1cb0b3c01d02,1787670773105,217052,psutil,process_cpu_pct,25.22,percent,ok,,process,
0.1,ec9d1b29-a9aa-4c3b-9932-1cb0b3c01d02,1787670773105,217052,psutil,process_memory_mb,7805.828125,MiB,ok,,process,
0.1,ec9d1b29-a9aa-4c3b-9932-1cb0b3c01d02,1787670773105,217052,win32_foreground,game_foreground,0.0,boolean,ok,,process,
0.1,ec9d1b29-a9aa-4c3b-9932-1cb0b3c01d02,1787670769000,212947,presentmon,app_fps,51.382801873961014,fps,ok,,process,51
0.1,ec9d1b29-a9aa-4c3b-9932-1cb0b3c01d02,1787670769000,212947,presentmon,frame_time_avg_ms,19.461764705882352,ms,ok,,process,51
0.1,ec9d1b29-a9aa-4c3b-9932-1cb0b3c01d02,1787670769000,212947,presentmon,frame_time_p95_ms,27.1309,ms,ok,,process,51
0.1,ec9d1b29-a9aa-4c3b-9932-1cb0b3c01d02,1787670769000,212947,presentmon,gpu_busy_median_ms,17.1187,ms,ok,,process,51
0.1,ec9d1b29-a9aa-4c3b-9932-1cb0b3c01d02,1787670769000,212947,presentmon,gpu_busy_p95_ms,18.4183,ms,ok,,process,51
0.1,ec9d1b29-a9aa-4c3b-9932-1cb0b3c01d02,1787670773105,217052,windows_pdh,process_gpu_pct,72.98546274139558,percent,ok,,process,
0.1,ec9d1b29-a9aa-4c3b-9932-1cb0b3c01d02,1787670774111,218058,psutil,process_cpu_pct_raw,617.3,percent,ok,,process,
0.1,ec9d1b29-a9aa-4c3b-9932-1cb0b3c01d02,1787670774111,218058,psutil,process_cpu_pct,30.865,percent,ok,,process,
0.1,ec9d1b29-a9aa-4c3b-9932-1cb0b3c01d02,1787670774111,218058,psutil,process_memory_mb,7808.2421875,MiB,ok,,process,
0.1,ec9d1b29-a9aa-4c3b-9932-1cb0b3c01d02,1787670774111,218058,win32_foreground,game_foreground,0.0,boolean,ok,,process,
0.1,ec9d1b29-a9aa-4c3b-9932-1cb0b3c01d02,1787670770000,213947,presentmon,app_fps,47.48737719840034,fps,ok,,process,47
0.1,ec9d1b29-a9aa-4c3b-9932-1cb0b3c01d02,1787670770000,213947,presentmon,frame_time_avg_ms,21.05822765957447,ms,ok,,process,47
0.1,ec9d1b29-a9aa-4c3b-9932-1cb0b3c01d02,1787670770000,213947,presentmon,frame_time_p95_ms,27.1162,ms,ok,,process,47
0.1,ec9d1b29-a9aa-4c3b-9932-1cb0b3c01d02,1787670770000,213947,presentmon,gpu_busy_median_ms,17.2895,ms,ok,,process,47
0.1,ec9d1b29-a9aa-4c3b-9932-1cb0b3c01d02,1787670770000,213947,presentmon,gpu_busy_p95_ms,18.4469,ms,ok,,process,47
0.1,ec9d1b29-a9aa-4c3b-9932-1cb0b3c01d02,1787670774111,218058,windows_pdh,process_gpu_pct,71.31189035329106,percent,ok,,process,
0.1,ec9d1b29-a9aa-4c3b-9932-1cb0b3c01d02,1787670774111,218058,nvidia-smi,device_gpu_util_pct,67.0,percent,ok,,device,
0.1,ec9d1b29-a9aa-4c3b-9932-1cb0b3c01d02,1787670774111,218058,nvidia-smi,device_vram_used_mb,4972.0,MiB,ok,,device,
0.1,ec9d1b29-a9aa-4c3b-9932-1cb0b3c01d02,1787670774111,218058,nvidia-smi,device_gpu_temperature_c,62.0,celsius,ok,,device,
0.1,ec9d1b29-a9aa-4c3b-9932-1cb0b3c01d02,1787670774111,218058,nvidia-smi,device_gpu_power_w,111.3,watt,ok,,device,
0.1,ec9d1b29-a9aa-4c3b-9932-1cb0b3c01d02,1787670774111,218058,nvidia-smi,device_gpu_clock_mhz,1965.0,MHz,ok,,device,
0.1,ec9d1b29-a9aa-4c3b-9932-1cb0b3c01d02,1787670775116,219063,psutil,process_cpu_pct_raw,393.8,percent,ok,,process,
0.1,ec9d1b29-a9aa-4c3b-9932-1cb0b3c01d02,1787670775116,219063,psutil,process_cpu_pct,19.69,percent,ok,,process,
0.1,ec9d1b29-a9aa-4c3b-9932-1cb0b3c01d02,1787670775116,219063,psutil,process_memory_mb,7817.25,MiB,ok,,process,
0.1,ec9d1b29-a9aa-4c3b-9932-1cb0b3c01d02,1787670775116,219063,win32_foreground,game_foreground,0.0,boolean,ok,,process,
0.1,ec9d1b29-a9aa-4c3b-9932-1cb0b3c01d02,1787670771000,214947,presentmon,app_fps,43.182367775589874,fps,ok,,process,44
0.1,ec9d1b29-a9aa-4c3b-9932-1cb0b3c01d02,1787670771000,214947,presentmon,frame_time_avg_ms,23.1576,ms,ok,,process,44
0.1,ec9d1b29-a9aa-4c3b-9932-1cb0b3c01d02,1787670771000,214947,presentmon,frame_time_p95_ms,41.2273,ms,ok,,process,44
0.1,ec9d1b29-a9aa-4c3b-9932-1cb0b3c01d02,1787670771000,214947,presentmon,gpu_busy_median_ms,16.7665,ms,ok,,process,44
0.1,ec9d1b29-a9aa-4c3b-9932-1cb0b3c01d02,1787670771000,214947,presentmon,gpu_busy_p95_ms,18.0292,ms,ok,,process,44
0.1,ec9d1b29-a9aa-4c3b-9932-1cb0b3c01d02,1787670775116,219063,windows_pdh,process_gpu_pct,36.77917018453144,percent,ok,,process,
0.1,ec9d1b29-a9aa-4c3b-9932-1cb0b3c01d02,1787670776106,220053,psutil,process_cpu_pct_raw,748.7,percent,ok,,process,
0.1,ec9d1b29-a9aa-4c3b-9932-1cb0b3c01d02,1787670776106,220053,psutil,process_cpu_pct,37.435,percent,ok,,process,
0.1,ec9d1b29-a9aa-4c3b-9932-1cb0b3c01d02,1787670776106,220053,psutil,process_memory_mb,7820.10546875,MiB,ok,,process,
0.1,ec9d1b29-a9aa-4c3b-9932-1cb0b3c01d02,1787670776106,220053,win32_foreground,game_foreground,0.0,boolean,ok,,process,
0.1,ec9d1b29-a9aa-4c3b-9932-1cb0b3c01d02,1787670772000,215947,presentmon,app_fps,40.94351841634465,fps,ok,,process,41
0.1,ec9d1b29-a9aa-4c3b-9932-1cb0b3c01d02,1787670772000,215947,presentmon,frame_time_avg_ms,24.423890243902438,ms,ok,,process,41
0.1,ec9d1b29-a9aa-4c3b-9932-1cb0b3c01d02,1787670772000,215947,presentmon,frame_time_p95_ms,38.0824,ms,ok,,process,41
0.1,ec9d1b29-a9aa-4c3b-9932-1cb0b3c01d02,1787670772000,215947,presentmon,gpu_busy_median_ms,17.1719,ms,ok,,process,41
0.1,ec9d1b29-a9aa-4c3b-9932-1cb0b3c01d02,1787670772000,215947,presentmon,gpu_busy_p95_ms,19.5791,ms,ok,,process,41
0.1,ec9d1b29-a9aa-4c3b-9932-1cb0b3c01d02,1787670776106,220053,windows_pdh,process_gpu_pct,93.35305542222355,percent,ok,,process,
0.1,ec9d1b29-a9aa-4c3b-9932-1cb0b3c01d02,1787670777112,221059,psutil,process_cpu_pct_raw,672.7,percent,ok,,process,
0.1,ec9d1b29-a9aa-4c3b-9932-1cb0b3c01d02,1787670777112,221059,psutil,process_cpu_pct,33.635000000000005,percent,ok,,process,
0.1,ec9d1b29-a9aa-4c3b-9932-1cb0b3c01d02,1787670777112,221059,psutil,process_memory_mb,7830.83203125,MiB,ok,,process,
0.1,ec9d1b29-a9aa-4c3b-9932-1cb0b3c01d02,1787670777112,221059,win32_foreground,game_foreground,0.0,boolean,ok,,process,
0.1,ec9d1b29-a9aa-4c3b-9932-1cb0b3c01d02,1787670773000,216947,presentmon,app_fps,16.157880263846064,fps,ok,,process,16
0.1,ec9d1b29-a9aa-4c3b-9932-1cb0b3c01d02,1787670773000,216947,presentmon,frame_time_avg_ms,61.889306250000004,ms,ok,,process,16
0.1,ec9d1b29-a9aa-4c3b-9932-1cb0b3c01d02,1787670773000,216947,presentmon,frame_time_p95_ms,473.6286,ms,ok,,process,16
0.1,ec9d1b29-a9aa-4c3b-9932-1cb0b3c01d02,1787670773000,216947,presentmon,gpu_busy_median_ms,22.74725,ms,ok,,process,16
0.1,ec9d1b29-a9aa-4c3b-9932-1cb0b3c01d02,1787670773000,216947,presentmon,gpu_busy_p95_ms,29.9531,ms,ok,,process,16
0.1,ec9d1b29-a9aa-4c3b-9932-1cb0b3c01d02,1787670777112,221059,windows_pdh,process_gpu_pct,68.11478549222136,percent,ok,,process,
0.1,ec9d1b29-a9aa-4c3b-9932-1cb0b3c01d02,1787670778118,222065,psutil,process_cpu_pct_raw,695.3,percent,ok,,process,
0.1,ec9d1b29-a9aa-4c3b-9932-1cb0b3c01d02,1787670778118,222065,psutil,process_cpu_pct,34.765,percent,ok,,process,
0.1,ec9d1b29-a9aa-4c3b-9932-1cb0b3c01d02,1787670778118,222065,psutil,process_memory_mb,7841.91015625,MiB,ok,,process,
0.1,ec9d1b29-a9aa-4c3b-9932-1cb0b3c01d02,1787670778118,222065,win32_foreground,game_foreground,0.0,boolean,ok,,process,
0.1,ec9d1b29-a9aa-4c3b-9932-1cb0b3c01d02,1787670774000,217947,presentmon,app_fps,41.814860523545946,fps,ok,,process,42
0.1,ec9d1b29-a9aa-4c3b-9932-1cb0b3c01d02,1787670774000,217947,presentmon,frame_time_avg_ms,23.914942857142858,ms,ok,,process,42
0.1,ec9d1b29-a9aa-4c3b-9932-1cb0b3c01d02,1787670774000,217947,presentmon,frame_time_p95_ms,30.345,ms,ok,,process,42
0.1,ec9d1b29-a9aa-4c3b-9932-1cb0b3c01d02,1787670774000,217947,presentmon,gpu_busy_median_ms,22.217149999999997,ms,ok,,process,42
0.1,ec9d1b29-a9aa-4c3b-9932-1cb0b3c01d02,1787670774000,217947,presentmon,gpu_busy_p95_ms,23.6506,ms,ok,,process,42
0.1,ec9d1b29-a9aa-4c3b-9932-1cb0b3c01d02,1787670778118,222065,windows_pdh,process_gpu_pct,73.90490629724582,percent,ok,,process,
0.1,ec9d1b29-a9aa-4c3b-9932-1cb0b3c01d02,1787670779108,223055,psutil,process_cpu_pct_raw,652.0,percent,ok,,process,
0.1,ec9d1b29-a9aa-4c3b-9932-1cb0b3c01d02,1787670779108,223055,psutil,process_cpu_pct,32.6,percent,ok,,process,
0.1,ec9d1b29-a9aa-4c3b-9932-1cb0b3c01d02,1787670779108,223055,psutil,process_memory_mb,7840.046875,MiB,ok,,process,
0.1,ec9d1b29-a9aa-4c3b-9932-1cb0b3c01d02,1787670779108,223055,win32_foreground,game_foreground,0.0,boolean,ok,,process,
0.1,ec9d1b29-a9aa-4c3b-9932-1cb0b3c01d02,1787670775000,218947,presentmon,app_fps,30.24104837247214,fps,ok,,process,30
0.1,ec9d1b29-a9aa-4c3b-9932-1cb0b3c01d02,1787670775000,218947,presentmon,frame_time_avg_ms,33.067636666666665,ms,ok,,process,30
0.1,ec9d1b29-a9aa-4c3b-9932-1cb0b3c01d02,1787670775000,218947,presentmon,frame_time_p95_ms,41.2698,ms,ok,,process,30
0.1,ec9d1b29-a9aa-4c3b-9932-1cb0b3c01d02,1787670775000,218947,presentmon,gpu_busy_median_ms,22.0844,ms,ok,,process,30
0.1,ec9d1b29-a9aa-4c3b-9932-1cb0b3c01d02,1787670775000,218947,presentmon,gpu_busy_p95_ms,24.0283,ms,ok,,process,30
0.1,ec9d1b29-a9aa-4c3b-9932-1cb0b3c01d02,1787670779108,223055,windows_pdh,process_gpu_pct,80.93620065320049,percent,ok,,process,
0.1,ec9d1b29-a9aa-4c3b-9932-1cb0b3c01d02,1787670780113,224060,psutil,process_cpu_pct_raw,589.6,percent,ok,,process,
0.1,ec9d1b29-a9aa-4c3b-9932-1cb0b3c01d02,1787670780113,224060,psutil,process_cpu_pct,29.48,percent,ok,,process,
0.1,ec9d1b29-a9aa-4c3b-9932-1cb0b3c01d02,1787670780113,224060,psutil,process_memory_mb,7839.1171875,MiB,ok,,process,
0.1,ec9d1b29-a9aa-4c3b-9932-1cb0b3c01d02,1787670780113,224060,win32_foreground,game_foreground,0.0,boolean,ok,,process,
0.1,ec9d1b29-a9aa-4c3b-9932-1cb0b3c01d02,1787670776000,219947,presentmon,app_fps,34.5243340823141,fps,ok,,process,35
0.1,ec9d1b29-a9aa-4c3b-9932-1cb0b3c01d02,1787670776000,219947,presentmon,frame_time_avg_ms,28.965077142857144,ms,ok,,process,35
0.1,ec9d1b29-a9aa-4c3b-9932-1cb0b3c01d02,1787670776000,219947,presentmon,frame_time_p95_ms,42.3818,ms,ok,,process,35
0.1,ec9d1b29-a9aa-4c3b-9932-1cb0b3c01d02,1787670776000,219947,presentmon,gpu_busy_median_ms,21.1551,ms,ok,,process,35
0.1,ec9d1b29-a9aa-4c3b-9932-1cb0b3c01d02,1787670776000,219947,presentmon,gpu_busy_p95_ms,23.7958,ms,ok,,process,35
0.1,ec9d1b29-a9aa-4c3b-9932-1cb0b3c01d02,1787670780113,224060,windows_pdh,process_gpu_pct,87.75903877028996,percent,ok,,process,
0.1,ec9d1b29-a9aa-4c3b-9932-1cb0b3c01d02,1787670780113,224060,nvidia-smi,device_gpu_util_pct,80.0,percent,ok,,device,
0.1,ec9d1b29-a9aa-4c3b-9932-1cb0b3c01d02,1787670780113,224060,nvidia-smi,device_vram_used_mb,4982.0,MiB,ok,,device,
0.1,ec9d1b29-a9aa-4c3b-9932-1cb0b3c01d02,1787670780113,224060,nvidia-smi,device_gpu_temperature_c,64.0,celsius,ok,,device,
0.1,ec9d1b29-a9aa-4c3b-9932-1cb0b3c01d02,1787670780113,224060,nvidia-smi,device_gpu_power_w,146.71,watt,ok,,device,
0.1,ec9d1b29-a9aa-4c3b-9932-1cb0b3c01d02,1787670780113,224060,nvidia-smi,device_gpu_clock_mhz,1965.0,MHz,ok,,device,
0.1,ec9d1b29-a9aa-4c3b-9932-1cb0b3c01d02,1787670781119,225066,psutil,process_cpu_pct_raw,562.5,percent,ok,,process,
0.1,ec9d1b29-a9aa-4c3b-9932-1cb0b3c01d02,1787670781119,225066,psutil,process_cpu_pct,28.125,percent,ok,,process,
0.1,ec9d1b29-a9aa-4c3b-9932-1cb0b3c01d02,1787670781119,225066,psutil,process_memory_mb,7839.4296875,MiB,ok,,process,
0.1,ec9d1b29-a9aa-4c3b-9932-1cb0b3c01d02,1787670781119,225066,win32_foreground,game_foreground,0.0,boolean,ok,,process,
0.1,ec9d1b29-a9aa-4c3b-9932-1cb0b3c01d02,1787670777000,220947,presentmon,app_fps,38.11614752473738,fps,ok,,process,38
0.1,ec9d1b29-a9aa-4c3b-9932-1cb0b3c01d02,1787670777000,220947,presentmon,frame_time_avg_ms,26.2356,ms,ok,,process,38
0.1,ec9d1b29-a9aa-4c3b-9932-1cb0b3c01d02,1787670777000,220947,presentmon,frame_time_p95_ms,37.8129,ms,ok,,process,38
0.1,ec9d1b29-a9aa-4c3b-9932-1cb0b3c01d02,1787670777000,220947,presentmon,gpu_busy_median_ms,21.2912,ms,ok,,process,38
0.1,ec9d1b29-a9aa-4c3b-9932-1cb0b3c01d02,1787670777000,220947,presentmon,gpu_busy_p95_ms,22.9628,ms,ok,,process,38
0.1,ec9d1b29-a9aa-4c3b-9932-1cb0b3c01d02,1787670781119,225066,windows_pdh,process_gpu_pct,91.25400981366431,percent,ok,,process,
0.1,ec9d1b29-a9aa-4c3b-9932-1cb0b3c01d02,1787670782109,226056,psutil,process_cpu_pct_raw,604.7,percent,ok,,process,
0.1,ec9d1b29-a9aa-4c3b-9932-1cb0b3c01d02,1787670782109,226056,psutil,process_cpu_pct,30.235000000000003,percent,ok,,process,
0.1,ec9d1b29-a9aa-4c3b-9932-1cb0b3c01d02,1787670782109,226056,psutil,process_memory_mb,7839.58203125,MiB,ok,,process,
0.1,ec9d1b29-a9aa-4c3b-9932-1cb0b3c01d02,1787670782109,226056,win32_foreground,game_foreground,0.0,boolean,ok,,process,
0.1,ec9d1b29-a9aa-4c3b-9932-1cb0b3c01d02,1787670778000,221947,presentmon,app_fps,41.34070528856518,fps,ok,,process,41
0.1,ec9d1b29-a9aa-4c3b-9932-1cb0b3c01d02,1787670778000,221947,presentmon,frame_time_avg_ms,24.189234146341462,ms,ok,,process,41
0.1,ec9d1b29-a9aa-4c3b-9932-1cb0b3c01d02,1787670778000,221947,presentmon,frame_time_p95_ms,34.031,ms,ok,,process,41
0.1,ec9d1b29-a9aa-4c3b-9932-1cb0b3c01d02,1787670778000,221947,presentmon,gpu_busy_median_ms,21.1576,ms,ok,,process,41
0.1,ec9d1b29-a9aa-4c3b-9932-1cb0b3c01d02,1787670778000,221947,presentmon,gpu_busy_p95_ms,22.855,ms,ok,,process,41
0.1,ec9d1b29-a9aa-4c3b-9932-1cb0b3c01d02,1787670782109,226056,windows_pdh,process_gpu_pct,78.71688086628392,percent,ok,,process,
0.1,ec9d1b29-a9aa-4c3b-9932-1cb0b3c01d02,1787670783099,227046,psutil,process_cpu_pct_raw,613.9,percent,ok,,process,
0.1,ec9d1b29-a9aa-4c3b-9932-1cb0b3c01d02,1787670783099,227046,psutil,process_cpu_pct,30.695,percent,ok,,process,
0.1,ec9d1b29-a9aa-4c3b-9932-1cb0b3c01d02,1787670783099,227046,psutil,process_memory_mb,7837.8359375,MiB,ok,,process,
0.1,ec9d1b29-a9aa-4c3b-9932-1cb0b3c01d02,1787670783099,227046,win32_foreground,game_foreground,0.0,boolean,ok,,process,
0.1,ec9d1b29-a9aa-4c3b-9932-1cb0b3c01d02,1787670779000,222947,presentmon,app_fps,42.87533567399429,fps,ok,,process,43
0.1,ec9d1b29-a9aa-4c3b-9932-1cb0b3c01d02,1787670779000,222947,presentmon,frame_time_avg_ms,23.323432558139533,ms,ok,,process,43
0.1,ec9d1b29-a9aa-4c3b-9932-1cb0b3c01d02,1787670779000,222947,presentmon,frame_time_p95_ms,34.9934,ms,ok,,process,43
0.1,ec9d1b29-a9aa-4c3b-9932-1cb0b3c01d02,1787670779000,222947,presentmon,gpu_busy_median_ms,20.8387,ms,ok,,process,43
0.1,ec9d1b29-a9aa-4c3b-9932-1cb0b3c01d02,1787670779000,222947,presentmon,gpu_busy_p95_ms,23.0178,ms,ok,,process,43
0.1,ec9d1b29-a9aa-4c3b-9932-1cb0b3c01d02,1787670783099,227046,windows_pdh,process_gpu_pct,91.10022831825769,percent,ok,,process,
0.1,ec9d1b29-a9aa-4c3b-9932-1cb0b3c01d02,1787670784105,228052,psutil,process_cpu_pct_raw,692.2,percent,ok,,process,
0.1,ec9d1b29-a9aa-4c3b-9932-1cb0b3c01d02,1787670784105,228052,psutil,process_cpu_pct,34.61,percent,ok,,process,
0.1,ec9d1b29-a9aa-4c3b-9932-1cb0b3c01d02,1787670784105,228052,psutil,process_memory_mb,7835.6328125,MiB,ok,,process,
0.1,ec9d1b29-a9aa-4c3b-9932-1cb0b3c01d02,1787670784105,228052,win32_foreground,game_foreground,0.0,boolean,ok,,process,
0.1,ec9d1b29-a9aa-4c3b-9932-1cb0b3c01d02,1787670780000,223947,presentmon,app_fps,37.82365100953315,fps,ok,,process,38
0.1,ec9d1b29-a9aa-4c3b-9932-1cb0b3c01d02,1787670780000,223947,presentmon,frame_time_avg_ms,26.438484210526315,ms,ok,,process,38
0.1,ec9d1b29-a9aa-4c3b-9932-1cb0b3c01d02,1787670780000,223947,presentmon,frame_time_p95_ms,38.2899,ms,ok,,process,38
0.1,ec9d1b29-a9aa-4c3b-9932-1cb0b3c01d02,1787670780000,223947,presentmon,gpu_busy_median_ms,21.018700000000003,ms,ok,,process,38
0.1,ec9d1b29-a9aa-4c3b-9932-1cb0b3c01d02,1787670780000,223947,presentmon,gpu_busy_p95_ms,23.0195,ms,ok,,process,38
0.1,ec9d1b29-a9aa-4c3b-9932-1cb0b3c01d02,1787670784105,228052,windows_pdh,process_gpu_pct,90.42290709754421,percent,ok,,process,
0.1,ec9d1b29-a9aa-4c3b-9932-1cb0b3c01d02,1787670785095,229042,psutil,process_cpu_pct_raw,604.7,percent,ok,,process,
0.1,ec9d1b29-a9aa-4c3b-9932-1cb0b3c01d02,1787670785095,229042,psutil,process_cpu_pct,30.235000000000003,percent,ok,,process,
0.1,ec9d1b29-a9aa-4c3b-9932-1cb0b3c01d02,1787670785095,229042,psutil,process_memory_mb,7836.15625,MiB,ok,,process,
0.1,ec9d1b29-a9aa-4c3b-9932-1cb0b3c01d02,1787670785095,229042,win32_foreground,game_foreground,0.0,boolean,ok,,process,
0.1,ec9d1b29-a9aa-4c3b-9932-1cb0b3c01d02,1787670781000,224947,presentmon,app_fps,44.45403573942823,fps,ok,,process,44
0.1,ec9d1b29-a9aa-4c3b-9932-1cb0b3c01d02,1787670781000,224947,presentmon,frame_time_avg_ms,22.495145454545455,ms,ok,,process,44
0.1,ec9d1b29-a9aa-4c3b-9932-1cb0b3c01d02,1787670781000,224947,presentmon,frame_time_p95_ms,32.0658,ms,ok,,process,44
0.1,ec9d1b29-a9aa-4c3b-9932-1cb0b3c01d02,1787670781000,224947,presentmon,gpu_busy_median_ms,20.4136,ms,ok,,process,44
0.1,ec9d1b29-a9aa-4c3b-9932-1cb0b3c01d02,1787670781000,224947,presentmon,gpu_busy_p95_ms,21.5501,ms,ok,,process,44
0.1,ec9d1b29-a9aa-4c3b-9932-1cb0b3c01d02,1787670782000,225947,presentmon,app_fps,43.09172072756863,fps,ok,,process,43
0.1,ec9d1b29-a9aa-4c3b-9932-1cb0b3c01d02,1787670782000,225947,presentmon,frame_time_avg_ms,23.206313953488372,ms,ok,,process,43
0.1,ec9d1b29-a9aa-4c3b-9932-1cb0b3c01d02,1787670782000,225947,presentmon,frame_time_p95_ms,34.1432,ms,ok,,process,43
0.1,ec9d1b29-a9aa-4c3b-9932-1cb0b3c01d02,1787670782000,225947,presentmon,gpu_busy_median_ms,20.5409,ms,ok,,process,43
0.1,ec9d1b29-a9aa-4c3b-9932-1cb0b3c01d02,1787670782000,225947,presentmon,gpu_busy_p95_ms,22.4905,ms,ok,,process,43
0.1,ec9d1b29-a9aa-4c3b-9932-1cb0b3c01d02,1787670785095,229042,windows_pdh,process_gpu_pct,77.00547818903286,percent,ok,,process,
0.1,ec9d1b29-a9aa-4c3b-9932-1cb0b3c01d02,1787670786116,230063,psutil,process_cpu_pct_raw,629.6,percent,ok,,process,
0.1,ec9d1b29-a9aa-4c3b-9932-1cb0b3c01d02,1787670786116,230063,psutil,process_cpu_pct,31.48,percent,ok,,process,
0.1,ec9d1b29-a9aa-4c3b-9932-1cb0b3c01d02,1787670786116,230063,psutil,process_memory_mb,7837.15625,MiB,ok,,process,
0.1,ec9d1b29-a9aa-4c3b-9932-1cb0b3c01d02,1787670786116,230063,win32_foreground,game_foreground,0.0,boolean,ok,,process,
0.1,ec9d1b29-a9aa-4c3b-9932-1cb0b3c01d02,1787670783000,226947,presentmon,app_fps,36.64714661354613,fps,ok,,process,37
0.1,ec9d1b29-a9aa-4c3b-9932-1cb0b3c01d02,1787670783000,226947,presentmon,frame_time_avg_ms,27.287254054054056,ms,ok,,process,37
0.1,ec9d1b29-a9aa-4c3b-9932-1cb0b3c01d02,1787670783000,226947,presentmon,frame_time_p95_ms,43.4782,ms,ok,,process,37
0.1,ec9d1b29-a9aa-4c3b-9932-1cb0b3c01d02,1787670783000,226947,presentmon,gpu_busy_median_ms,21.0656,ms,ok,,process,37
0.1,ec9d1b29-a9aa-4c3b-9932-1cb0b3c01d02,1787670783000,226947,presentmon,gpu_busy_p95_ms,22.923,ms,ok,,process,37
0.1,ec9d1b29-a9aa-4c3b-9932-1cb0b3c01d02,1787670786116,230063,windows_pdh,process_gpu_pct,81.94210014377498,percent,ok,,process,
0.1,ec9d1b29-a9aa-4c3b-9932-1cb0b3c01d02,1787670786116,230063,nvidia-smi,device_gpu_util_pct,79.0,percent,ok,,device,
0.1,ec9d1b29-a9aa-4c3b-9932-1cb0b3c01d02,1787670786116,230063,nvidia-smi,device_vram_used_mb,5056.0,MiB,ok,,device,
0.1,ec9d1b29-a9aa-4c3b-9932-1cb0b3c01d02,1787670786116,230063,nvidia-smi,device_gpu_temperature_c,64.0,celsius,ok,,device,
0.1,ec9d1b29-a9aa-4c3b-9932-1cb0b3c01d02,1787670786116,230063,nvidia-smi,device_gpu_power_w,139.95,watt,ok,,device,
0.1,ec9d1b29-a9aa-4c3b-9932-1cb0b3c01d02,1787670786116,230063,nvidia-smi,device_gpu_clock_mhz,1965.0,MHz,ok,,device,
0.1,ec9d1b29-a9aa-4c3b-9932-1cb0b3c01d02,1787670787106,231053,psutil,process_cpu_pct_raw,661.5,percent,ok,,process,
0.1,ec9d1b29-a9aa-4c3b-9932-1cb0b3c01d02,1787670787106,231053,psutil,process_cpu_pct,33.075,percent,ok,,process,
0.1,ec9d1b29-a9aa-4c3b-9932-1cb0b3c01d02,1787670787106,231053,psutil,process_memory_mb,7836.4296875,MiB,ok,,process,
0.1,ec9d1b29-a9aa-4c3b-9932-1cb0b3c01d02,1787670787106,231053,win32_foreground,game_foreground,0.0,boolean,ok,,process,
0.1,ec9d1b29-a9aa-4c3b-9932-1cb0b3c01d02,1787670787106,231053,windows_pdh,process_gpu_pct,97.42234808922598,percent,ok,,process,
0.1,ec9d1b29-a9aa-4c3b-9932-1cb0b3c01d02,1787670788112,232059,psutil,process_cpu_pct_raw,677.3,percent,ok,,process,
0.1,ec9d1b29-a9aa-4c3b-9932-1cb0b3c01d02,1787670788112,232059,psutil,process_cpu_pct,33.864999999999995,percent,ok,,process,
0.1,ec9d1b29-a9aa-4c3b-9932-1cb0b3c01d02,1787670788112,232059,psutil,process_memory_mb,7836.44140625,MiB,ok,,process,
0.1,ec9d1b29-a9aa-4c3b-9932-1cb0b3c01d02,1787670788112,232059,win32_foreground,game_foreground,0.0,boolean,ok,,process,
0.1,ec9d1b29-a9aa-4c3b-9932-1cb0b3c01d02,1787670784000,227947,presentmon,app_fps,36.79102696682841,fps,ok,,process,37
0.1,ec9d1b29-a9aa-4c3b-9932-1cb0b3c01d02,1787670784000,227947,presentmon,frame_time_avg_ms,27.18054054054054,ms,ok,,process,37
0.1,ec9d1b29-a9aa-4c3b-9932-1cb0b3c01d02,1787670784000,227947,presentmon,frame_time_p95_ms,40.6322,ms,ok,,process,37
0.1,ec9d1b29-a9aa-4c3b-9932-1cb0b3c01d02,1787670784000,227947,presentmon,gpu_busy_median_ms,22.2521,ms,ok,,process,37
0.1,ec9d1b29-a9aa-4c3b-9932-1cb0b3c01d02,1787670784000,227947,presentmon,gpu_busy_p95_ms,23.3737,ms,ok,,process,37
0.1,ec9d1b29-a9aa-4c3b-9932-1cb0b3c01d02,1787670788112,232059,windows_pdh,process_gpu_pct,87.31216224743667,percent,ok,,process,
0.1,ec9d1b29-a9aa-4c3b-9932-1cb0b3c01d02,1787670789118,233065,psutil,process_cpu_pct_raw,587.5,percent,ok,,process,
0.1,ec9d1b29-a9aa-4c3b-9932-1cb0b3c01d02,1787670789118,233065,psutil,process_cpu_pct,29.375,percent,ok,,process,
0.1,ec9d1b29-a9aa-4c3b-9932-1cb0b3c01d02,1787670789118,233065,psutil,process_memory_mb,7836.71484375,MiB,ok,,process,
0.1,ec9d1b29-a9aa-4c3b-9932-1cb0b3c01d02,1787670789118,233065,win32_foreground,game_foreground,0.0,boolean,ok,,process,
0.1,ec9d1b29-a9aa-4c3b-9932-1cb0b3c01d02,1787670785000,228947,presentmon,app_fps,44.61428064592961,fps,ok,,process,44
0.1,ec9d1b29-a9aa-4c3b-9932-1cb0b3c01d02,1787670785000,228947,presentmon,frame_time_avg_ms,22.414347727272727,ms,ok,,process,44
0.1,ec9d1b29-a9aa-4c3b-9932-1cb0b3c01d02,1787670785000,228947,presentmon,frame_time_p95_ms,30.3316,ms,ok,,process,44
0.1,ec9d1b29-a9aa-4c3b-9932-1cb0b3c01d02,1787670785000,228947,presentmon,gpu_busy_median_ms,21.84245,ms,ok,,process,44
0.1,ec9d1b29-a9aa-4c3b-9932-1cb0b3c01d02,1787670785000,228947,presentmon,gpu_busy_p95_ms,22.8352,ms,ok,,process,44
0.1,ec9d1b29-a9aa-4c3b-9932-1cb0b3c01d02,1787670786000,229947,presentmon,app_fps,40.01891293825462,fps,ok,,process,40
0.1,ec9d1b29-a9aa-4c3b-9932-1cb0b3c01d02,1787670786000,229947,presentmon,frame_time_avg_ms,24.988184999999998,ms,ok,,process,40
0.1,ec9d1b29-a9aa-4c3b-9932-1cb0b3c01d02,1787670786000,229947,presentmon,frame_time_p95_ms,34.5121,ms,ok,,process,40
0.1,ec9d1b29-a9aa-4c3b-9932-1cb0b3c01d02,1787670786000,229947,presentmon,gpu_busy_median_ms,21.89275,ms,ok,,process,40
0.1,ec9d1b29-a9aa-4c3b-9932-1cb0b3c01d02,1787670786000,229947,presentmon,gpu_busy_p95_ms,22.8893,ms,ok,,process,40
0.1,ec9d1b29-a9aa-4c3b-9932-1cb0b3c01d02,1787670789118,233065,windows_pdh,process_gpu_pct,79.26244837163254,percent,ok,,process,
0.1,ec9d1b29-a9aa-4c3b-9932-1cb0b3c01d02,1787670790123,234070,psutil,process_cpu_pct_raw,690.6,percent,ok,,process,
0.1,ec9d1b29-a9aa-4c3b-9932-1cb0b3c01d02,1787670790123,234070,psutil,process_cpu_pct,34.53,percent,ok,,process,
0.1,ec9d1b29-a9aa-4c3b-9932-1cb0b3c01d02,1787670790123,234070,psutil,process_memory_mb,7837.60546875,MiB,ok,,process,
0.1,ec9d1b29-a9aa-4c3b-9932-1cb0b3c01d02,1787670790123,234070,win32_foreground,game_foreground,0.0,boolean,ok,,process,
0.1,ec9d1b29-a9aa-4c3b-9932-1cb0b3c01d02,1787670787000,230947,presentmon,app_fps,35.83323213763146,fps,ok,,process,36
0.1,ec9d1b29-a9aa-4c3b-9932-1cb0b3c01d02,1787670787000,230947,presentmon,frame_time_avg_ms,27.907055555555555,ms,ok,,process,36
0.1,ec9d1b29-a9aa-4c3b-9932-1cb0b3c01d02,1787670787000,230947,presentmon,frame_time_p95_ms,38.8987,ms,ok,,process,36
0.1,ec9d1b29-a9aa-4c3b-9932-1cb0b3c01d02,1787670787000,230947,presentmon,gpu_busy_median_ms,21.820149999999998,ms,ok,,process,36
0.1,ec9d1b29-a9aa-4c3b-9932-1cb0b3c01d02,1787670787000,230947,presentmon,gpu_busy_p95_ms,22.8774,ms,ok,,process,36
0.1,ec9d1b29-a9aa-4c3b-9932-1cb0b3c01d02,1787670790123,234070,windows_pdh,process_gpu_pct,89.3257973653575,percent,ok,,process,
0.1,ec9d1b29-a9aa-4c3b-9932-1cb0b3c01d02,1787670791113,235060,psutil,process_cpu_pct_raw,570.3,percent,ok,,process,
0.1,ec9d1b29-a9aa-4c3b-9932-1cb0b3c01d02,1787670791113,235060,psutil,process_cpu_pct,28.514999999999997,percent,ok,,process,
0.1,ec9d1b29-a9aa-4c3b-9932-1cb0b3c01d02,1787670791113,235060,psutil,process_memory_mb,7837.86328125,MiB,ok,,process,
0.1,ec9d1b29-a9aa-4c3b-9932-1cb0b3c01d02,1787670791113,235060,win32_foreground,game_foreground,0.0,boolean,ok,,process,
0.1,ec9d1b29-a9aa-4c3b-9932-1cb0b3c01d02,1787670788000,231947,presentmon,app_fps,42.19981188931472,fps,ok,,process,42
0.1,ec9d1b29-a9aa-4c3b-9932-1cb0b3c01d02,1787670788000,231947,presentmon,frame_time_avg_ms,23.696788095238094,ms,ok,,process,42
0.1,ec9d1b29-a9aa-4c3b-9932-1cb0b3c01d02,1787670788000,231947,presentmon,frame_time_p95_ms,34.7495,ms,ok,,process,42
0.1,ec9d1b29-a9aa-4c3b-9932-1cb0b3c01d02,1787670788000,231947,presentmon,gpu_busy_median_ms,21.237650000000002,ms,ok,,process,42
0.1,ec9d1b29-a9aa-4c3b-9932-1cb0b3c01d02,1787670788000,231947,presentmon,gpu_busy_p95_ms,23.039,ms,ok,,process,42
0.1,ec9d1b29-a9aa-4c3b-9932-1cb0b3c01d02,1787670791113,235060,windows_pdh,process_gpu_pct,97.02320598708431,percent,ok,,process,
0.1,ec9d1b29-a9aa-4c3b-9932-1cb0b3c01d02,1787670791113,235060,nvidia-smi,device_gpu_util_pct,92.0,percent,ok,,device,
0.1,ec9d1b29-a9aa-4c3b-9932-1cb0b3c01d02,1787670791113,235060,nvidia-smi,device_vram_used_mb,5010.0,MiB,ok,,device,
0.1,ec9d1b29-a9aa-4c3b-9932-1cb0b3c01d02,1787670791113,235060,nvidia-smi,device_gpu_temperature_c,63.0,celsius,ok,,device,
0.1,ec9d1b29-a9aa-4c3b-9932-1cb0b3c01d02,1787670791113,235060,nvidia-smi,device_gpu_power_w,115.26,watt,ok,,device,
0.1,ec9d1b29-a9aa-4c3b-9932-1cb0b3c01d02,1787670791113,235060,nvidia-smi,device_gpu_clock_mhz,1965.0,MHz,ok,,device,
0.1,ec9d1b29-a9aa-4c3b-9932-1cb0b3c01d02,1787670792102,236049,psutil,process_cpu_pct_raw,612.3,percent,ok,,process,
0.1,ec9d1b29-a9aa-4c3b-9932-1cb0b3c01d02,1787670792102,236049,psutil,process_cpu_pct,30.615,percent,ok,,process,
0.1,ec9d1b29-a9aa-4c3b-9932-1cb0b3c01d02,1787670792102,236049,psutil,process_memory_mb,7837.90625,MiB,ok,,process,
0.1,ec9d1b29-a9aa-4c3b-9932-1cb0b3c01d02,1787670792102,236049,win32_foreground,game_foreground,0.0,boolean,ok,,process,
0.1,ec9d1b29-a9aa-4c3b-9932-1cb0b3c01d02,1787670789000,232947,presentmon,app_fps,45.120023775244526,fps,ok,,process,45
0.1,ec9d1b29-a9aa-4c3b-9932-1cb0b3c01d02,1787670789000,232947,presentmon,frame_time_avg_ms,22.16310888888889,ms,ok,,process,45
0.1,ec9d1b29-a9aa-4c3b-9932-1cb0b3c01d02,1787670789000,232947,presentmon,frame_time_p95_ms,29.0886,ms,ok,,process,45
0.1,ec9d1b29-a9aa-4c3b-9932-1cb0b3c01d02,1787670789000,232947,presentmon,gpu_busy_median_ms,21.2045,ms,ok,,process,45
0.1,ec9d1b29-a9aa-4c3b-9932-1cb0b3c01d02,1787670789000,232947,presentmon,gpu_busy_p95_ms,22.7443,ms,ok,,process,45
0.1,ec9d1b29-a9aa-4c3b-9932-1cb0b3c01d02,1787670792102,236049,windows_pdh,process_gpu_pct,80.88053785960297,percent,ok,,process,
0.1,ec9d1b29-a9aa-4c3b-9932-1cb0b3c01d02,1787670793124,237071,psutil,process_cpu_pct_raw,682.0,percent,ok,,process,
0.1,ec9d1b29-a9aa-4c3b-9932-1cb0b3c01d02,1787670793124,237071,psutil,process_cpu_pct,34.1,percent,ok,,process,
0.1,ec9d1b29-a9aa-4c3b-9932-1cb0b3c01d02,1787670793124,237071,psutil,process_memory_mb,7840.7734375,MiB,ok,,process,
0.1,ec9d1b29-a9aa-4c3b-9932-1cb0b3c01d02,1787670793124,237071,win32_foreground,game_foreground,1.0,boolean,ok,,process,
0.1,ec9d1b29-a9aa-4c3b-9932-1cb0b3c01d02,1787670790000,233947,presentmon,app_fps,37.232270580627464,fps,ok,,process,38
0.1,ec9d1b29-a9aa-4c3b-9932-1cb0b3c01d02,1787670790000,233947,presentmon,frame_time_avg_ms,26.85842105263158,ms,ok,,process,38
0.1,ec9d1b29-a9aa-4c3b-9932-1cb0b3c01d02,1787670790000,233947,presentmon,frame_time_p95_ms,34.8198,ms,ok,,process,38
0.1,ec9d1b29-a9aa-4c3b-9932-1cb0b3c01d02,1787670790000,233947,presentmon,gpu_busy_median_ms,21.799300000000002,ms,ok,,process,38
0.1,ec9d1b29-a9aa-4c3b-9932-1cb0b3c01d02,1787670790000,233947,presentmon,gpu_busy_p95_ms,22.9874,ms,ok,,process,38
0.1,ec9d1b29-a9aa-4c3b-9932-1cb0b3c01d02,1787670793124,237071,windows_pdh,process_gpu_pct,79.44265990723234,percent,ok,,process,
0.1,ec9d1b29-a9aa-4c3b-9932-1cb0b3c01d02,1787670794114,238061,psutil,process_cpu_pct_raw,639.1,percent,ok,,process,
0.1,ec9d1b29-a9aa-4c3b-9932-1cb0b3c01d02,1787670794114,238061,psutil,process_cpu_pct,31.955000000000002,percent,ok,,process,
0.1,ec9d1b29-a9aa-4c3b-9932-1cb0b3c01d02,1787670794114,238061,psutil,process_memory_mb,7847.015625,MiB,ok,,process,
0.1,ec9d1b29-a9aa-4c3b-9932-1cb0b3c01d02,1787670794114,238061,win32_foreground,game_foreground,1.0,boolean,ok,,process,
0.1,ec9d1b29-a9aa-4c3b-9932-1cb0b3c01d02,1787670791000,234947,presentmon,app_fps,35.60612665465486,fps,ok,,process,35
0.1,ec9d1b29-a9aa-4c3b-9932-1cb0b3c01d02,1787670791000,234947,presentmon,frame_time_avg_ms,28.085054285714286,ms,ok,,process,35
0.1,ec9d1b29-a9aa-4c3b-9932-1cb0b3c01d02,1787670791000,234947,presentmon,frame_time_p95_ms,36.9584,ms,ok,,process,35
0.1,ec9d1b29-a9aa-4c3b-9932-1cb0b3c01d02,1787670791000,234947,presentmon,gpu_busy_median_ms,21.5757,ms,ok,,process,35
0.1,ec9d1b29-a9aa-4c3b-9932-1cb0b3c01d02,1787670791000,234947,presentmon,gpu_busy_p95_ms,29.0967,ms,ok,,process,35
0.1,ec9d1b29-a9aa-4c3b-9932-1cb0b3c01d02,1787670794114,238061,windows_pdh,process_gpu_pct,91.05862166202138,percent,ok,,process,
0.1,ec9d1b29-a9aa-4c3b-9932-1cb0b3c01d02,1787670795104,239051,psutil,process_cpu_pct_raw,514.0,percent,ok,,process,
0.1,ec9d1b29-a9aa-4c3b-9932-1cb0b3c01d02,1787670795104,239051,psutil,process_cpu_pct,25.7,percent,ok,,process,
0.1,ec9d1b29-a9aa-4c3b-9932-1cb0b3c01d02,1787670795104,239051,psutil,process_memory_mb,7848.87890625,MiB,ok,,process,
0.1,ec9d1b29-a9aa-4c3b-9932-1cb0b3c01d02,1787670795104,239051,win32_foreground,game_foreground,1.0,boolean,ok,,process,
0.1,ec9d1b29-a9aa-4c3b-9932-1cb0b3c01d02,1787670792000,235947,presentmon,app_fps,41.22481126326195,fps,ok,,process,41
0.1,ec9d1b29-a9aa-4c3b-9932-1cb0b3c01d02,1787670792000,235947,presentmon,frame_time_avg_ms,24.257236585365852,ms,ok,,process,41
0.1,ec9d1b29-a9aa-4c3b-9932-1cb0b3c01d02,1787670792000,235947,presentmon,frame_time_p95_ms,36.2246,ms,ok,,process,41
0.1,ec9d1b29-a9aa-4c3b-9932-1cb0b3c01d02,1787670792000,235947,presentmon,gpu_busy_median_ms,20.6723,ms,ok,,process,41
0.1,ec9d1b29-a9aa-4c3b-9932-1cb0b3c01d02,1787670792000,235947,presentmon,gpu_busy_p95_ms,25.1313,ms,ok,,process,41
0.1,ec9d1b29-a9aa-4c3b-9932-1cb0b3c01d02,1787670795104,239051,windows_pdh,process_gpu_pct,76.22385376379583,percent,ok,,process,
0.1,ec9d1b29-a9aa-4c3b-9932-1cb0b3c01d02,1787670796109,240056,psutil,process_cpu_pct_raw,426.4,percent,ok,,process,
0.1,ec9d1b29-a9aa-4c3b-9932-1cb0b3c01d02,1787670796109,240056,psutil,process_cpu_pct,21.32,percent,ok,,process,
0.1,ec9d1b29-a9aa-4c3b-9932-1cb0b3c01d02,1787670796109,240056,psutil,process_memory_mb,7877.2734375,MiB,ok,,process,
0.1,ec9d1b29-a9aa-4c3b-9932-1cb0b3c01d02,1787670796109,240056,win32_foreground,game_foreground,1.0,boolean,ok,,process,
0.1,ec9d1b29-a9aa-4c3b-9932-1cb0b3c01d02,1787670793000,236947,presentmon,app_fps,37.84012546988971,fps,ok,,process,38
0.1,ec9d1b29-a9aa-4c3b-9932-1cb0b3c01d02,1787670793000,236947,presentmon,frame_time_avg_ms,26.426973684210527,ms,ok,,process,38
0.1,ec9d1b29-a9aa-4c3b-9932-1cb0b3c01d02,1787670793000,236947,presentmon,frame_time_p95_ms,38.3155,ms,ok,,process,38
0.1,ec9d1b29-a9aa-4c3b-9932-1cb0b3c01d02,1787670793000,236947,presentmon,gpu_busy_median_ms,20.2562,ms,ok,,process,38
0.1,ec9d1b29-a9aa-4c3b-9932-1cb0b3c01d02,1787670793000,236947,presentmon,gpu_busy_p95_ms,22.1588,ms,ok,,process,38
0.1,ec9d1b29-a9aa-4c3b-9932-1cb0b3c01d02,1787670796109,240056,windows_pdh,process_gpu_pct,41.98940306244517,percent,ok,,process,
0.1,ec9d1b29-a9aa-4c3b-9932-1cb0b3c01d02,1787670796109,240056,nvidia-smi,device_gpu_util_pct,77.0,percent,ok,,device,
0.1,ec9d1b29-a9aa-4c3b-9932-1cb0b3c01d02,1787670796109,240056,nvidia-smi,device_vram_used_mb,4999.0,MiB,ok,,device,
0.1,ec9d1b29-a9aa-4c3b-9932-1cb0b3c01d02,1787670796109,240056,nvidia-smi,device_gpu_temperature_c,58.0,celsius,ok,,device,
0.1,ec9d1b29-a9aa-4c3b-9932-1cb0b3c01d02,1787670796109,240056,nvidia-smi,device_gpu_power_w,57.53,watt,ok,,device,
0.1,ec9d1b29-a9aa-4c3b-9932-1cb0b3c01d02,1787670796109,240056,nvidia-smi,device_gpu_clock_mhz,1965.0,MHz,ok,,device,
0.1,ec9d1b29-a9aa-4c3b-9932-1cb0b3c01d02,1787670797115,241062,psutil,process_cpu_pct_raw,365.6,percent,ok,,process,
0.1,ec9d1b29-a9aa-4c3b-9932-1cb0b3c01d02,1787670797115,241062,psutil,process_cpu_pct,18.28,percent,ok,,process,
0.1,ec9d1b29-a9aa-4c3b-9932-1cb0b3c01d02,1787670797115,241062,psutil,process_memory_mb,7838.35546875,MiB,ok,,process,
0.1,ec9d1b29-a9aa-4c3b-9932-1cb0b3c01d02,1787670797115,241062,win32_foreground,game_foreground,1.0,boolean,ok,,process,
0.1,ec9d1b29-a9aa-4c3b-9932-1cb0b3c01d02,1787670797115,241062,windows_pdh,process_gpu_pct,37.31938449990617,percent,ok,,process,
0.1,ec9d1b29-a9aa-4c3b-9932-1cb0b3c01d02,1787670798105,242052,psutil,process_cpu_pct_raw,488.6,percent,ok,,process,
0.1,ec9d1b29-a9aa-4c3b-9932-1cb0b3c01d02,1787670798105,242052,psutil,process_cpu_pct,24.43,percent,ok,,process,
0.1,ec9d1b29-a9aa-4c3b-9932-1cb0b3c01d02,1787670798105,242052,psutil,process_memory_mb,7831.2421875,MiB,ok,,process,
0.1,ec9d1b29-a9aa-4c3b-9932-1cb0b3c01d02,1787670798105,242052,win32_foreground,game_foreground,1.0,boolean,ok,,process,
0.1,ec9d1b29-a9aa-4c3b-9932-1cb0b3c01d02,1787670794000,237947,presentmon,app_fps,12.792534033470751,fps,ok,,process,21
0.1,ec9d1b29-a9aa-4c3b-9932-1cb0b3c01d02,1787670794000,237947,presentmon,frame_time_avg_ms,78.17059523809523,ms,ok,,process,21
0.1,ec9d1b29-a9aa-4c3b-9932-1cb0b3c01d02,1787670794000,237947,presentmon,frame_time_p95_ms,35.4471,ms,ok,,process,21
0.1,ec9d1b29-a9aa-4c3b-9932-1cb0b3c01d02,1787670794000,237947,presentmon,gpu_busy_median_ms,20.0648,ms,ok,,process,21
0.1,ec9d1b29-a9aa-4c3b-9932-1cb0b3c01d02,1787670794000,237947,presentmon,gpu_busy_p95_ms,21.2546,ms,ok,,process,21
0.1,ec9d1b29-a9aa-4c3b-9932-1cb0b3c01d02,1787670795000,238947,presentmon,app_fps,49.834866632206776,fps,ok,,process,18
0.1,ec9d1b29-a9aa-4c3b-9932-1cb0b3c01d02,1787670795000,238947,presentmon,frame_time_avg_ms,20.066272222222224,ms,ok,,process,18
0.1,ec9d1b29-a9aa-4c3b-9932-1cb0b3c01d02,1787670795000,238947,presentmon,frame_time_p95_ms,35.9877,ms,ok,,process,18
0.1,ec9d1b29-a9aa-4c3b-9932-1cb0b3c01d02,1787670795000,238947,presentmon,gpu_busy_median_ms,19.7021,ms,ok,,process,18
0.1,ec9d1b29-a9aa-4c3b-9932-1cb0b3c01d02,1787670795000,238947,presentmon,gpu_busy_p95_ms,22.7454,ms,ok,,process,18
0.1,ec9d1b29-a9aa-4c3b-9932-1cb0b3c01d02,1787670798105,242052,windows_pdh,process_gpu_pct,86.23671155209071,percent,ok,,process,
0.1,ec9d1b29-a9aa-4c3b-9932-1cb0b3c01d02,1787670799110,243057,psutil,process_cpu_pct_raw,424.9,percent,ok,,process,
0.1,ec9d1b29-a9aa-4c3b-9932-1cb0b3c01d02,1787670799110,243057,psutil,process_cpu_pct,21.244999999999997,percent,ok,,process,
0.1,ec9d1b29-a9aa-4c3b-9932-1cb0b3c01d02,1787670799110,243057,psutil,process_memory_mb,7830.171875,MiB,ok,,process,
0.1,ec9d1b29-a9aa-4c3b-9932-1cb0b3c01d02,1787670799110,243057,win32_foreground,game_foreground,1.0,boolean,ok,,process,
0.1,ec9d1b29-a9aa-4c3b-9932-1cb0b3c01d02,1787670796000,239947,presentmon,app_fps,42.45167715716716,fps,ok,,process,43
0.1,ec9d1b29-a9aa-4c3b-9932-1cb0b3c01d02,1787670796000,239947,presentmon,frame_time_avg_ms,23.55619534883721,ms,ok,,process,43
0.1,ec9d1b29-a9aa-4c3b-9932-1cb0b3c01d02,1787670796000,239947,presentmon,frame_time_p95_ms,30.9129,ms,ok,,process,43
0.1,ec9d1b29-a9aa-4c3b-9932-1cb0b3c01d02,1787670796000,239947,presentmon,gpu_busy_median_ms,19.9336,ms,ok,,process,43
0.1,ec9d1b29-a9aa-4c3b-9932-1cb0b3c01d02,1787670796000,239947,presentmon,gpu_busy_p95_ms,21.0492,ms,ok,,process,43
0.1,ec9d1b29-a9aa-4c3b-9932-1cb0b3c01d02,1787670799110,243057,windows_pdh,process_gpu_pct,80.82254518532567,percent,ok,,process,
0.1,ec9d1b29-a9aa-4c3b-9932-1cb0b3c01d02,1787670800116,244063,psutil,process_cpu_pct_raw,107.8,percent,ok,,process,
0.1,ec9d1b29-a9aa-4c3b-9932-1cb0b3c01d02,1787670800116,244063,psutil,process_cpu_pct,5.39,percent,ok,,process,
0.1,ec9d1b29-a9aa-4c3b-9932-1cb0b3c01d02,1787670800116,244063,psutil,process_memory_mb,7830.32421875,MiB,ok,,process,
0.1,ec9d1b29-a9aa-4c3b-9932-1cb0b3c01d02,1787670800116,244063,win32_foreground,game_foreground,1.0,boolean,ok,,process,
0.1,ec9d1b29-a9aa-4c3b-9932-1cb0b3c01d02,1787670800116,244063,windows_pdh,process_gpu_pct,2.4255259813580796,percent,ok,,process,
0.1,ec9d1b29-a9aa-4c3b-9932-1cb0b3c01d02,1787670801106,245053,psutil,process_cpu_pct_raw,477.5,percent,ok,,process,
0.1,ec9d1b29-a9aa-4c3b-9932-1cb0b3c01d02,1787670801106,245053,psutil,process_cpu_pct,23.875,percent,ok,,process,
0.1,ec9d1b29-a9aa-4c3b-9932-1cb0b3c01d02,1787670801106,245053,psutil,process_memory_mb,7827.7890625,MiB,ok,,process,
0.1,ec9d1b29-a9aa-4c3b-9932-1cb0b3c01d02,1787670801106,245053,win32_foreground,game_foreground,1.0,boolean,ok,,process,
0.1,ec9d1b29-a9aa-4c3b-9932-1cb0b3c01d02,1787670797000,240947,presentmon,app_fps,20.213708421601964,fps,ok,,process,40
0.1,ec9d1b29-a9aa-4c3b-9932-1cb0b3c01d02,1787670797000,240947,presentmon,frame_time_avg_ms,49.4713775,ms,ok,,process,40
0.1,ec9d1b29-a9aa-4c3b-9932-1cb0b3c01d02,1787670797000,240947,presentmon,frame_time_p95_ms,53.1114,ms,ok,,process,40
0.1,ec9d1b29-a9aa-4c3b-9932-1cb0b3c01d02,1787670797000,240947,presentmon,gpu_busy_median_ms,19.950400000000002,ms,ok,,process,40
0.1,ec9d1b29-a9aa-4c3b-9932-1cb0b3c01d02,1787670797000,240947,presentmon,gpu_busy_p95_ms,22.2895,ms,ok,,process,40
0.1,ec9d1b29-a9aa-4c3b-9932-1cb0b3c01d02,1787670801106,245053,windows_pdh,process_gpu_pct,83.03437588741922,percent,ok,,process,
0.1,ec9d1b29-a9aa-4c3b-9932-1cb0b3c01d02,1787670802096,246043,psutil,process_cpu_pct_raw,375.0,percent,ok,,process,
0.1,ec9d1b29-a9aa-4c3b-9932-1cb0b3c01d02,1787670802096,246043,psutil,process_cpu_pct,18.75,percent,ok,,process,
0.1,ec9d1b29-a9aa-4c3b-9932-1cb0b3c01d02,1787670802096,246043,psutil,process_memory_mb,7823.96875,MiB,ok,,process,
0.1,ec9d1b29-a9aa-4c3b-9932-1cb0b3c01d02,1787670802096,246043,win32_foreground,game_foreground,1.0,boolean,ok,,process,
0.1,ec9d1b29-a9aa-4c3b-9932-1cb0b3c01d02,1787670799000,242947,presentmon,app_fps,40.939037678992214,fps,ok,,process,41
0.1,ec9d1b29-a9aa-4c3b-9932-1cb0b3c01d02,1787670799000,242947,presentmon,frame_time_avg_ms,24.426563414634145,ms,ok,,process,41
0.1,ec9d1b29-a9aa-4c3b-9932-1cb0b3c01d02,1787670799000,242947,presentmon,frame_time_p95_ms,33.7025,ms,ok,,process,41
0.1,ec9d1b29-a9aa-4c3b-9932-1cb0b3c01d02,1787670799000,242947,presentmon,gpu_busy_median_ms,20.0644,ms,ok,,process,41
0.1,ec9d1b29-a9aa-4c3b-9932-1cb0b3c01d02,1787670799000,242947,presentmon,gpu_busy_p95_ms,20.9129,ms,ok,,process,41
0.1,ec9d1b29-a9aa-4c3b-9932-1cb0b3c01d02,1787670802096,246043,windows_pdh,process_gpu_pct,44.994372083907116,percent,ok,,process,
0.1,ec9d1b29-a9aa-4c3b-9932-1cb0b3c01d02,1787670802096,246043,nvidia-smi,device_gpu_util_pct,80.0,percent,ok,,device,
0.1,ec9d1b29-a9aa-4c3b-9932-1cb0b3c01d02,1787670802096,246043,nvidia-smi,device_vram_used_mb,5207.0,MiB,ok,,device,
0.1,ec9d1b29-a9aa-4c3b-9932-1cb0b3c01d02,1787670802096,246043,nvidia-smi,device_gpu_temperature_c,58.0,celsius,ok,,device,
0.1,ec9d1b29-a9aa-4c3b-9932-1cb0b3c01d02,1787670802096,246043,nvidia-smi,device_gpu_power_w,58.04,watt,ok,,device,
0.1,ec9d1b29-a9aa-4c3b-9932-1cb0b3c01d02,1787670802096,246043,nvidia-smi,device_gpu_clock_mhz,1965.0,MHz,ok,,device,
0.1,ec9d1b29-a9aa-4c3b-9932-1cb0b3c01d02,1787670803102,247049,psutil,process_cpu_pct_raw,345.3,percent,ok,,process,
0.1,ec9d1b29-a9aa-4c3b-9932-1cb0b3c01d02,1787670803102,247049,psutil,process_cpu_pct,17.265,percent,ok,,process,
0.1,ec9d1b29-a9aa-4c3b-9932-1cb0b3c01d02,1787670803102,247049,psutil,process_memory_mb,7834.23046875,MiB,ok,,process,
0.1,ec9d1b29-a9aa-4c3b-9932-1cb0b3c01d02,1787670803102,247049,win32_foreground,game_foreground,1.0,boolean,ok,,process,
0.1,ec9d1b29-a9aa-4c3b-9932-1cb0b3c01d02,1787670803102,247049,windows_pdh,process_gpu_pct,56.24338073808719,percent,ok,,process,
0.1,ec9d1b29-a9aa-4c3b-9932-1cb0b3c01d02,1787670804107,248054,psutil,process_cpu_pct_raw,670.3,percent,ok,,process,
0.1,ec9d1b29-a9aa-4c3b-9932-1cb0b3c01d02,1787670804107,248054,psutil,process_cpu_pct,33.515,percent,ok,,process,
0.1,ec9d1b29-a9aa-4c3b-9932-1cb0b3c01d02,1787670804107,248054,psutil,process_memory_mb,7833.59375,MiB,ok,,process,
0.1,ec9d1b29-a9aa-4c3b-9932-1cb0b3c01d02,1787670804107,248054,win32_foreground,game_foreground,0.0,boolean,ok,,process,
0.1,ec9d1b29-a9aa-4c3b-9932-1cb0b3c01d02,1787670800000,243947,presentmon,app_fps,20.173585811899553,fps,ok,,process,23
0.1,ec9d1b29-a9aa-4c3b-9932-1cb0b3c01d02,1787670800000,243947,presentmon,frame_time_avg_ms,49.56976956521739,ms,ok,,process,23
0.1,ec9d1b29-a9aa-4c3b-9932-1cb0b3c01d02,1787670800000,243947,presentmon,frame_time_p95_ms,40.2845,ms,ok,,process,23
0.1,ec9d1b29-a9aa-4c3b-9932-1cb0b3c01d02,1787670800000,243947,presentmon,gpu_busy_median_ms,20.0092,ms,ok,,process,23
0.1,ec9d1b29-a9aa-4c3b-9932-1cb0b3c01d02,1787670800000,243947,presentmon,gpu_busy_p95_ms,21.3632,ms,ok,,process,23
0.1,ec9d1b29-a9aa-4c3b-9932-1cb0b3c01d02,1787670801000,244947,presentmon,app_fps,29.512702153496473,fps,ok,,process,26
0.1,ec9d1b29-a9aa-4c3b-9932-1cb0b3c01d02,1787670801000,244947,presentmon,frame_time_avg_ms,33.883715384615385,ms,ok,,process,26
0.1,ec9d1b29-a9aa-4c3b-9932-1cb0b3c01d02,1787670801000,244947,presentmon,frame_time_p95_ms,47.6657,ms,ok,,process,26
0.1,ec9d1b29-a9aa-4c3b-9932-1cb0b3c01d02,1787670801000,244947,presentmon,gpu_busy_median_ms,19.9925,ms,ok,,process,26
0.1,ec9d1b29-a9aa-4c3b-9932-1cb0b3c01d02,1787670801000,244947,presentmon,gpu_busy_p95_ms,32.0246,ms,ok,,process,26
0.1,ec9d1b29-a9aa-4c3b-9932-1cb0b3c01d02,1787670804107,248054,windows_pdh,process_gpu_pct,61.21774197832727,percent,ok,,process,
0.1,ec9d1b29-a9aa-4c3b-9932-1cb0b3c01d02,1787670805113,249060,psutil,process_cpu_pct_raw,620.4,percent,ok,,process,
0.1,ec9d1b29-a9aa-4c3b-9932-1cb0b3c01d02,1787670805113,249060,psutil,process_cpu_pct,31.02,percent,ok,,process,
0.1,ec9d1b29-a9aa-4c3b-9932-1cb0b3c01d02,1787670805113,249060,psutil,process_memory_mb,7834.875,MiB,ok,,process,
0.1,ec9d1b29-a9aa-4c3b-9932-1cb0b3c01d02,1787670805113,249060,win32_foreground,game_foreground,0.0,boolean,ok,,process,
0.1,ec9d1b29-a9aa-4c3b-9932-1cb0b3c01d02,1787670802000,245947,presentmon,app_fps,28.691054722745477,fps,ok,,process,29
0.1,ec9d1b29-a9aa-4c3b-9932-1cb0b3c01d02,1787670802000,245947,presentmon,frame_time_avg_ms,34.85406896551724,ms,ok,,process,29
0.1,ec9d1b29-a9aa-4c3b-9932-1cb0b3c01d02,1787670802000,245947,presentmon,frame_time_p95_ms,50.9859,ms,ok,,process,29
0.1,ec9d1b29-a9aa-4c3b-9932-1cb0b3c01d02,1787670802000,245947,presentmon,gpu_busy_median_ms,21.1321,ms,ok,,process,29
0.1,ec9d1b29-a9aa-4c3b-9932-1cb0b3c01d02,1787670802000,245947,presentmon,gpu_busy_p95_ms,22.6613,ms,ok,,process,29
0.1,ec9d1b29-a9aa-4c3b-9932-1cb0b3c01d02,1787670805113,249060,windows_pdh,process_gpu_pct,73.12284324652872,percent,ok,,process,
0.1,ec9d1b29-a9aa-4c3b-9932-1cb0b3c01d02,1787670806103,250050,psutil,process_cpu_pct_raw,604.4,percent,ok,,process,
0.1,ec9d1b29-a9aa-4c3b-9932-1cb0b3c01d02,1787670806103,250050,psutil,process_cpu_pct,30.22,percent,ok,,process,
0.1,ec9d1b29-a9aa-4c3b-9932-1cb0b3c01d02,1787670806103,250050,psutil,process_memory_mb,7834.62890625,MiB,ok,,process,
0.1,ec9d1b29-a9aa-4c3b-9932-1cb0b3c01d02,1787670806103,250050,win32_foreground,game_foreground,0.0,boolean,ok,,process,
0.1,ec9d1b29-a9aa-4c3b-9932-1cb0b3c01d02,1787670803000,246947,presentmon,app_fps,36.45266555560292,fps,ok,,process,36
0.1,ec9d1b29-a9aa-4c3b-9932-1cb0b3c01d02,1787670803000,246947,presentmon,frame_time_avg_ms,27.43283611111111,ms,ok,,process,36
0.1,ec9d1b29-a9aa-4c3b-9932-1cb0b3c01d02,1787670803000,246947,presentmon,frame_time_p95_ms,42.1968,ms,ok,,process,36
0.1,ec9d1b29-a9aa-4c3b-9932-1cb0b3c01d02,1787670803000,246947,presentmon,gpu_busy_median_ms,20.0994,ms,ok,,process,36
0.1,ec9d1b29-a9aa-4c3b-9932-1cb0b3c01d02,1787670803000,246947,presentmon,gpu_busy_p95_ms,21.5588,ms,ok,,process,36
0.1,ec9d1b29-a9aa-4c3b-9932-1cb0b3c01d02,1787670806103,250050,windows_pdh,process_gpu_pct,94.00021678945231,percent,ok,,process,
0.1,ec9d1b29-a9aa-4c3b-9932-1cb0b3c01d02,1787670807109,251056,psutil,process_cpu_pct_raw,594.2,percent,ok,,process,
0.1,ec9d1b29-a9aa-4c3b-9932-1cb0b3c01d02,1787670807109,251056,psutil,process_cpu_pct,29.71,percent,ok,,process,
0.1,ec9d1b29-a9aa-4c3b-9932-1cb0b3c01d02,1787670807109,251056,psutil,process_memory_mb,7834.72265625,MiB,ok,,process,
0.1,ec9d1b29-a9aa-4c3b-9932-1cb0b3c01d02,1787670807109,251056,win32_foreground,game_foreground,0.0,boolean,ok,,process,
0.1,ec9d1b29-a9aa-4c3b-9932-1cb0b3c01d02,1787670804000,247947,presentmon,app_fps,48.051891237347206,fps,ok,,process,48
0.1,ec9d1b29-a9aa-4c3b-9932-1cb0b3c01d02,1787670804000,247947,presentmon,frame_time_avg_ms,20.810835416666666,ms,ok,,process,48
0.1,ec9d1b29-a9aa-4c3b-9932-1cb0b3c01d02,1787670804000,247947,presentmon,frame_time_p95_ms,29.2682,ms,ok,,process,48
0.1,ec9d1b29-a9aa-4c3b-9932-1cb0b3c01d02,1787670804000,247947,presentmon,gpu_busy_median_ms,19.3693,ms,ok,,process,48
0.1,ec9d1b29-a9aa-4c3b-9932-1cb0b3c01d02,1787670804000,247947,presentmon,gpu_busy_p95_ms,20.6719,ms,ok,,process,48
0.1,ec9d1b29-a9aa-4c3b-9932-1cb0b3c01d02,1787670807109,251056,windows_pdh,process_gpu_pct,73.52301999387805,percent,ok,,process,
0.1,ec9d1b29-a9aa-4c3b-9932-1cb0b3c01d02,1787670807109,251056,nvidia-smi,device_gpu_util_pct,87.0,percent,ok,,device,
0.1,ec9d1b29-a9aa-4c3b-9932-1cb0b3c01d02,1787670807109,251056,nvidia-smi,device_vram_used_mb,5039.0,MiB,ok,,device,
0.1,ec9d1b29-a9aa-4c3b-9932-1cb0b3c01d02,1787670807109,251056,nvidia-smi,device_gpu_temperature_c,61.0,celsius,ok,,device,
0.1,ec9d1b29-a9aa-4c3b-9932-1cb0b3c01d02,1787670807109,251056,nvidia-smi,device_gpu_power_w,98.46,watt,ok,,device,
0.1,ec9d1b29-a9aa-4c3b-9932-1cb0b3c01d02,1787670807109,251056,nvidia-smi,device_gpu_clock_mhz,1965.0,MHz,ok,,device,
0.1,ec9d1b29-a9aa-4c3b-9932-1cb0b3c01d02,1787670808114,252061,psutil,process_cpu_pct_raw,595.3,percent,ok,,process,
0.1,ec9d1b29-a9aa-4c3b-9932-1cb0b3c01d02,1787670808114,252061,psutil,process_cpu_pct,29.764999999999997,percent,ok,,process,
0.1,ec9d1b29-a9aa-4c3b-9932-1cb0b3c01d02,1787670808114,252061,psutil,process_memory_mb,7833.96484375,MiB,ok,,process,
0.1,ec9d1b29-a9aa-4c3b-9932-1cb0b3c01d02,1787670808114,252061,win32_foreground,game_foreground,0.0,boolean,ok,,process,
0.1,ec9d1b29-a9aa-4c3b-9932-1cb0b3c01d02,1787670805000,248947,presentmon,app_fps,37.3991423466951,fps,ok,,process,37
0.1,ec9d1b29-a9aa-4c3b-9932-1cb0b3c01d02,1787670805000,248947,presentmon,frame_time_avg_ms,26.73858108108108,ms,ok,,process,37
0.1,ec9d1b29-a9aa-4c3b-9932-1cb0b3c01d02,1787670805000,248947,presentmon,frame_time_p95_ms,34.3955,ms,ok,,process,37
0.1,ec9d1b29-a9aa-4c3b-9932-1cb0b3c01d02,1787670805000,248947,presentmon,gpu_busy_median_ms,19.511,ms,ok,,process,37
0.1,ec9d1b29-a9aa-4c3b-9932-1cb0b3c01d02,1787670805000,248947,presentmon,gpu_busy_p95_ms,20.7072,ms,ok,,process,37
0.1,ec9d1b29-a9aa-4c3b-9932-1cb0b3c01d02,1787670808114,252061,windows_pdh,process_gpu_pct,78.79568251370218,percent,ok,,process,
0.1,ec9d1b29-a9aa-4c3b-9932-1cb0b3c01d02,1787670809105,253052,psutil,process_cpu_pct_raw,661.5,percent,ok,,process,
0.1,ec9d1b29-a9aa-4c3b-9932-1cb0b3c01d02,1787670809105,253052,psutil,process_cpu_pct,33.075,percent,ok,,process,
0.1,ec9d1b29-a9aa-4c3b-9932-1cb0b3c01d02,1787670809105,253052,psutil,process_memory_mb,7834.33984375,MiB,ok,,process,
0.1,ec9d1b29-a9aa-4c3b-9932-1cb0b3c01d02,1787670809105,253052,win32_foreground,game_foreground,0.0,boolean,ok,,process,
0.1,ec9d1b29-a9aa-4c3b-9932-1cb0b3c01d02,1787670806000,249947,presentmon,app_fps,40.896747980373945,fps,ok,,process,41
0.1,ec9d1b29-a9aa-4c3b-9932-1cb0b3c01d02,1787670806000,249947,presentmon,frame_time_avg_ms,24.451821951219515,ms,ok,,process,41
0.1,ec9d1b29-a9aa-4c3b-9932-1cb0b3c01d02,1787670806000,249947,presentmon,frame_time_p95_ms,38.2174,ms,ok,,process,41
0.1,ec9d1b29-a9aa-4c3b-9932-1cb0b3c01d02,1787670806000,249947,presentmon,gpu_busy_median_ms,19.6018,ms,ok,,process,41
0.1,ec9d1b29-a9aa-4c3b-9932-1cb0b3c01d02,1787670806000,249947,presentmon,gpu_busy_p95_ms,20.4659,ms,ok,,process,41
0.1,ec9d1b29-a9aa-4c3b-9932-1cb0b3c01d02,1787670809105,253052,windows_pdh,process_gpu_pct,97.80979515642764,percent,ok,,process,
0.1,ec9d1b29-a9aa-4c3b-9932-1cb0b3c01d02,1787670810110,254057,psutil,process_cpu_pct_raw,537.3,percent,ok,,process,
0.1,ec9d1b29-a9aa-4c3b-9932-1cb0b3c01d02,1787670810110,254057,psutil,process_cpu_pct,26.865,percent,ok,,process,
0.1,ec9d1b29-a9aa-4c3b-9932-1cb0b3c01d02,1787670810110,254057,psutil,process_memory_mb,7833.59765625,MiB,ok,,process,
0.1,ec9d1b29-a9aa-4c3b-9932-1cb0b3c01d02,1787670810110,254057,win32_foreground,game_foreground,0.0,boolean,ok,,process,
0.1,ec9d1b29-a9aa-4c3b-9932-1cb0b3c01d02,1787670807000,250947,presentmon,app_fps,49.567429995175104,fps,ok,,process,50
0.1,ec9d1b29-a9aa-4c3b-9932-1cb0b3c01d02,1787670807000,250947,presentmon,frame_time_avg_ms,20.174538,ms,ok,,process,50
0.1,ec9d1b29-a9aa-4c3b-9932-1cb0b3c01d02,1787670807000,250947,presentmon,frame_time_p95_ms,30.7575,ms,ok,,process,50
0.1,ec9d1b29-a9aa-4c3b-9932-1cb0b3c01d02,1787670807000,250947,presentmon,gpu_busy_median_ms,19.417,ms,ok,,process,50
0.1,ec9d1b29-a9aa-4c3b-9932-1cb0b3c01d02,1787670807000,250947,presentmon,gpu_busy_p95_ms,20.4204,ms,ok,,process,50
0.1,ec9d1b29-a9aa-4c3b-9932-1cb0b3c01d02,1787670810110,254057,windows_pdh,process_gpu_pct,81.39660154006039,percent,ok,,process,
0.1,ec9d1b29-a9aa-4c3b-9932-1cb0b3c01d02,1787670811100,255047,psutil,process_cpu_pct_raw,560.0,percent,ok,,process,
0.1,ec9d1b29-a9aa-4c3b-9932-1cb0b3c01d02,1787670811100,255047,psutil,process_cpu_pct,28.0,percent,ok,,process,
0.1,ec9d1b29-a9aa-4c3b-9932-1cb0b3c01d02,1787670811100,255047,psutil,process_memory_mb,7833.69921875,MiB,ok,,process,
0.1,ec9d1b29-a9aa-4c3b-9932-1cb0b3c01d02,1787670811100,255047,win32_foreground,game_foreground,0.0,boolean,ok,,process,
0.1,ec9d1b29-a9aa-4c3b-9932-1cb0b3c01d02,1787670808000,251947,presentmon,app_fps,41.10590525429717,fps,ok,,process,41
0.1,ec9d1b29-a9aa-4c3b-9932-1cb0b3c01d02,1787670808000,251947,presentmon,frame_time_avg_ms,24.327404878048778,ms,ok,,process,41
0.1,ec9d1b29-a9aa-4c3b-9932-1cb0b3c01d02,1787670808000,251947,presentmon,frame_time_p95_ms,33.5014,ms,ok,,process,41
0.1,ec9d1b29-a9aa-4c3b-9932-1cb0b3c01d02,1787670808000,251947,presentmon,gpu_busy_median_ms,19.9502,ms,ok,,process,41
0.1,ec9d1b29-a9aa-4c3b-9932-1cb0b3c01d02,1787670808000,251947,presentmon,gpu_busy_p95_ms,20.8684,ms,ok,,process,41
0.1,ec9d1b29-a9aa-4c3b-9932-1cb0b3c01d02,1787670811100,255047,windows_pdh,process_gpu_pct,77.66047326032162,percent,ok,,process,
