schema_version,session_id,ts_utc_ms,elapsed_ms,source,metric,value,unit,status,reason,scope,sample_count
0.1,ffbe55b9-da45-4cd6-9d6b-000e22678788,1787664986789,112965,psutil,process_cpu_pct_raw,272.5,percent,ok,,process,
0.1,ffbe55b9-da45-4cd6-9d6b-000e22678788,1787664986789,112965,psutil,process_cpu_pct,13.625,percent,ok,,process,
0.1,ffbe55b9-da45-4cd6-9d6b-000e22678788,1787664986789,112965,psutil,process_memory_mb,3240.7734375,MiB,ok,,process,
0.1,ffbe55b9-da45-4cd6-9d6b-000e22678788,1787664986789,112965,windows_pdh,process_gpu_pct,,percent,unavailable,OSError: PdhCollectQueryData=0x-7FFFF82B,process,
0.1,ffbe55b9-da45-4cd6-9d6b-000e22678788,1787664987779,113955,psutil,process_cpu_pct_raw,236.4,percent,ok,,process,
0.1,ffbe55b9-da45-4cd6-9d6b-000e22678788,1787664987779,113955,psutil,process_cpu_pct,11.82,percent,ok,,process,
0.1,ffbe55b9-da45-4cd6-9d6b-000e22678788,1787664987779,113955,psutil,process_memory_mb,3240.77734375,MiB,ok,,process,
0.1,ffbe55b9-da45-4cd6-9d6b-000e22678788,1787664987779,113955,windows_pdh,process_gpu_pct,,percent,unavailable,OSError: PdhCollectQueryData=0x-7FFFF82B,process,
0.1,ffbe55b9-da45-4cd6-9d6b-000e22678788,1787664988784,114960,psutil,process_cpu_pct_raw,292.5,percent,ok,,process,
0.1,ffbe55b9-da45-4cd6-9d6b-000e22678788,1787664988784,114960,psutil,process_cpu_pct,14.625,percent,ok,,process,
0.1,ffbe55b9-da45-4cd6-9d6b-000e22678788,1787664988784,114960,psutil,process_memory_mb,3242.0546875,MiB,ok,,process,
0.1,ffbe55b9-da45-4cd6-9d6b-000e22678788,1787664988784,114960,windows_pdh,process_gpu_pct,,percent,unavailable,OSError: PdhCollectQueryData=0x-7FFFF82B,process,
0.1,ffbe55b9-da45-4cd6-9d6b-000e22678788,1787664988784,114960,nvidia-smi,device_gpu_util_pct,89.0,percent,ok,,device,
0.1,ffbe55b9-da45-4cd6-9d6b-000e22678788,1787664988784,114960,nvidia-smi,device_vram_used_mb,2098.0,MiB,ok,,device,
0.1,ffbe55b9-da45-4cd6-9d6b-000e22678788,1787664988784,114960,nvidia-smi,device_gpu_temperature_c,66.0,celsius,ok,,device,
0.1,ffbe55b9-da45-4cd6-9d6b-000e22678788,1787664988784,114960,nvidia-smi,device_gpu_power_w,154.28,watt,ok,,device,
0.1,ffbe55b9-da45-4cd6-9d6b-000e22678788,1787664988784,114960,nvidia-smi,device_gpu_clock_mhz,1965.0,MHz,ok,,device,
0.1,ffbe55b9-da45-4cd6-9d6b-000e22678788,1787664989790,115966,psutil,process_cpu_pct_raw,281.2,percent,ok,,process,
0.1,ffbe55b9-da45-4cd6-9d6b-000e22678788,1787664989790,115966,psutil,process_cpu_pct,14.059999999999999,percent,ok,,process,
0.1,ffbe55b9-da45-4cd6-9d6b-000e22678788,1787664989790,115966,psutil,process_memory_mb,3242.05859375,MiB,ok,,process,
0.1,ffbe55b9-da45-4cd6-9d6b-000e22678788,1787664987000,113176,presentmon,app_fps,201.85497763934083,fps,ok,,process,203
0.1,ffbe55b9-da45-4cd6-9d6b-000e22678788,1787664987000,113176,presentmon,frame_time_avg_ms,4.954051724137931,ms,ok,,process,203
0.1,ffbe55b9-da45-4cd6-9d6b-000e22678788,1787664987000,113176,presentmon,frame_time_p95_ms,6.562,ms,ok,,process,203
0.1,ffbe55b9-da45-4cd6-9d6b-000e22678788,1787664987000,113176,presentmon,gpu_busy_median_ms,4.6756,ms,ok,,process,203
0.1,ffbe55b9-da45-4cd6-9d6b-000e22678788,1787664987000,113176,presentmon,gpu_busy_p95_ms,5.2842,ms,ok,,process,203
0.1,ffbe55b9-da45-4cd6-9d6b-000e22678788,1787664989790,115966,windows_pdh,process_gpu_pct,,percent,unavailable,OSError: PdhCollectQueryData=0x-7FFFF82B,process,
0.1,ffbe55b9-da45-4cd6-9d6b-000e22678788,1787664990780,116956,psutil,process_cpu_pct_raw,298.2,percent,ok,,process,
0.1,ffbe55b9-da45-4cd6-9d6b-000e22678788,1787664990780,116956,psutil,process_cpu_pct,14.91,percent,ok,,process,
0.1,ffbe55b9-da45-4cd6-9d6b-000e22678788,1787664990780,116956,psutil,process_memory_mb,3243.05859375,MiB,ok,,process,
0.1,ffbe55b9-da45-4cd6-9d6b-000e22678788,1787664988000,114176,presentmon,app_fps,202.30061871941706,fps,ok,,process,202
0.1,ffbe55b9-da45-4cd6-9d6b-000e22678788,1787664988000,114176,presentmon,frame_time_avg_ms,4.943138613861386,ms,ok,,process,202
0.1,ffbe55b9-da45-4cd6-9d6b-000e22678788,1787664988000,114176,presentmon,frame_time_p95_ms,6.1872,ms,ok,,process,202
0.1,ffbe55b9-da45-4cd6-9d6b-000e22678788,1787664988000,114176,presentmon,gpu_busy_median_ms,4.6883,ms,ok,,process,202
0.1,ffbe55b9-da45-4cd6-9d6b-000e22678788,1787664988000,114176,presentmon,gpu_busy_p95_ms,5.1273,ms,ok,,process,202
0.1,ffbe55b9-da45-4cd6-9d6b-000e22678788,1787664990780,116956,windows_pdh,process_gpu_pct,,percent,unavailable,OSError: PdhCollectQueryData=0x-7FFFF82B,process,
0.1,ffbe55b9-da45-4cd6-9d6b-000e22678788,1787664991785,117961,psutil,process_cpu_pct_raw,294.0,percent,ok,,process,
0.1,ffbe55b9-da45-4cd6-9d6b-000e22678788,1787664991785,117961,psutil,process_cpu_pct,14.7,percent,ok,,process,
0.1,ffbe55b9-da45-4cd6-9d6b-000e22678788,1787664991785,117961,psutil,process_memory_mb,3243.05859375,MiB,ok,,process,
0.1,ffbe55b9-da45-4cd6-9d6b-000e22678788,1787664989000,115176,presentmon,app_fps,200.7903509795256,fps,ok,,process,200
0.1,ffbe55b9-da45-4cd6-9d6b-000e22678788,1787664989000,115176,presentmon,frame_time_avg_ms,4.980319,ms,ok,,process,200
0.1,ffbe55b9-da45-4cd6-9d6b-000e22678788,1787664989000,115176,presentmon,frame_time_p95_ms,6.3954,ms,ok,,process,200
0.1,ffbe55b9-da45-4cd6-9d6b-000e22678788,1787664989000,115176,presentmon,gpu_busy_median_ms,4.7143999999999995,ms,ok,,process,200
0.1,ffbe55b9-da45-4cd6-9d6b-000e22678788,1787664989000,115176,presentmon,gpu_busy_p95_ms,5.2192,ms,ok,,process,200
0.1,ffbe55b9-da45-4cd6-9d6b-000e22678788,1787664991785,117961,windows_pdh,process_gpu_pct,,percent,unavailable,OSError: PdhCollectQueryData=0x-7FFFF82B,process,
0.1,ffbe55b9-da45-4cd6-9d6b-000e22678788,1787664992791,118967,psutil,process_cpu_pct_raw,323.4,percent,ok,,process,
0.1,ffbe55b9-da45-4cd6-9d6b-000e22678788,1787664992791,118967,psutil,process_cpu_pct,16.169999999999998,percent,ok,,process,
0.1,ffbe55b9-da45-4cd6-9d6b-000e22678788,1787664992791,118967,psutil,process_memory_mb,3244.05859375,MiB,ok,,process,
0.1,ffbe55b9-da45-4cd6-9d6b-000e22678788,1787664992791,118967,windows_pdh,process_gpu_pct,,percent,unavailable,OSError: PdhCollectQueryData=0x-7FFFF82B,process,
0.1,ffbe55b9-da45-4cd6-9d6b-000e22678788,1787664993780,119956,psutil,process_cpu_pct_raw,247.5,percent,ok,,process,
0.1,ffbe55b9-da45-4cd6-9d6b-000e22678788,1787664993780,119956,psutil,process_cpu_pct,12.375,percent,ok,,process,
0.1,ffbe55b9-da45-4cd6-9d6b-000e22678788,1787664993780,119956,psutil,process_memory_mb,3244.359375,MiB,ok,,process,
0.1,ffbe55b9-da45-4cd6-9d6b-000e22678788,1787664990000,116176,presentmon,app_fps,203.71260226073056,fps,ok,,process,204
0.1,ffbe55b9-da45-4cd6-9d6b-000e22678788,1787664990000,116176,presentmon,frame_time_avg_ms,4.908876470588235,ms,ok,,process,204
0.1,ffbe55b9-da45-4cd6-9d6b-000e22678788,1787664990000,116176,presentmon,frame_time_p95_ms,6.2414,ms,ok,,process,204
0.1,ffbe55b9-da45-4cd6-9d6b-000e22678788,1787664990000,116176,presentmon,gpu_busy_median_ms,4.6631,ms,ok,,process,204
0.1,ffbe55b9-da45-4cd6-9d6b-000e22678788,1787664990000,116176,presentmon,gpu_busy_p95_ms,5.1415,ms,ok,,process,204
0.1,ffbe55b9-da45-4cd6-9d6b-000e22678788,1787664991000,117176,presentmon,app_fps,201.25712610431086,fps,ok,,process,201
0.1,ffbe55b9-da45-4cd6-9d6b-000e22678788,1787664991000,117176,presentmon,frame_time_avg_ms,4.96876815920398,ms,ok,,process,201
0.1,ffbe55b9-da45-4cd6-9d6b-000e22678788,1787664991000,117176,presentmon,frame_time_p95_ms,6.3898,ms,ok,,process,201
0.1,ffbe55b9-da45-4cd6-9d6b-000e22678788,1787664991000,117176,presentmon,gpu_busy_median_ms,4.7499,ms,ok,,process,201
0.1,ffbe55b9-da45-4cd6-9d6b-000e22678788,1787664991000,117176,presentmon,gpu_busy_p95_ms,5.1516,ms,ok,,process,201
0.1,ffbe55b9-da45-4cd6-9d6b-000e22678788,1787664993780,119956,windows_pdh,process_gpu_pct,,percent,unavailable,OSError: PdhCollectQueryData=0x-7FFFF82B,process,
0.1,ffbe55b9-da45-4cd6-9d6b-000e22678788,1787664994786,120962,psutil,process_cpu_pct_raw,283.3,percent,ok,,process,
0.1,ffbe55b9-da45-4cd6-9d6b-000e22678788,1787664994786,120962,psutil,process_cpu_pct,14.165000000000001,percent,ok,,process,
0.1,ffbe55b9-da45-4cd6-9d6b-000e22678788,1787664994786,120962,psutil,process_memory_mb,3244.359375,MiB,ok,,process,
0.1,ffbe55b9-da45-4cd6-9d6b-000e22678788,1787664994786,120962,windows_pdh,process_gpu_pct,,percent,unavailable,OSError: PdhCollectQueryData=0x-7FFFF82B,process,
0.1,ffbe55b9-da45-4cd6-9d6b-000e22678788,1787664994786,120962,nvidia-smi,device_gpu_util_pct,89.0,percent,ok,,device,
0.1,ffbe55b9-da45-4cd6-9d6b-000e22678788,1787664994786,120962,nvidia-smi,device_vram_used_mb,2098.0,MiB,ok,,device,
0.1,ffbe55b9-da45-4cd6-9d6b-000e22678788,1787664994786,120962,nvidia-smi,device_gpu_temperature_c,66.0,celsius,ok,,device,
0.1,ffbe55b9-da45-4cd6-9d6b-000e22678788,1787664994786,120962,nvidia-smi,device_gpu_power_w,149.21,watt,ok,,device,
0.1,ffbe55b9-da45-4cd6-9d6b-000e22678788,1787664994786,120962,nvidia-smi,device_gpu_clock_mhz,1965.0,MHz,ok,,device,
0.1,ffbe55b9-da45-4cd6-9d6b-000e22678788,1787664995776,121952,psutil,process_cpu_pct_raw,230.0,percent,ok,,process,
0.1,ffbe55b9-da45-4cd6-9d6b-000e22678788,1787664995776,121952,psutil,process_cpu_pct,11.5,percent,ok,,process,
0.1,ffbe55b9-da45-4cd6-9d6b-000e22678788,1787664995776,121952,psutil,process_memory_mb,3245.359375,MiB,ok,,process,
0.1,ffbe55b9-da45-4cd6-9d6b-000e22678788,1787664992000,118176,presentmon,app_fps,203.25573846247195,fps,ok,,process,204
0.1,ffbe55b9-da45-4cd6-9d6b-000e22678788,1787664992000,118176,presentmon,frame_time_avg_ms,4.919910294117647,ms,ok,,process,204
0.1,ffbe55b9-da45-4cd6-9d6b-000e22678788,1787664992000,118176,presentmon,frame_time_p95_ms,6.5794,ms,ok,,process,204
0.1,ffbe55b9-da45-4cd6-9d6b-000e22678788,1787664992000,118176,presentmon,gpu_busy_median_ms,4.6243,ms,ok,,process,204
0.1,ffbe55b9-da45-4cd6-9d6b-000e22678788,1787664992000,118176,presentmon,gpu_busy_p95_ms,5.1701,ms,ok,,process,204
0.1,ffbe55b9-da45-4cd6-9d6b-000e22678788,1787664995776,121952,windows_pdh,process_gpu_pct,,percent,unavailable,OSError: PdhCollectQueryData=0x-7FFFF82B,process,
0.1,ffbe55b9-da45-4cd6-9d6b-000e22678788,1787664996781,122957,psutil,process_cpu_pct_raw,276.6,percent,ok,,process,
0.1,ffbe55b9-da45-4cd6-9d6b-000e22678788,1787664996781,122957,psutil,process_cpu_pct,13.830000000000002,percent,ok,,process,
0.1,ffbe55b9-da45-4cd6-9d6b-000e22678788,1787664996781,122957,psutil,process_memory_mb,3245.36328125,MiB,ok,,process,
0.1,ffbe55b9-da45-4cd6-9d6b-000e22678788,1787664993000,119176,presentmon,app_fps,197.7254150025614,fps,ok,,process,197
0.1,ffbe55b9-da45-4cd6-9d6b-000e22678788,1787664993000,119176,presentmon,frame_time_avg_ms,5.057518781725888,ms,ok,,process,197
0.1,ffbe55b9-da45-4cd6-9d6b-000e22678788,1787664993000,119176,presentmon,frame_time_p95_ms,6.8569,ms,ok,,process,197
0.1,ffbe55b9-da45-4cd6-9d6b-000e22678788,1787664993000,119176,presentmon,gpu_busy_median_ms,4.8126,ms,ok,,process,197
0.1,ffbe55b9-da45-4cd6-9d6b-000e22678788,1787664993000,119176,presentmon,gpu_busy_p95_ms,5.2921,ms,ok,,process,197
0.1,ffbe55b9-da45-4cd6-9d6b-000e22678788,1787664996781,122957,windows_pdh,process_gpu_pct,,percent,unavailable,OSError: PdhCollectQueryData=0x-7FFFF82B,process,
0.1,ffbe55b9-da45-4cd6-9d6b-000e22678788,1787664997787,123963,psutil,process_cpu_pct_raw,275.6,percent,ok,,process,
0.1,ffbe55b9-da45-4cd6-9d6b-000e22678788,1787664997787,123963,psutil,process_cpu_pct,13.780000000000001,percent,ok,,process,
0.1,ffbe55b9-da45-4cd6-9d6b-000e22678788,1787664997787,123963,psutil,process_memory_mb,3246.359375,MiB,ok,,process,
0.1,ffbe55b9-da45-4cd6-9d6b-000e22678788,1787664994000,120176,presentmon,app_fps,209.05077843408162,fps,ok,,process,209
0.1,ffbe55b9-da45-4cd6-9d6b-000e22678788,1787664994000,120176,presentmon,frame_time_avg_ms,4.783526794258373,ms,ok,,process,209
0.1,ffbe55b9-da45-4cd6-9d6b-000e22678788,1787664994000,120176,presentmon,frame_time_p95_ms,5.8742,ms,ok,,process,209
0.1,ffbe55b9-da45-4cd6-9d6b-000e22678788,1787664994000,120176,presentmon,gpu_busy_median_ms,4.5797,ms,ok,,process,209
0.1,ffbe55b9-da45-4cd6-9d6b-000e22678788,1787664994000,120176,presentmon,gpu_busy_p95_ms,4.9381,ms,ok,,process,209
0.1,ffbe55b9-da45-4cd6-9d6b-000e22678788,1787664995000,121176,presentmon,app_fps,193.8578827861295,fps,ok,,process,194
0.1,ffbe55b9-da45-4cd6-9d6b-000e22678788,1787664995000,121176,presentmon,frame_time_avg_ms,5.1584180412371134,ms,ok,,process,194
0.1,ffbe55b9-da45-4cd6-9d6b-000e22678788,1787664995000,121176,presentmon,frame_time_p95_ms,6.9041,ms,ok,,process,194
0.1,ffbe55b9-da45-4cd6-9d6b-000e22678788,1787664995000,121176,presentmon,gpu_busy_median_ms,4.87285,ms,ok,,process,194
0.1,ffbe55b9-da45-4cd6-9d6b-000e22678788,1787664995000,121176,presentmon,gpu_busy_p95_ms,5.2585,ms,ok,,process,194
0.1,ffbe55b9-da45-4cd6-9d6b-000e22678788,1787664997787,123963,windows_pdh,process_gpu_pct,,percent,unavailable,OSError: PdhCollectQueryData=0x-7FFFF82B,process,
0.1,ffbe55b9-da45-4cd6-9d6b-000e22678788,1787664998777,124953,psutil,process_cpu_pct_raw,257.0,percent,ok,,process,
0.1,ffbe55b9-da45-4cd6-9d6b-000e22678788,1787664998777,124953,psutil,process_cpu_pct,12.85,percent,ok,,process,
0.1,ffbe55b9-da45-4cd6-9d6b-000e22678788,1787664998777,124953,psutil,process_memory_mb,3246.64453125,MiB,ok,,process,
0.1,ffbe55b9-da45-4cd6-9d6b-000e22678788,1787664996000,122176,presentmon,app_fps,208.24108069912538,fps,ok,,process,208
0.1,ffbe55b9-da45-4cd6-9d6b-000e22678788,1787664996000,122176,presentmon,frame_time_avg_ms,4.802126442307692,ms,ok,,process,208
0.1,ffbe55b9-da45-4cd6-9d6b-000e22678788,1787664996000,122176,presentmon,frame_time_p95_ms,6.1774,ms,ok,,process,208
0.1,ffbe55b9-da45-4cd6-9d6b-000e22678788,1787664996000,122176,presentmon,gpu_busy_median_ms,4.60535,ms,ok,,process,208
0.1,ffbe55b9-da45-4cd6-9d6b-000e22678788,1787664996000,122176,presentmon,gpu_busy_p95_ms,5.0515,ms,ok,,process,208
0.1,ffbe55b9-da45-4cd6-9d6b-000e22678788,1787664998777,124953,windows_pdh,process_gpu_pct,,percent,unavailable,OSError: PdhCollectQueryData=0x-7FFFF82B,process,
0.1,ffbe55b9-da45-4cd6-9d6b-000e22678788,1787664999783,125959,psutil,process_cpu_pct_raw,295.6,percent,ok,,process,
0.1,ffbe55b9-da45-4cd6-9d6b-000e22678788,1787664999783,125959,psutil,process_cpu_pct,14.780000000000001,percent,ok,,process,
0.1,ffbe55b9-da45-4cd6-9d6b-000e22678788,1787664999783,125959,psutil,process_memory_mb,3247.640625,MiB,ok,,process,
0.1,ffbe55b9-da45-4cd6-9d6b-000e22678788,1787664997000,123176,presentmon,app_fps,198.82410031844827,fps,ok,,process,199
0.1,ffbe55b9-da45-4cd6-9d6b-000e22678788,1787664997000,123176,presentmon,frame_time_avg_ms,5.0295713567839195,ms,ok,,process,199
0.1,ffbe55b9-da45-4cd6-9d6b-000e22678788,1787664997000,123176,presentmon,frame_time_p95_ms,6.7536,ms,ok,,process,199
0.1,ffbe55b9-da45-4cd6-9d6b-000e22678788,1787664997000,123176,presentmon,gpu_busy_median_ms,4.7949,ms,ok,,process,199
0.1,ffbe55b9-da45-4cd6-9d6b-000e22678788,1787664997000,123176,presentmon,gpu_busy_p95_ms,5.1794,ms,ok,,process,199
0.1,ffbe55b9-da45-4cd6-9d6b-000e22678788,1787664999783,125959,windows_pdh,process_gpu_pct,,percent,unavailable,OSError: PdhCollectQueryData=0x-7FFFF82B,process,
0.1,ffbe55b9-da45-4cd6-9d6b-000e22678788,1787664999783,125959,nvidia-smi,device_gpu_util_pct,91.0,percent,ok,,device,
0.1,ffbe55b9-da45-4cd6-9d6b-000e22678788,1787664999783,125959,nvidia-smi,device_vram_used_mb,2098.0,MiB,ok,,device,
0.1,ffbe55b9-da45-4cd6-9d6b-000e22678788,1787664999783,125959,nvidia-smi,device_gpu_temperature_c,66.0,celsius,ok,,device,
0.1,ffbe55b9-da45-4cd6-9d6b-000e22678788,1787664999783,125959,nvidia-smi,device_gpu_power_w,153.98,watt,ok,,device,
0.1,ffbe55b9-da45-4cd6-9d6b-000e22678788,1787664999783,125959,nvidia-smi,device_gpu_clock_mhz,1965.0,MHz,ok,,device,
0.1,ffbe55b9-da45-4cd6-9d6b-000e22678788,1787665000788,126964,psutil,process_cpu_pct_raw,250.0,percent,ok,,process,
0.1,ffbe55b9-da45-4cd6-9d6b-000e22678788,1787665000788,126964,psutil,process_cpu_pct,12.5,percent,ok,,process,
0.1,ffbe55b9-da45-4cd6-9d6b-000e22678788,1787665000788,126964,psutil,process_memory_mb,3247.640625,MiB,ok,,process,
0.1,ffbe55b9-da45-4cd6-9d6b-000e22678788,1787664998000,124176,presentmon,app_fps,204.49948750433316,fps,ok,,process,205
0.1,ffbe55b9-da45-4cd6-9d6b-000e22678788,1787664998000,124176,presentmon,frame_time_avg_ms,4.889987804878048,ms,ok,,process,205
0.1,ffbe55b9-da45-4cd6-9d6b-000e22678788,1787664998000,124176,presentmon,frame_time_p95_ms,6.4717,ms,ok,,process,205
0.1,ffbe55b9-da45-4cd6-9d6b-000e22678788,1787664998000,124176,presentmon,gpu_busy_median_ms,4.6022,ms,ok,,process,205
0.1,ffbe55b9-da45-4cd6-9d6b-000e22678788,1787664998000,124176,presentmon,gpu_busy_p95_ms,5.245,ms,ok,,process,205
0.1,ffbe55b9-da45-4cd6-9d6b-000e22678788,1787665000788,126964,windows_pdh,process_gpu_pct,,percent,unavailable,OSError: PdhCollectQueryData=0x-7FFFF82B,process,
0.1,ffbe55b9-da45-4cd6-9d6b-000e22678788,1787665001778,127954,psutil,process_cpu_pct_raw,290.3,percent,ok,,process,
0.1,ffbe55b9-da45-4cd6-9d6b-000e22678788,1787665001778,127954,psutil,process_cpu_pct,14.515,percent,ok,,process,
0.1,ffbe55b9-da45-4cd6-9d6b-000e22678788,1787665001778,127954,psutil,process_memory_mb,3248.640625,MiB,ok,,process,
0.1,ffbe55b9-da45-4cd6-9d6b-000e22678788,1787664999000,125176,presentmon,app_fps,201.67198052367826,fps,ok,,process,202
0.1,ffbe55b9-da45-4cd6-9d6b-000e22678788,1787664999000,125176,presentmon,frame_time_avg_ms,4.95854702970297,ms,ok,,process,202
0.1,ffbe55b9-da45-4cd6-9d6b-000e22678788,1787664999000,125176,presentmon,frame_time_p95_ms,6.4354,ms,ok,,process,202
0.1,ffbe55b9-da45-4cd6-9d6b-000e22678788,1787664999000,125176,presentmon,gpu_busy_median_ms,4.6968499999999995,ms,ok,,process,202
0.1,ffbe55b9-da45-4cd6-9d6b-000e22678788,1787664999000,125176,presentmon,gpu_busy_p95_ms,5.1266,ms,ok,,process,202
0.1,ffbe55b9-da45-4cd6-9d6b-000e22678788,1787665001778,127954,windows_pdh,process_gpu_pct,,percent,unavailable,OSError: PdhCollectQueryData=0x-7FFFF82B,process,
0.1,ffbe55b9-da45-4cd6-9d6b-000e22678788,1787665002784,128960,psutil,process_cpu_pct_raw,270.9,percent,ok,,process,
0.1,ffbe55b9-da45-4cd6-9d6b-000e22678788,1787665002784,128960,psutil,process_cpu_pct,13.544999999999998,percent,ok,,process,
0.1,ffbe55b9-da45-4cd6-9d6b-000e22678788,1787665002784,128960,psutil,process_memory_mb,3248.64453125,MiB,ok,,process,
0.1,ffbe55b9-da45-4cd6-9d6b-000e22678788,1787665000000,126176,presentmon,app_fps,202.7343239949421,fps,ok,,process,202
0.1,ffbe55b9-da45-4cd6-9d6b-000e22678788,1787665000000,126176,presentmon,frame_time_avg_ms,4.9325638613861384,ms,ok,,process,202
0.1,ffbe55b9-da45-4cd6-9d6b-000e22678788,1787665000000,126176,presentmon,frame_time_p95_ms,6.7976,ms,ok,,process,202
0.1,ffbe55b9-da45-4cd6-9d6b-000e22678788,1787665000000,126176,presentmon,gpu_busy_median_ms,4.66165,ms,ok,,process,202
0.1,ffbe55b9-da45-4cd6-9d6b-000e22678788,1787665000000,126176,presentmon,gpu_busy_p95_ms,5.2005,ms,ok,,process,202
0.1,ffbe55b9-da45-4cd6-9d6b-000e22678788,1787665002784,128960,windows_pdh,process_gpu_pct,,percent,unavailable,OSError: PdhCollectQueryData=0x-7FFFF82B,process,
0.1,ffbe55b9-da45-4cd6-9d6b-000e22678788,1787665003789,129965,psutil,process_cpu_pct_raw,262.5,percent,ok,,process,
0.1,ffbe55b9-da45-4cd6-9d6b-000e22678788,1787665003789,129965,psutil,process_cpu_pct,13.125,percent,ok,,process,
0.1,ffbe55b9-da45-4cd6-9d6b-000e22678788,1787665003789,129965,psutil,process_memory_mb,3249.94921875,MiB,ok,,process,
0.1,ffbe55b9-da45-4cd6-9d6b-000e22678788,1787665001000,127176,presentmon,app_fps,203.38609939757833,fps,ok,,process,204
0.1,ffbe55b9-da45-4cd6-9d6b-000e22678788,1787665001000,127176,presentmon,frame_time_avg_ms,4.916756862745098,ms,ok,,process,204
0.1,ffbe55b9-da45-4cd6-9d6b-000e22678788,1787665001000,127176,presentmon,frame_time_p95_ms,6.0886,ms,ok,,process,204
0.1,ffbe55b9-da45-4cd6-9d6b-000e22678788,1787665001000,127176,presentmon,gpu_busy_median_ms,4.6325,ms,ok,,process,204
0.1,ffbe55b9-da45-4cd6-9d6b-000e22678788,1787665001000,127176,presentmon,gpu_busy_p95_ms,5.1632,ms,ok,,process,204
0.1,ffbe55b9-da45-4cd6-9d6b-000e22678788,1787665003789,129965,windows_pdh,process_gpu_pct,,percent,unavailable,OSError: PdhCollectQueryData=0x-7FFFF82B,process,
0.1,ffbe55b9-da45-4cd6-9d6b-000e22678788,1787665004795,130971,psutil,process_cpu_pct_raw,253.1,percent,ok,,process,
0.1,ffbe55b9-da45-4cd6-9d6b-000e22678788,1787665004795,130971,psutil,process_cpu_pct,12.655,percent,ok,,process,
0.1,ffbe55b9-da45-4cd6-9d6b-000e22678788,1787665004795,130971,psutil,process_memory_mb,3251.0078125,MiB,ok,,process,
0.1,ffbe55b9-da45-4cd6-9d6b-000e22678788,1787665002000,128176,presentmon,app_fps,195.32975569356188,fps,ok,,process,195
0.1,ffbe55b9-da45-4cd6-9d6b-000e22678788,1787665002000,128176,presentmon,frame_time_avg_ms,5.119547692307692,ms,ok,,process,195
0.1,ffbe55b9-da45-4cd6-9d6b-000e22678788,1787665002000,128176,presentmon,frame_time_p95_ms,7.3498,ms,ok,,process,195
0.1,ffbe55b9-da45-4cd6-9d6b-000e22678788,1787665002000,128176,presentmon,gpu_busy_median_ms,4.7765,ms,ok,,process,195
0.1,ffbe55b9-da45-4cd6-9d6b-000e22678788,1787665002000,128176,presentmon,gpu_busy_p95_ms,5.2113,ms,ok,,process,195
0.1,ffbe55b9-da45-4cd6-9d6b-000e22678788,1787665004795,130971,windows_pdh,process_gpu_pct,,percent,unavailable,OSError: PdhCollectQueryData=0x-7FFFF82B,process,
0.1,ffbe55b9-da45-4cd6-9d6b-000e22678788,1787665004795,130971,nvidia-smi,device_gpu_util_pct,92.0,percent,ok,,device,
0.1,ffbe55b9-da45-4cd6-9d6b-000e22678788,1787665004795,130971,nvidia-smi,device_vram_used_mb,2098.0,MiB,ok,,device,
0.1,ffbe55b9-da45-4cd6-9d6b-000e22678788,1787665004795,130971,nvidia-smi,device_gpu_temperature_c,66.0,celsius,ok,,device,
0.1,ffbe55b9-da45-4cd6-9d6b-000e22678788,1787665004795,130971,nvidia-smi,device_gpu_power_w,153.29,watt,ok,,device,
0.1,ffbe55b9-da45-4cd6-9d6b-000e22678788,1787665004795,130971,nvidia-smi,device_gpu_clock_mhz,1965.0,MHz,ok,,device,
0.1,ffbe55b9-da45-4cd6-9d6b-000e22678788,1787665005785,131961,psutil,process_cpu_pct_raw,301.6,percent,ok,,process,
0.1,ffbe55b9-da45-4cd6-9d6b-000e22678788,1787665005785,131961,psutil,process_cpu_pct,15.080000000000002,percent,ok,,process,
0.1,ffbe55b9-da45-4cd6-9d6b-000e22678788,1787665005785,131961,psutil,process_memory_mb,3251.01171875,MiB,ok,,process,
0.1,ffbe55b9-da45-4cd6-9d6b-000e22678788,1787665003000,129176,presentmon,app_fps,205.6461446788511,fps,ok,,process,206
0.1,ffbe55b9-da45-4cd6-9d6b-000e22678788,1787665003000,129176,presentmon,frame_time_avg_ms,4.862721844660194,ms,ok,,process,206
0.1,ffbe55b9-da45-4cd6-9d6b-000e22678788,1787665003000,129176,presentmon,frame_time_p95_ms,6.4933,ms,ok,,process,206
0.1,ffbe55b9-da45-4cd6-9d6b-000e22678788,1787665003000,129176,presentmon,gpu_busy_median_ms,4.5676000000000005,ms,ok,,process,206
0.1,ffbe55b9-da45-4cd6-9d6b-000e22678788,1787665003000,129176,presentmon,gpu_busy_p95_ms,5.1136,ms,ok,,process,206
0.1,ffbe55b9-da45-4cd6-9d6b-000e22678788,1787665005785,131961,windows_pdh,process_gpu_pct,,percent,unavailable,OSError: PdhCollectQueryData=0x-7FFFF82B,process,
0.1,ffbe55b9-da45-4cd6-9d6b-000e22678788,1787665006790,132966,psutil,process_cpu_pct_raw,240.6,percent,ok,,process,
0.1,ffbe55b9-da45-4cd6-9d6b-000e22678788,1787665006790,132966,psutil,process_cpu_pct,12.03,percent,ok,,process,
0.1,ffbe55b9-da45-4cd6-9d6b-000e22678788,1787665006790,132966,psutil,process_memory_mb,3253.07421875,MiB,ok,,process,
0.1,ffbe55b9-da45-4cd6-9d6b-000e22678788,1787665004000,130176,presentmon,app_fps,197.70553196135728,fps,ok,,process,197
0.1,ffbe55b9-da45-4cd6-9d6b-000e22678788,1787665004000,130176,presentmon,frame_time_avg_ms,5.0580274111675125,ms,ok,,process,197
0.1,ffbe55b9-da45-4cd6-9d6b-000e22678788,1787665004000,130176,presentmon,frame_time_p95_ms,6.6353,ms,ok,,process,197
0.1,ffbe55b9-da45-4cd6-9d6b-000e22678788,1787665004000,130176,presentmon,gpu_busy_median_ms,4.802,ms,ok,,process,197
0.1,ffbe55b9-da45-4cd6-9d6b-000e22678788,1787665004000,130176,presentmon,gpu_busy_p95_ms,5.322,ms,ok,,process,197
0.1,ffbe55b9-da45-4cd6-9d6b-000e22678788,1787665006790,132966,windows_pdh,process_gpu_pct,,percent,unavailable,OSError: PdhCollectQueryData=0x-7FFFF82B,process,
0.1,ffbe55b9-da45-4cd6-9d6b-000e22678788,1787665007780,133956,psutil,process_cpu_pct_raw,249.0,percent,ok,,process,
0.1,ffbe55b9-da45-4cd6-9d6b-000e22678788,1787665007780,133956,psutil,process_cpu_pct,12.45,percent,ok,,process,
0.1,ffbe55b9-da45-4cd6-9d6b-000e22678788,1787665007780,133956,psutil,process_memory_mb,3251.30859375,MiB,ok,,process,
0.1,ffbe55b9-da45-4cd6-9d6b-000e22678788,1787665007780,133956,windows_pdh,process_gpu_pct,,percent,unavailable,OSError: PdhCollectQueryData=0x-7FFFF82B,process,
0.1,ffbe55b9-da45-4cd6-9d6b-000e22678788,1787665008770,134946,psutil,process_cpu_pct_raw,246.9,percent,ok,,process,
0.1,ffbe55b9-da45-4cd6-9d6b-000e22678788,1787665008770,134946,psutil,process_cpu_pct,12.345,percent,ok,,process,
0.1,ffbe55b9-da45-4cd6-9d6b-000e22678788,1787665008770,134946,psutil,process_memory_mb,3252.3125,MiB,ok,,process,
0.1,ffbe55b9-da45-4cd6-9d6b-000e22678788,1787665005000,131176,presentmon,app_fps,210.27723508755705,fps,ok,,process,211
0.1,ffbe55b9-da45-4cd6-9d6b-000e22678788,1787665005000,131176,presentmon,frame_time_avg_ms,4.75562654028436,ms,ok,,process,211
0.1,ffbe55b9-da45-4cd6-9d6b-000e22678788,1787665005000,131176,presentmon,frame_time_p95_ms,6.2925,ms,ok,,process,211
0.1,ffbe55b9-da45-4cd6-9d6b-000e22678788,1787665005000,131176,presentmon,gpu_busy_median_ms,4.5292,ms,ok,,process,211
0.1,ffbe55b9-da45-4cd6-9d6b-000e22678788,1787665005000,131176,presentmon,gpu_busy_p95_ms,4.9731,ms,ok,,process,211
0.1,ffbe55b9-da45-4cd6-9d6b-000e22678788,1787665006000,132176,presentmon,app_fps,198.60357612821124,fps,ok,,process,198
0.1,ffbe55b9-da45-4cd6-9d6b-000e22678788,1787665006000,132176,presentmon,frame_time_avg_ms,5.03515606060606,ms,ok,,process,198
0.1,ffbe55b9-da45-4cd6-9d6b-000e22678788,1787665006000,132176,presentmon,frame_time_p95_ms,6.5526,ms,ok,,process,198
0.1,ffbe55b9-da45-4cd6-9d6b-000e22678788,1787665006000,132176,presentmon,gpu_busy_median_ms,4.78235,ms,ok,,process,198
0.1,ffbe55b9-da45-4cd6-9d6b-000e22678788,1787665006000,132176,presentmon,gpu_busy_p95_ms,5.1773,ms,ok,,process,198
0.1,ffbe55b9-da45-4cd6-9d6b-000e22678788,1787665008770,134946,windows_pdh,process_gpu_pct,,percent,unavailable,OSError: PdhCollectQueryData=0x-7FFFF82B,process,
0.1,ffbe55b9-da45-4cd6-9d6b-000e22678788,1787665009776,135952,psutil,process_cpu_pct_raw,282.8,percent,ok,,process,
0.1,ffbe55b9-da45-4cd6-9d6b-000e22678788,1787665009776,135952,psutil,process_cpu_pct,14.14,percent,ok,,process,
0.1,ffbe55b9-da45-4cd6-9d6b-000e22678788,1787665009776,135952,psutil,process_memory_mb,3252.3125,MiB,ok,,process,
0.1,ffbe55b9-da45-4cd6-9d6b-000e22678788,1787665009776,135952,windows_pdh,process_gpu_pct,,percent,unavailable,OSError: PdhCollectQueryData=0x-7FFFF82B,process,
0.1,ffbe55b9-da45-4cd6-9d6b-000e22678788,1787665010781,136957,psutil,process_cpu_pct_raw,283.3,percent,ok,,process,
0.1,ffbe55b9-da45-4cd6-9d6b-000e22678788,1787665010781,136957,psutil,process_cpu_pct,14.165000000000001,percent,ok,,process,
0.1,ffbe55b9-da45-4cd6-9d6b-000e22678788,1787665010781,136957,psutil,process_memory_mb,3253.3984375,MiB,ok,,process,
0.1,ffbe55b9-da45-4cd6-9d6b-000e22678788,1787665007000,133176,presentmon,app_fps,206.2099478268908,fps,ok,,process,207
0.1,ffbe55b9-da45-4cd6-9d6b-000e22678788,1787665007000,133176,presentmon,frame_time_avg_ms,4.849426570048309,ms,ok,,process,207
0.1,ffbe55b9-da45-4cd6-9d6b-000e22678788,1787665007000,133176,presentmon,frame_time_p95_ms,6.4174,ms,ok,,process,207
0.1,ffbe55b9-da45-4cd6-9d6b-000e22678788,1787665007000,133176,presentmon,gpu_busy_median_ms,4.5593,ms,ok,,process,207
0.1,ffbe55b9-da45-4cd6-9d6b-000e22678788,1787665007000,133176,presentmon,gpu_busy_p95_ms,5.1086,ms,ok,,process,207
0.1,ffbe55b9-da45-4cd6-9d6b-000e22678788,1787665008000,134176,presentmon,app_fps,204.0743442836225,fps,ok,,process,204
0.1,ffbe55b9-da45-4cd6-9d6b-000e22678788,1787665008000,134176,presentmon,frame_time_avg_ms,4.900175,ms,ok,,process,204
0.1,ffbe55b9-da45-4cd6-9d6b-000e22678788,1787665008000,134176,presentmon,frame_time_p95_ms,6.3344,ms,ok,,process,204
0.1,ffbe55b9-da45-4cd6-9d6b-000e22678788,1787665008000,134176,presentmon,gpu_busy_median_ms,4.69875,ms,ok,,process,204
0.1,ffbe55b9-da45-4cd6-9d6b-000e22678788,1787665008000,134176,presentmon,gpu_busy_p95_ms,5.1305,ms,ok,,process,204
0.1,ffbe55b9-da45-4cd6-9d6b-000e22678788,1787665010781,136957,windows_pdh,process_gpu_pct,,percent,unavailable,OSError: PdhCollectQueryData=0x-7FFFF82B,process,
0.1,ffbe55b9-da45-4cd6-9d6b-000e22678788,1787665010781,136957,nvidia-smi,device_gpu_util_pct,89.0,percent,ok,,device,
0.1,ffbe55b9-da45-4cd6-9d6b-000e22678788,1787665010781,136957,nvidia-smi,device_vram_used_mb,2098.0,MiB,ok,,device,
0.1,ffbe55b9-da45-4cd6-9d6b-000e22678788,1787665010781,136957,nvidia-smi,device_gpu_temperature_c,66.0,celsius,ok,,device,
0.1,ffbe55b9-da45-4cd6-9d6b-000e22678788,1787665010781,136957,nvidia-smi,device_gpu_power_w,151.83,watt,ok,,device,
0.1,ffbe55b9-da45-4cd6-9d6b-000e22678788,1787665010781,136957,nvidia-smi,device_gpu_clock_mhz,1965.0,MHz,ok,,device,
0.1,ffbe55b9-da45-4cd6-9d6b-000e22678788,1787665011787,137963,psutil,process_cpu_pct_raw,217.2,percent,ok,,process,
0.1,ffbe55b9-da45-4cd6-9d6b-000e22678788,1787665011787,137963,psutil,process_cpu_pct,10.86,percent,ok,,process,
0.1,ffbe55b9-da45-4cd6-9d6b-000e22678788,1787665011787,137963,psutil,process_memory_mb,3253.40234375,MiB,ok,,process,
0.1,ffbe55b9-da45-4cd6-9d6b-000e22678788,1787665009000,135176,presentmon,app_fps,200.06305987647306,fps,ok,,process,200
0.1,ffbe55b9-da45-4cd6-9d6b-000e22678788,1787665009000,135176,presentmon,frame_time_avg_ms,4.998424,ms,ok,,process,200
0.1,ffbe55b9-da45-4cd6-9d6b-000e22678788,1787665009000,135176,presentmon,frame_time_p95_ms,6.747,ms,ok,,process,200
0.1,ffbe55b9-da45-4cd6-9d6b-000e22678788,1787665009000,135176,presentmon,gpu_busy_median_ms,4.6808499999999995,ms,ok,,process,200
0.1,ffbe55b9-da45-4cd6-9d6b-000e22678788,1787665009000,135176,presentmon,gpu_busy_p95_ms,5.2499,ms,ok,,process,200
0.1,ffbe55b9-da45-4cd6-9d6b-000e22678788,1787665011787,137963,windows_pdh,process_gpu_pct,,percent,unavailable,OSError: PdhCollectQueryData=0x-7FFFF82B,process,
0.1,ffbe55b9-da45-4cd6-9d6b-000e22678788,1787665012792,138968,psutil,process_cpu_pct_raw,312.5,percent,ok,,process,
0.1,ffbe55b9-da45-4cd6-9d6b-000e22678788,1787665012792,138968,psutil,process_cpu_pct,15.625,percent,ok,,process,
0.1,ffbe55b9-da45-4cd6-9d6b-000e22678788,1787665012792,138968,psutil,process_memory_mb,3254.4140625,MiB,ok,,process,
0.1,ffbe55b9-da45-4cd6-9d6b-000e22678788,1787665010000,136176,presentmon,app_fps,204.70741169646223,fps,ok,,process,205
0.1,ffbe55b9-da45-4cd6-9d6b-000e22678788,1787665010000,136176,presentmon,frame_time_avg_ms,4.8850209756097565,ms,ok,,process,205
0.1,ffbe55b9-da45-4cd6-9d6b-000e22678788,1787665010000,136176,presentmon,frame_time_p95_ms,6.1958,ms,ok,,process,205
0.1,ffbe55b9-da45-4cd6-9d6b-000e22678788,1787665010000,136176,presentmon,gpu_busy_median_ms,4.654,ms,ok,,process,205
0.1,ffbe55b9-da45-4cd6-9d6b-000e22678788,1787665010000,136176,presentmon,gpu_busy_p95_ms,5.0661,ms,ok,,process,205
0.1,ffbe55b9-da45-4cd6-9d6b-000e22678788,1787665012792,138968,windows_pdh,process_gpu_pct,,percent,unavailable,OSError: PdhCollectQueryData=0x-7FFFF82B,process,
0.1,ffbe55b9-da45-4cd6-9d6b-000e22678788,1787665013782,139958,psutil,process_cpu_pct_raw,204.7,percent,ok,,process,
0.1,ffbe55b9-da45-4cd6-9d6b-000e22678788,1787665013782,139958,psutil,process_cpu_pct,10.235,percent,ok,,process,
0.1,ffbe55b9-da45-4cd6-9d6b-000e22678788,1787665013782,139958,psutil,process_memory_mb,3254.4140625,MiB,ok,,process,
0.1,ffbe55b9-da45-4cd6-9d6b-000e22678788,1787665011000,137176,presentmon,app_fps,198.45684766332096,fps,ok,,process,198
0.1,ffbe55b9-da45-4cd6-9d6b-000e22678788,1787665011000,137176,presentmon,frame_time_avg_ms,5.0388787878787875,ms,ok,,process,198
0.1,ffbe55b9-da45-4cd6-9d6b-000e22678788,1787665011000,137176,presentmon,frame_time_p95_ms,6.7946,ms,ok,,process,198
0.1,ffbe55b9-da45-4cd6-9d6b-000e22678788,1787665011000,137176,presentmon,gpu_busy_median_ms,4.814,ms,ok,,process,198
0.1,ffbe55b9-da45-4cd6-9d6b-000e22678788,1787665011000,137176,presentmon,gpu_busy_p95_ms,5.2771,ms,ok,,process,198
0.1,ffbe55b9-da45-4cd6-9d6b-000e22678788,1787665013782,139958,windows_pdh,process_gpu_pct,,percent,unavailable,OSError: PdhCollectQueryData=0x-7FFFF82B,process,
0.1,ffbe55b9-da45-4cd6-9d6b-000e22678788,1787665014788,140964,psutil,process_cpu_pct_raw,290.6,percent,ok,,process,
0.1,ffbe55b9-da45-4cd6-9d6b-000e22678788,1787665014788,140964,psutil,process_cpu_pct,14.530000000000001,percent,ok,,process,
0.1,ffbe55b9-da45-4cd6-9d6b-000e22678788,1787665014788,140964,psutil,process_memory_mb,3254.41796875,MiB,ok,,process,
0.1,ffbe55b9-da45-4cd6-9d6b-000e22678788,1787665012000,138176,presentmon,app_fps,204.43503776035405,fps,ok,,process,204
0.1,ffbe55b9-da45-4cd6-9d6b-000e22678788,1787665012000,138176,presentmon,frame_time_avg_ms,4.891529411764705,ms,ok,,process,204
0.1,ffbe55b9-da45-4cd6-9d6b-000e22678788,1787665012000,138176,presentmon,frame_time_p95_ms,6.1954,ms,ok,,process,204
0.1,ffbe55b9-da45-4cd6-9d6b-000e22678788,1787665012000,138176,presentmon,gpu_busy_median_ms,4.6339500000000005,ms,ok,,process,204
0.1,ffbe55b9-da45-4cd6-9d6b-000e22678788,1787665012000,138176,presentmon,gpu_busy_p95_ms,5.1421,ms,ok,,process,204
0.1,ffbe55b9-da45-4cd6-9d6b-000e22678788,1787665014788,140964,windows_pdh,process_gpu_pct,,percent,unavailable,OSError: PdhCollectQueryData=0x-7FFFF82B,process,
0.1,ffbe55b9-da45-4cd6-9d6b-000e22678788,1787665015778,141954,psutil,process_cpu_pct_raw,184.0,percent,ok,,process,
0.1,ffbe55b9-da45-4cd6-9d6b-000e22678788,1787665015778,141954,psutil,process_cpu_pct,9.2,percent,ok,,process,
0.1,ffbe55b9-da45-4cd6-9d6b-000e22678788,1787665015778,141954,psutil,process_memory_mb,3255.421875,MiB,ok,,process,
0.1,ffbe55b9-da45-4cd6-9d6b-000e22678788,1787665013000,139176,presentmon,app_fps,198.72752469089633,fps,ok,,process,199
0.1,ffbe55b9-da45-4cd6-9d6b-000e22678788,1787665013000,139176,presentmon,frame_time_avg_ms,5.032015577889447,ms,ok,,process,199
0.1,ffbe55b9-da45-4cd6-9d6b-000e22678788,1787665013000,139176,presentmon,frame_time_p95_ms,7.0608,ms,ok,,process,199
0.1,ffbe55b9-da45-4cd6-9d6b-000e22678788,1787665013000,139176,presentmon,gpu_busy_median_ms,4.7779,ms,ok,,process,199
0.1,ffbe55b9-da45-4cd6-9d6b-000e22678788,1787665013000,139176,presentmon,gpu_busy_p95_ms,5.253,ms,ok,,process,199
0.1,ffbe55b9-da45-4cd6-9d6b-000e22678788,1787665015778,141954,windows_pdh,process_gpu_pct,,percent,unavailable,OSError: PdhCollectQueryData=0x-7FFFF82B,process,
0.1,ffbe55b9-da45-4cd6-9d6b-000e22678788,1787665016784,142960,psutil,process_cpu_pct_raw,292.5,percent,ok,,process,
0.1,ffbe55b9-da45-4cd6-9d6b-000e22678788,1787665016784,142960,psutil,process_cpu_pct,14.625,percent,ok,,process,
0.1,ffbe55b9-da45-4cd6-9d6b-000e22678788,1787665016784,142960,psutil,process_memory_mb,3255.42578125,MiB,ok,,process,
0.1,ffbe55b9-da45-4cd6-9d6b-000e22678788,1787665016784,142960,windows_pdh,process_gpu_pct,,percent,unavailable,OSError: PdhCollectQueryData=0x-7FFFF82B,process,
0.1,ffbe55b9-da45-4cd6-9d6b-000e22678788,1787665016784,142960,nvidia-smi,device_gpu_util_pct,89.0,percent,ok,,device,
0.1,ffbe55b9-da45-4cd6-9d6b-000e22678788,1787665016784,142960,nvidia-smi,device_vram_used_mb,2098.0,MiB,ok,,device,
0.1,ffbe55b9-da45-4cd6-9d6b-000e22678788,1787665016784,142960,nvidia-smi,device_gpu_temperature_c,66.0,celsius,ok,,device,
0.1,ffbe55b9-da45-4cd6-9d6b-000e22678788,1787665016784,142960,nvidia-smi,device_gpu_power_w,145.3,watt,ok,,device,
0.1,ffbe55b9-da45-4cd6-9d6b-000e22678788,1787665016784,142960,nvidia-smi,device_gpu_clock_mhz,1965.0,MHz,ok,,device,
0.1,ffbe55b9-da45-4cd6-9d6b-000e22678788,1787665017789,143965,psutil,process_cpu_pct_raw,314.1,percent,ok,,process,
0.1,ffbe55b9-da45-4cd6-9d6b-000e22678788,1787665017789,143965,psutil,process_cpu_pct,15.705000000000002,percent,ok,,process,
0.1,ffbe55b9-da45-4cd6-9d6b-000e22678788,1787665017789,143965,psutil,process_memory_mb,3256.4296875,MiB,ok,,process,
0.1,ffbe55b9-da45-4cd6-9d6b-000e22678788,1787665014000,140176,presentmon,app_fps,208.12073083595794,fps,ok,,process,208
0.1,ffbe55b9-da45-4cd6-9d6b-000e22678788,1787665014000,140176,presentmon,frame_time_avg_ms,4.804903365384615,ms,ok,,process,208
0.1,ffbe55b9-da45-4cd6-9d6b-000e22678788,1787665014000,140176,presentmon,frame_time_p95_ms,6.1788,ms,ok,,process,208
0.1,ffbe55b9-da45-4cd6-9d6b-000e22678788,1787665014000,140176,presentmon,gpu_busy_median_ms,4.55635,ms,ok,,process,208
0.1,ffbe55b9-da45-4cd6-9d6b-000e22678788,1787665014000,140176,presentmon,gpu_busy_p95_ms,5.0249,ms,ok,,process,208
0.1,ffbe55b9-da45-4cd6-9d6b-000e22678788,1787665017789,143965,windows_pdh,process_gpu_pct,,percent,unavailable,OSError: PdhCollectQueryData=0x-7FFFF82B,process,
0.1,ffbe55b9-da45-4cd6-9d6b-000e22678788,1787665018779,144955,psutil,process_cpu_pct_raw,309.3,percent,ok,,process,
0.1,ffbe55b9-da45-4cd6-9d6b-000e22678788,1787665018779,144955,psutil,process_cpu_pct,15.465,percent,ok,,process,
0.1,ffbe55b9-da45-4cd6-9d6b-000e22678788,1787665018779,144955,psutil,process_memory_mb,3256.44140625,MiB,ok,,process,
0.1,ffbe55b9-da45-4cd6-9d6b-000e22678788,1787665015000,141176,presentmon,app_fps,195.77049824490751,fps,ok,,process,196
0.1,ffbe55b9-da45-4cd6-9d6b-000e22678788,1787665015000,141176,presentmon,frame_time_avg_ms,5.10802193877551,ms,ok,,process,196
0.1,ffbe55b9-da45-4cd6-9d6b-000e22678788,1787665015000,141176,presentmon,frame_time_p95_ms,6.612,ms,ok,,process,196
0.1,ffbe55b9-da45-4cd6-9d6b-000e22678788,1787665015000,141176,presentmon,gpu_busy_median_ms,4.8289,ms,ok,,process,196
0.1,ffbe55b9-da45-4cd6-9d6b-000e22678788,1787665015000,141176,presentmon,gpu_busy_p95_ms,5.2733,ms,ok,,process,196
0.1,ffbe55b9-da45-4cd6-9d6b-000e22678788,1787665018779,144955,windows_pdh,process_gpu_pct,,percent,unavailable,OSError: PdhCollectQueryData=0x-7FFFF82B,process,
0.1,ffbe55b9-da45-4cd6-9d6b-000e22678788,1787665019769,145945,psutil,process_cpu_pct_raw,270.3,percent,ok,,process,
0.1,ffbe55b9-da45-4cd6-9d6b-000e22678788,1787665019769,145945,psutil,process_cpu_pct,13.515,percent,ok,,process,
0.1,ffbe55b9-da45-4cd6-9d6b-000e22678788,1787665019769,145945,psutil,process_memory_mb,3257.4375,MiB,ok,,process,
0.1,ffbe55b9-da45-4cd6-9d6b-000e22678788,1787665016000,142176,presentmon,app_fps,211.68889918461647,fps,ok,,process,211
0.1,ffbe55b9-da45-4cd6-9d6b-000e22678788,1787665016000,142176,presentmon,frame_time_avg_ms,4.72391327014218,ms,ok,,process,211
0.1,ffbe55b9-da45-4cd6-9d6b-000e22678788,1787665016000,142176,presentmon,frame_time_p95_ms,5.7468,ms,ok,,process,211
0.1,ffbe55b9-da45-4cd6-9d6b-000e22678788,1787665016000,142176,presentmon,gpu_busy_median_ms,4.5234,ms,ok,,process,211
0.1,ffbe55b9-da45-4cd6-9d6b-000e22678788,1787665016000,142176,presentmon,gpu_busy_p95_ms,4.8885,ms,ok,,process,211
0.1,ffbe55b9-da45-4cd6-9d6b-000e22678788,1787665017000,143176,presentmon,app_fps,199.00790061365436,fps,ok,,process,199
0.1,ffbe55b9-da45-4cd6-9d6b-000e22678788,1787665017000,143176,presentmon,frame_time_avg_ms,5.024926130653266,ms,ok,,process,199
0.1,ffbe55b9-da45-4cd6-9d6b-000e22678788,1787665017000,143176,presentmon,frame_time_p95_ms,6.7314,ms,ok,,process,199
0.1,ffbe55b9-da45-4cd6-9d6b-000e22678788,1787665017000,143176,presentmon,gpu_busy_median_ms,4.7811,ms,ok,,process,199
0.1,ffbe55b9-da45-4cd6-9d6b-000e22678788,1787665017000,143176,presentmon,gpu_busy_p95_ms,5.2537,ms,ok,,process,199
0.1,ffbe55b9-da45-4cd6-9d6b-000e22678788,1787665019769,145945,windows_pdh,process_gpu_pct,,percent,unavailable,OSError: PdhCollectQueryData=0x-7FFFF82B,process,
0.1,ffbe55b9-da45-4cd6-9d6b-000e22678788,1787665020775,146951,psutil,process_cpu_pct_raw,282.8,percent,ok,,process,
0.1,ffbe55b9-da45-4cd6-9d6b-000e22678788,1787665020775,146951,psutil,process_cpu_pct,14.14,percent,ok,,process,
0.1,ffbe55b9-da45-4cd6-9d6b-000e22678788,1787665020775,146951,psutil,process_memory_mb,3257.47265625,MiB,ok,,process,
0.1,ffbe55b9-da45-4cd6-9d6b-000e22678788,1787665020775,146951,windows_pdh,process_gpu_pct,,percent,unavailable,OSError: PdhCollectQueryData=0x-7FFFF82B,process,
0.1,ffbe55b9-da45-4cd6-9d6b-000e22678788,1787665021780,147956,psutil,process_cpu_pct_raw,270.9,percent,ok,,process,
0.1,ffbe55b9-da45-4cd6-9d6b-000e22678788,1787665021780,147956,psutil,process_cpu_pct,13.544999999999998,percent,ok,,process,
0.1,ffbe55b9-da45-4cd6-9d6b-000e22678788,1787665021780,147956,psutil,process_memory_mb,3258.48828125,MiB,ok,,process,
0.1,ffbe55b9-da45-4cd6-9d6b-000e22678788,1787665018000,144176,presentmon,app_fps,207.20130114447838,fps,ok,,process,208
0.1,ffbe55b9-da45-4cd6-9d6b-000e22678788,1787665018000,144176,presentmon,frame_time_avg_ms,4.826224519230769,ms,ok,,process,208
0.1,ffbe55b9-da45-4cd6-9d6b-000e22678788,1787665018000,144176,presentmon,frame_time_p95_ms,6.3556,ms,ok,,process,208
0.1,ffbe55b9-da45-4cd6-9d6b-000e22678788,1787665018000,144176,presentmon,gpu_busy_median_ms,4.5813,ms,ok,,process,208
0.1,ffbe55b9-da45-4cd6-9d6b-000e22678788,1787665018000,144176,presentmon,gpu_busy_p95_ms,5.0047,ms,ok,,process,208
0.1,ffbe55b9-da45-4cd6-9d6b-000e22678788,1787665019000,145176,presentmon,app_fps,202.75330964666122,fps,ok,,process,202
0.1,ffbe55b9-da45-4cd6-9d6b-000e22678788,1787665019000,145176,presentmon,frame_time_avg_ms,4.93210198019802,ms,ok,,process,202
0.1,ffbe55b9-da45-4cd6-9d6b-000e22678788,1787665019000,145176,presentmon,frame_time_p95_ms,6.3482,ms,ok,,process,202
0.1,ffbe55b9-da45-4cd6-9d6b-000e22678788,1787665019000,145176,presentmon,gpu_busy_median_ms,4.69525,ms,ok,,process,202
0.1,ffbe55b9-da45-4cd6-9d6b-000e22678788,1787665019000,145176,presentmon,gpu_busy_p95_ms,5.0588,ms,ok,,process,202
0.1,ffbe55b9-da45-4cd6-9d6b-000e22678788,1787665021780,147956,windows_pdh,process_gpu_pct,,percent,unavailable,OSError: PdhCollectQueryData=0x-7FFFF82B,process,
0.1,ffbe55b9-da45-4cd6-9d6b-000e22678788,1787665021780,147956,nvidia-smi,device_gpu_util_pct,89.0,percent,ok,,device,
0.1,ffbe55b9-da45-4cd6-9d6b-000e22678788,1787665021780,147956,nvidia-smi,device_vram_used_mb,2098.0,MiB,ok,,device,
0.1,ffbe55b9-da45-4cd6-9d6b-000e22678788,1787665021780,147956,nvidia-smi,device_gpu_temperature_c,66.0,celsius,ok,,device,
0.1,ffbe55b9-da45-4cd6-9d6b-000e22678788,1787665021780,147956,nvidia-smi,device_gpu_power_w,154.08,watt,ok,,device,
0.1,ffbe55b9-da45-4cd6-9d6b-000e22678788,1787665021780,147956,nvidia-smi,device_gpu_clock_mhz,1965.0,MHz,ok,,device,
0.1,ffbe55b9-da45-4cd6-9d6b-000e22678788,1787665022786,148962,psutil,process_cpu_pct_raw,221.9,percent,ok,,process,
0.1,ffbe55b9-da45-4cd6-9d6b-000e22678788,1787665022786,148962,psutil,process_cpu_pct,11.095,percent,ok,,process,
0.1,ffbe55b9-da45-4cd6-9d6b-000e22678788,1787665022786,148962,psutil,process_memory_mb,3258.5,MiB,ok,,process,
0.1,ffbe55b9-da45-4cd6-9d6b-000e22678788,1787665020000,146176,presentmon,app_fps,200.15380973856824,fps,ok,,process,201
0.1,ffbe55b9-da45-4cd6-9d6b-000e22678788,1787665020000,146176,presentmon,frame_time_avg_ms,4.996157711442787,ms,ok,,process,201
0.1,ffbe55b9-da45-4cd6-9d6b-000e22678788,1787665020000,146176,presentmon,frame_time_p95_ms,6.6759,ms,ok,,process,201
0.1,ffbe55b9-da45-4cd6-9d6b-000e22678788,1787665020000,146176,presentmon,gpu_busy_median_ms,4.6791,ms,ok,,process,201
0.1,ffbe55b9-da45-4cd6-9d6b-000e22678788,1787665020000,146176,presentmon,gpu_busy_p95_ms,5.3154,ms,ok,,process,201
0.1,ffbe55b9-da45-4cd6-9d6b-000e22678788,1787665022786,148962,windows_pdh,process_gpu_pct,,percent,unavailable,OSError: PdhCollectQueryData=0x-7FFFF82B,process,
0.1,ffbe55b9-da45-4cd6-9d6b-000e22678788,1787665023776,149952,psutil,process_cpu_pct_raw,307.7,percent,ok,,process,
0.1,ffbe55b9-da45-4cd6-9d6b-000e22678788,1787665023776,149952,psutil,process_cpu_pct,15.385,percent,ok,,process,
0.1,ffbe55b9-da45-4cd6-9d6b-000e22678788,1787665023776,149952,psutil,process_memory_mb,3259.49609375,MiB,ok,,process,
0.1,ffbe55b9-da45-4cd6-9d6b-000e22678788,1787665021000,147176,presentmon,app_fps,203.48510849866082,fps,ok,,process,203
0.1,ffbe55b9-da45-4cd6-9d6b-000e22678788,1787665021000,147176,presentmon,frame_time_avg_ms,4.914364532019705,ms,ok,,process,203
0.1,ffbe55b9-da45-4cd6-9d6b-000e22678788,1787665021000,147176,presentmon,frame_time_p95_ms,6.2217,ms,ok,,process,203
0.1,ffbe55b9-da45-4cd6-9d6b-000e22678788,1787665021000,147176,presentmon,gpu_busy_median_ms,4.6413,ms,ok,,process,203
0.1,ffbe55b9-da45-4cd6-9d6b-000e22678788,1787665021000,147176,presentmon,gpu_busy_p95_ms,5.1333,ms,ok,,process,203
0.1,ffbe55b9-da45-4cd6-9d6b-000e22678788,1787665023776,149952,windows_pdh,process_gpu_pct,,percent,unavailable,OSError: PdhCollectQueryData=0x-7FFFF82B,process,
0.1,ffbe55b9-da45-4cd6-9d6b-000e22678788,1787665024781,150957,psutil,process_cpu_pct_raw,255.5,percent,ok,,process,
0.1,ffbe55b9-da45-4cd6-9d6b-000e22678788,1787665024781,150957,psutil,process_cpu_pct,12.775,percent,ok,,process,
0.1,ffbe55b9-da45-4cd6-9d6b-000e22678788,1787665024781,150957,psutil,process_memory_mb,3256.69921875,MiB,ok,,process,
0.1,ffbe55b9-da45-4cd6-9d6b-000e22678788,1787665022000,148176,presentmon,app_fps,195.9272326258028,fps,ok,,process,196
0.1,ffbe55b9-da45-4cd6-9d6b-000e22678788,1787665022000,148176,presentmon,frame_time_avg_ms,5.103935714285714,ms,ok,,process,196
0.1,ffbe55b9-da45-4cd6-9d6b-000e22678788,1787665022000,148176,presentmon,frame_time_p95_ms,6.8773,ms,ok,,process,196
0.1,ffbe55b9-da45-4cd6-9d6b-000e22678788,1787665022000,148176,presentmon,gpu_busy_median_ms,4.8277,ms,ok,,process,196
0.1,ffbe55b9-da45-4cd6-9d6b-000e22678788,1787665022000,148176,presentmon,gpu_busy_p95_ms,5.3971,ms,ok,,process,196
0.1,ffbe55b9-da45-4cd6-9d6b-000e22678788,1787665024781,150957,windows_pdh,process_gpu_pct,,percent,unavailable,OSError: PdhCollectQueryData=0x-7FFFF82B,process,
0.1,ffbe55b9-da45-4cd6-9d6b-000e22678788,1787665025787,151963,psutil,process_cpu_pct_raw,342.2,percent,ok,,process,
0.1,ffbe55b9-da45-4cd6-9d6b-000e22678788,1787665025787,151963,psutil,process_cpu_pct,17.11,percent,ok,,process,
0.1,ffbe55b9-da45-4cd6-9d6b-000e22678788,1787665025787,151963,psutil,process_memory_mb,3256.69921875,MiB,ok,,process,
0.1,ffbe55b9-da45-4cd6-9d6b-000e22678788,1787665023000,149176,presentmon,app_fps,201.3840266776012,fps,ok,,process,202
0.1,ffbe55b9-da45-4cd6-9d6b-000e22678788,1787665023000,149176,presentmon,frame_time_avg_ms,4.9656371287128716,ms,ok,,process,202
0.1,ffbe55b9-da45-4cd6-9d6b-000e22678788,1787665023000,149176,presentmon,frame_time_p95_ms,6.311,ms,ok,,process,202
0.1,ffbe55b9-da45-4cd6-9d6b-000e22678788,1787665023000,149176,presentmon,gpu_busy_median_ms,4.66165,ms,ok,,process,202
0.1,ffbe55b9-da45-4cd6-9d6b-000e22678788,1787665023000,149176,presentmon,gpu_busy_p95_ms,5.1748,ms,ok,,process,202
0.1,ffbe55b9-da45-4cd6-9d6b-000e22678788,1787665025787,151963,windows_pdh,process_gpu_pct,,percent,unavailable,OSError: PdhCollectQueryData=0x-7FFFF82B,process,
0.1,ffbe55b9-da45-4cd6-9d6b-000e22678788,1787665026777,152953,psutil,process_cpu_pct_raw,215.7,percent,ok,,process,
0.1,ffbe55b9-da45-4cd6-9d6b-000e22678788,1787665026777,152953,psutil,process_cpu_pct,10.785,percent,ok,,process,
0.1,ffbe55b9-da45-4cd6-9d6b-000e22678788,1787665026777,152953,psutil,process_memory_mb,3257.7109375,MiB,ok,,process,
0.1,ffbe55b9-da45-4cd6-9d6b-000e22678788,1787665024000,150176,presentmon,app_fps,197.1686383363691,fps,ok,,process,197
0.1,ffbe55b9-da45-4cd6-9d6b-000e22678788,1787665024000,150176,presentmon,frame_time_avg_ms,5.0718005076142125,ms,ok,,process,197
0.1,ffbe55b9-da45-4cd6-9d6b-000e22678788,1787665024000,150176,presentmon,frame_time_p95_ms,7.2398,ms,ok,,process,197
0.1,ffbe55b9-da45-4cd6-9d6b-000e22678788,1787665024000,150176,presentmon,gpu_busy_median_ms,4.803,ms,ok,,process,197
0.1,ffbe55b9-da45-4cd6-9d6b-000e22678788,1787665024000,150176,presentmon,gpu_busy_p95_ms,5.2673,ms,ok,,process,197
0.1,ffbe55b9-da45-4cd6-9d6b-000e22678788,1787665026777,152953,windows_pdh,process_gpu_pct,,percent,unavailable,OSError: PdhCollectQueryData=0x-7FFFF82B,process,
0.1,ffbe55b9-da45-4cd6-9d6b-000e22678788,1787665027782,153958,psutil,process_cpu_pct_raw,314.0,percent,ok,,process,
0.1,ffbe55b9-da45-4cd6-9d6b-000e22678788,1787665027782,153958,psutil,process_cpu_pct,15.7,percent,ok,,process,
0.1,ffbe55b9-da45-4cd6-9d6b-000e22678788,1787665027782,153958,psutil,process_memory_mb,3258.0703125,MiB,ok,,process,
0.1,ffbe55b9-da45-4cd6-9d6b-000e22678788,1787665025000,151176,presentmon,app_fps,206.1582677021149,fps,ok,,process,206
0.1,ffbe55b9-da45-4cd6-9d6b-000e22678788,1787665025000,151176,presentmon,frame_time_avg_ms,4.850642233009709,ms,ok,,process,206
0.1,ffbe55b9-da45-4cd6-9d6b-000e22678788,1787665025000,151176,presentmon,frame_time_p95_ms,6.4857,ms,ok,,process,206
0.1,ffbe55b9-da45-4cd6-9d6b-000e22678788,1787665025000,151176,presentmon,gpu_busy_median_ms,4.6053999999999995,ms,ok,,process,206
0.1,ffbe55b9-da45-4cd6-9d6b-000e22678788,1787665025000,151176,presentmon,gpu_busy_p95_ms,5.1204,ms,ok,,process,206
0.1,ffbe55b9-da45-4cd6-9d6b-000e22678788,1787665027782,153958,windows_pdh,process_gpu_pct,,percent,unavailable,OSError: PdhCollectQueryData=0x-7FFFF82B,process,
0.1,ffbe55b9-da45-4cd6-9d6b-000e22678788,1787665027782,153958,nvidia-smi,device_gpu_util_pct,89.0,percent,ok,,device,
0.1,ffbe55b9-da45-4cd6-9d6b-000e22678788,1787665027782,153958,nvidia-smi,device_vram_used_mb,2098.0,MiB,ok,,device,
0.1,ffbe55b9-da45-4cd6-9d6b-000e22678788,1787665027782,153958,nvidia-smi,device_gpu_temperature_c,66.0,celsius,ok,,device,
0.1,ffbe55b9-da45-4cd6-9d6b-000e22678788,1787665027782,153958,nvidia-smi,device_gpu_power_w,143.4,watt,ok,,device,
0.1,ffbe55b9-da45-4cd6-9d6b-000e22678788,1787665027782,153958,nvidia-smi,device_gpu_clock_mhz,1965.0,MHz,ok,,device,
0.1,ffbe55b9-da45-4cd6-9d6b-000e22678788,1787665028773,154949,psutil,process_cpu_pct_raw,237.9,percent,ok,,process,
0.1,ffbe55b9-da45-4cd6-9d6b-000e22678788,1787665028773,154949,psutil,process_cpu_pct,11.895,percent,ok,,process,
0.1,ffbe55b9-da45-4cd6-9d6b-000e22678788,1787665028773,154949,psutil,process_memory_mb,3259.0703125,MiB,ok,,process,
0.1,ffbe55b9-da45-4cd6-9d6b-000e22678788,1787665026000,152176,presentmon,app_fps,194.15365320114338,fps,ok,,process,194
0.1,ffbe55b9-da45-4cd6-9d6b-000e22678788,1787665026000,152176,presentmon,frame_time_avg_ms,5.150559793814433,ms,ok,,process,194
0.1,ffbe55b9-da45-4cd6-9d6b-000e22678788,1787665026000,152176,presentmon,frame_time_p95_ms,6.8905,ms,ok,,process,194
0.1,ffbe55b9-da45-4cd6-9d6b-000e22678788,1787665026000,152176,presentmon,gpu_busy_median_ms,4.850350000000001,ms,ok,,process,194
0.1,ffbe55b9-da45-4cd6-9d6b-000e22678788,1787665026000,152176,presentmon,gpu_busy_p95_ms,5.345,ms,ok,,process,194
0.1,ffbe55b9-da45-4cd6-9d6b-000e22678788,1787665028773,154949,windows_pdh,process_gpu_pct,,percent,unavailable,OSError: PdhCollectQueryData=0x-7FFFF82B,process,
0.1,ffbe55b9-da45-4cd6-9d6b-000e22678788,1787665029778,155954,psutil,process_cpu_pct_raw,256.2,percent,ok,,process,
0.1,ffbe55b9-da45-4cd6-9d6b-000e22678788,1787665029778,155954,psutil,process_cpu_pct,12.809999999999999,percent,ok,,process,
0.1,ffbe55b9-da45-4cd6-9d6b-000e22678788,1787665029778,155954,psutil,process_memory_mb,3259.0703125,MiB,ok,,process,
0.1,ffbe55b9-da45-4cd6-9d6b-000e22678788,1787665027000,153176,presentmon,app_fps,209.58144179396902,fps,ok,,process,209
0.1,ffbe55b9-da45-4cd6-9d6b-000e22678788,1787665027000,153176,presentmon,frame_time_avg_ms,4.771414832535885,ms,ok,,process,209
0.1,ffbe55b9-da45-4cd6-9d6b-000e22678788,1787665027000,153176,presentmon,frame_time_p95_ms,6.0637,ms,ok,,process,209
0.1,ffbe55b9-da45-4cd6-9d6b-000e22678788,1787665027000,153176,presentmon,gpu_busy_median_ms,4.5747,ms,ok,,process,209
0.1,ffbe55b9-da45-4cd6-9d6b-000e22678788,1787665027000,153176,presentmon,gpu_busy_p95_ms,4.8975,ms,ok,,process,209
0.1,ffbe55b9-da45-4cd6-9d6b-000e22678788,1787665029778,155954,windows_pdh,process_gpu_pct,,percent,unavailable,OSError: PdhCollectQueryData=0x-7FFFF82B,process,
0.1,ffbe55b9-da45-4cd6-9d6b-000e22678788,1787665030784,156960,psutil,process_cpu_pct_raw,290.9,percent,ok,,process,
0.1,ffbe55b9-da45-4cd6-9d6b-000e22678788,1787665030784,156960,psutil,process_cpu_pct,14.544999999999998,percent,ok,,process,
0.1,ffbe55b9-da45-4cd6-9d6b-000e22678788,1787665030784,156960,psutil,process_memory_mb,3260.0703125,MiB,ok,,process,
0.1,ffbe55b9-da45-4cd6-9d6b-000e22678788,1787665028000,154176,presentmon,app_fps,189.1777954653485,fps,ok,,process,190
0.1,ffbe55b9-da45-4cd6-9d6b-000e22678788,1787665028000,154176,presentmon,frame_time_avg_ms,5.286032631578947,ms,ok,,process,190
0.1,ffbe55b9-da45-4cd6-9d6b-000e22678788,1787665028000,154176,presentmon,frame_time_p95_ms,6.7905,ms,ok,,process,190
0.1,ffbe55b9-da45-4cd6-9d6b-000e22678788,1787665028000,154176,presentmon,gpu_busy_median_ms,4.8744,ms,ok,,process,190
0.1,ffbe55b9-da45-4cd6-9d6b-000e22678788,1787665028000,154176,presentmon,gpu_busy_p95_ms,5.3224,ms,ok,,process,190
0.1,ffbe55b9-da45-4cd6-9d6b-000e22678788,1787665030784,156960,windows_pdh,process_gpu_pct,,percent,unavailable,OSError: PdhCollectQueryData=0x-7FFFF82B,process,
0.1,ffbe55b9-da45-4cd6-9d6b-000e22678788,1787665031774,157950,psutil,process_cpu_pct_raw,250.6,percent,ok,,process,
0.1,ffbe55b9-da45-4cd6-9d6b-000e22678788,1787665031774,157950,psutil,process_cpu_pct,12.53,percent,ok,,process,
0.1,ffbe55b9-da45-4cd6-9d6b-000e22678788,1787665031774,157950,psutil,process_memory_mb,3260.0703125,MiB,ok,,process,
0.1,ffbe55b9-da45-4cd6-9d6b-000e22678788,1787665029000,155176,presentmon,app_fps,199.0405644670384,fps,ok,,process,199
0.1,ffbe55b9-da45-4cd6-9d6b-000e22678788,1787665029000,155176,presentmon,frame_time_avg_ms,5.024101507537688,ms,ok,,process,199
0.1,ffbe55b9-da45-4cd6-9d6b-000e22678788,1787665029000,155176,presentmon,frame_time_p95_ms,6.9102,ms,ok,,process,199
0.1,ffbe55b9-da45-4cd6-9d6b-000e22678788,1787665029000,155176,presentmon,gpu_busy_median_ms,4.6665,ms,ok,,process,199
0.1,ffbe55b9-da45-4cd6-9d6b-000e22678788,1787665029000,155176,presentmon,gpu_busy_p95_ms,5.3812,ms,ok,,process,199
0.1,ffbe55b9-da45-4cd6-9d6b-000e22678788,1787665031774,157950,windows_pdh,process_gpu_pct,,percent,unavailable,OSError: PdhCollectQueryData=0x-7FFFF82B,process,
0.1,ffbe55b9-da45-4cd6-9d6b-000e22678788,1787665032779,158955,psutil,process_cpu_pct_raw,270.9,percent,ok,,process,
0.1,ffbe55b9-da45-4cd6-9d6b-000e22678788,1787665032779,158955,psutil,process_cpu_pct,13.544999999999998,percent,ok,,process,
0.1,ffbe55b9-da45-4cd6-9d6b-000e22678788,1787665032779,158955,psutil,process_memory_mb,3261.0703125,MiB,ok,,process,
0.1,ffbe55b9-da45-4cd6-9d6b-000e22678788,1787665030000,156176,presentmon,app_fps,202.6249561522604,fps,ok,,process,202
0.1,ffbe55b9-da45-4cd6-9d6b-000e22678788,1787665030000,156176,presentmon,frame_time_avg_ms,4.935226237623763,ms,ok,,process,202
0.1,ffbe55b9-da45-4cd6-9d6b-000e22678788,1787665030000,156176,presentmon,frame_time_p95_ms,6.3296,ms,ok,,process,202
0.1,ffbe55b9-da45-4cd6-9d6b-000e22678788,1787665030000,156176,presentmon,gpu_busy_median_ms,4.65085,ms,ok,,process,202
0.1,ffbe55b9-da45-4cd6-9d6b-000e22678788,1787665030000,156176,presentmon,gpu_busy_p95_ms,5.1853,ms,ok,,process,202
0.1,ffbe55b9-da45-4cd6-9d6b-000e22678788,1787665032779,158955,windows_pdh,process_gpu_pct,,percent,unavailable,OSError: PdhCollectQueryData=0x-7FFFF82B,process,
0.1,ffbe55b9-da45-4cd6-9d6b-000e22678788,1787665032779,158955,nvidia-smi,device_gpu_util_pct,90.0,percent,ok,,device,
0.1,ffbe55b9-da45-4cd6-9d6b-000e22678788,1787665032779,158955,nvidia-smi,device_vram_used_mb,2098.0,MiB,ok,,device,
0.1,ffbe55b9-da45-4cd6-9d6b-000e22678788,1787665032779,158955,nvidia-smi,device_gpu_temperature_c,66.0,celsius,ok,,device,
0.1,ffbe55b9-da45-4cd6-9d6b-000e22678788,1787665032779,158955,nvidia-smi,device_gpu_power_w,154.26,watt,ok,,device,
0.1,ffbe55b9-da45-4cd6-9d6b-000e22678788,1787665032779,158955,nvidia-smi,device_gpu_clock_mhz,1965.0,MHz,ok,,device,
0.1,ffbe55b9-da45-4cd6-9d6b-000e22678788,1787665033785,159961,psutil,process_cpu_pct_raw,268.8,percent,ok,,process,
0.1,ffbe55b9-da45-4cd6-9d6b-000e22678788,1787665033785,159961,psutil,process_cpu_pct,13.440000000000001,percent,ok,,process,
0.1,ffbe55b9-da45-4cd6-9d6b-000e22678788,1787665033785,159961,psutil,process_memory_mb,3261.0703125,MiB,ok,,process,
0.1,ffbe55b9-da45-4cd6-9d6b-000e22678788,1787665031000,157176,presentmon,app_fps,202.06086073125226,fps,ok,,process,202
0.1,ffbe55b9-da45-4cd6-9d6b-000e22678788,1787665031000,157176,presentmon,frame_time_avg_ms,4.949003960396039,ms,ok,,process,202
0.1,ffbe55b9-da45-4cd6-9d6b-000e22678788,1787665031000,157176,presentmon,frame_time_p95_ms,6.9854,ms,ok,,process,202
0.1,ffbe55b9-da45-4cd6-9d6b-000e22678788,1787665031000,157176,presentmon,gpu_busy_median_ms,4.7135,ms,ok,,process,202
0.1,ffbe55b9-da45-4cd6-9d6b-000e22678788,1787665031000,157176,presentmon,gpu_busy_p95_ms,5.1928,ms,ok,,process,202
0.1,ffbe55b9-da45-4cd6-9d6b-000e22678788,1787665033785,159961,windows_pdh,process_gpu_pct,,percent,unavailable,OSError: PdhCollectQueryData=0x-7FFFF82B,process,
0.1,ffbe55b9-da45-4cd6-9d6b-000e22678788,1787665034775,160951,psutil,process_cpu_pct_raw,271.3,percent,ok,,process,
0.1,ffbe55b9-da45-4cd6-9d6b-000e22678788,1787665034775,160951,psutil,process_cpu_pct,13.565000000000001,percent,ok,,process,
0.1,ffbe55b9-da45-4cd6-9d6b-000e22678788,1787665034775,160951,psutil,process_memory_mb,3261.1640625,MiB,ok,,process,
0.1,ffbe55b9-da45-4cd6-9d6b-000e22678788,1787665034775,160951,windows_pdh,process_gpu_pct,,percent,unavailable,OSError: PdhCollectQueryData=0x-7FFFF82B,process,
0.1,ffbe55b9-da45-4cd6-9d6b-000e22678788,1787665035780,161956,psutil,process_cpu_pct_raw,304.8,percent,ok,,process,
0.1,ffbe55b9-da45-4cd6-9d6b-000e22678788,1787665035780,161956,psutil,process_cpu_pct,15.24,percent,ok,,process,
0.1,ffbe55b9-da45-4cd6-9d6b-000e22678788,1787665035780,161956,psutil,process_memory_mb,3262.4140625,MiB,ok,,process,
0.1,ffbe55b9-da45-4cd6-9d6b-000e22678788,1787665032000,158176,presentmon,app_fps,203.14465941154768,fps,ok,,process,204
0.1,ffbe55b9-da45-4cd6-9d6b-000e22678788,1787665032000,158176,presentmon,frame_time_avg_ms,4.9226004901960785,ms,ok,,process,204
0.1,ffbe55b9-da45-4cd6-9d6b-000e22678788,1787665032000,158176,presentmon,frame_time_p95_ms,6.9448,ms,ok,,process,204
0.1,ffbe55b9-da45-4cd6-9d6b-000e22678788,1787665032000,158176,presentmon,gpu_busy_median_ms,4.5776,ms,ok,,process,204
0.1,ffbe55b9-da45-4cd6-9d6b-000e22678788,1787665032000,158176,presentmon,gpu_busy_p95_ms,5.1586,ms,ok,,process,204
0.1,ffbe55b9-da45-4cd6-9d6b-000e22678788,1787665033000,159176,presentmon,app_fps,201.047760403342,fps,ok,,process,200
0.1,ffbe55b9-da45-4cd6-9d6b-000e22678788,1787665033000,159176,presentmon,frame_time_avg_ms,4.9739425,ms,ok,,process,200
0.1,ffbe55b9-da45-4cd6-9d6b-000e22678788,1787665033000,159176,presentmon,frame_time_p95_ms,6.6266,ms,ok,,process,200
0.1,ffbe55b9-da45-4cd6-9d6b-000e22678788,1787665033000,159176,presentmon,gpu_busy_median_ms,4.7438,ms,ok,,process,200
0.1,ffbe55b9-da45-4cd6-9d6b-000e22678788,1787665033000,159176,presentmon,gpu_busy_p95_ms,5.1345,ms,ok,,process,200
0.1,ffbe55b9-da45-4cd6-9d6b-000e22678788,1787665035780,161956,windows_pdh,process_gpu_pct,,percent,unavailable,OSError: PdhCollectQueryData=0x-7FFFF82B,process,
0.1,ffbe55b9-da45-4cd6-9d6b-000e22678788,1787665036770,162946,psutil,process_cpu_pct_raw,399.7,percent,ok,,process,
0.1,ffbe55b9-da45-4cd6-9d6b-000e22678788,1787665036770,162946,psutil,process_cpu_pct,19.985,percent,ok,,process,
0.1,ffbe55b9-da45-4cd6-9d6b-000e22678788,1787665036770,162946,psutil,process_memory_mb,3262.98046875,MiB,ok,,process,
0.1,ffbe55b9-da45-4cd6-9d6b-000e22678788,1787665034000,160176,presentmon,app_fps,207.75165367319906,fps,ok,,process,208
0.1,ffbe55b9-da45-4cd6-9d6b-000e22678788,1787665034000,160176,presentmon,frame_time_avg_ms,4.813439423076923,ms,ok,,process,208
0.1,ffbe55b9-da45-4cd6-9d6b-000e22678788,1787665034000,160176,presentmon,frame_time_p95_ms,6.3165,ms,ok,,process,208
0.1,ffbe55b9-da45-4cd6-9d6b-000e22678788,1787665034000,160176,presentmon,gpu_busy_median_ms,4.543200000000001,ms,ok,,process,208
0.1,ffbe55b9-da45-4cd6-9d6b-000e22678788,1787665034000,160176,presentmon,gpu_busy_p95_ms,5.0794,ms,ok,,process,208
0.1,ffbe55b9-da45-4cd6-9d6b-000e22678788,1787665036770,162946,windows_pdh,process_gpu_pct,,percent,unavailable,OSError: PdhCollectQueryData=0x-7FFFF82B,process,
0.1,ffbe55b9-da45-4cd6-9d6b-000e22678788,1787665037791,163967,psutil,process_cpu_pct_raw,340.2,percent,ok,,process,
0.1,ffbe55b9-da45-4cd6-9d6b-000e22678788,1787665037791,163967,psutil,process_cpu_pct,17.009999999999998,percent,ok,,process,
0.1,ffbe55b9-da45-4cd6-9d6b-000e22678788,1787665037791,163967,psutil,process_memory_mb,3262.35546875,MiB,ok,,process,
0.1,ffbe55b9-da45-4cd6-9d6b-000e22678788,1787665035000,161176,presentmon,app_fps,201.00430149205192,fps,ok,,process,201
0.1,ffbe55b9-da45-4cd6-9d6b-000e22678788,1787665035000,161176,presentmon,frame_time_avg_ms,4.975017910447761,ms,ok,,process,201
0.1,ffbe55b9-da45-4cd6-9d6b-000e22678788,1787665035000,161176,presentmon,frame_time_p95_ms,7.7407,ms,ok,,process,201
0.1,ffbe55b9-da45-4cd6-9d6b-000e22678788,1787665035000,161176,presentmon,gpu_busy_median_ms,3.8304,ms,ok,,process,201
0.1,ffbe55b9-da45-4cd6-9d6b-000e22678788,1787665035000,161176,presentmon,gpu_busy_p95_ms,5.1622,ms,ok,,process,201
0.1,ffbe55b9-da45-4cd6-9d6b-000e22678788,1787665037791,163967,windows_pdh,process_gpu_pct,,percent,unavailable,OSError: PdhCollectQueryData=0x-7FFFF82B,process,
0.1,ffbe55b9-da45-4cd6-9d6b-000e22678788,1787665037791,163967,nvidia-smi,device_gpu_util_pct,83.0,percent,ok,,device,
0.1,ffbe55b9-da45-4cd6-9d6b-000e22678788,1787665037791,163967,nvidia-smi,device_vram_used_mb,2098.0,MiB,ok,,device,
0.1,ffbe55b9-da45-4cd6-9d6b-000e22678788,1787665037791,163967,nvidia-smi,device_gpu_temperature_c,65.0,celsius,ok,,device,
0.1,ffbe55b9-da45-4cd6-9d6b-000e22678788,1787665037791,163967,nvidia-smi,device_gpu_power_w,137.3,watt,ok,,device,
0.1,ffbe55b9-da45-4cd6-9d6b-000e22678788,1787665037791,163967,nvidia-smi,device_gpu_clock_mhz,1965.0,MHz,ok,,device,
0.1,ffbe55b9-da45-4cd6-9d6b-000e22678788,1787665038781,164957,psutil,process_cpu_pct_raw,375.0,percent,ok,,process,
0.1,ffbe55b9-da45-4cd6-9d6b-000e22678788,1787665038781,164957,psutil,process_cpu_pct,18.75,percent,ok,,process,
0.1,ffbe55b9-da45-4cd6-9d6b-000e22678788,1787665038781,164957,psutil,process_memory_mb,3265.3046875,MiB,ok,,process,
0.1,ffbe55b9-da45-4cd6-9d6b-000e22678788,1787665036000,162176,presentmon,app_fps,260.0163290254628,fps,ok,,process,260
0.1,ffbe55b9-da45-4cd6-9d6b-000e22678788,1787665036000,162176,presentmon,frame_time_avg_ms,3.8459123076923074,ms,ok,,process,260
0.1,ffbe55b9-da45-4cd6-9d6b-000e22678788,1787665036000,162176,presentmon,frame_time_p95_ms,6.1429,ms,ok,,process,260
0.1,ffbe55b9-da45-4cd6-9d6b-000e22678788,1787665036000,162176,presentmon,gpu_busy_median_ms,3.46625,ms,ok,,process,260
0.1,ffbe55b9-da45-4cd6-9d6b-000e22678788,1787665036000,162176,presentmon,gpu_busy_p95_ms,3.7773,ms,ok,,process,260
0.1,ffbe55b9-da45-4cd6-9d6b-000e22678788,1787665038781,164957,windows_pdh,process_gpu_pct,,percent,unavailable,OSError: PdhCollectQueryData=0x-7FFFF82B,process,
0.1,ffbe55b9-da45-4cd6-9d6b-000e22678788,1787665039787,165963,psutil,process_cpu_pct_raw,326.6,percent,ok,,process,
0.1,ffbe55b9-da45-4cd6-9d6b-000e22678788,1787665039787,165963,psutil,process_cpu_pct,16.330000000000002,percent,ok,,process,
0.1,ffbe55b9-da45-4cd6-9d6b-000e22678788,1787665039787,165963,psutil,process_memory_mb,3266.3203125,MiB,ok,,process,
0.1,ffbe55b9-da45-4cd6-9d6b-000e22678788,1787665037000,163176,presentmon,app_fps,239.09846074613526,fps,ok,,process,239
0.1,ffbe55b9-da45-4cd6-9d6b-000e22678788,1787665037000,163176,presentmon,frame_time_avg_ms,4.182377405857741,ms,ok,,process,239
0.1,ffbe55b9-da45-4cd6-9d6b-000e22678788,1787665037000,163176,presentmon,frame_time_p95_ms,5.9584,ms,ok,,process,239
0.1,ffbe55b9-da45-4cd6-9d6b-000e22678788,1787665037000,163176,presentmon,gpu_busy_median_ms,3.5759,ms,ok,,process,239
0.1,ffbe55b9-da45-4cd6-9d6b-000e22678788,1787665037000,163176,presentmon,gpu_busy_p95_ms,3.9303,ms,ok,,process,239
0.1,ffbe55b9-da45-4cd6-9d6b-000e22678788,1787665039787,165963,windows_pdh,process_gpu_pct,,percent,unavailable,OSError: PdhCollectQueryData=0x-7FFFF82B,process,
0.1,ffbe55b9-da45-4cd6-9d6b-000e22678788,1787665040792,166968,psutil,process_cpu_pct_raw,246.9,percent,ok,,process,
0.1,ffbe55b9-da45-4cd6-9d6b-000e22678788,1787665040792,166968,psutil,process_cpu_pct,12.345,percent,ok,,process,
0.1,ffbe55b9-da45-4cd6-9d6b-000e22678788,1787665040792,166968,psutil,process_memory_mb,3300.46875,MiB,ok,,process,
0.1,ffbe55b9-da45-4cd6-9d6b-000e22678788,1787665038000,164176,presentmon,app_fps,266.86664673662574,fps,ok,,process,267
0.1,ffbe55b9-da45-4cd6-9d6b-000e22678788,1787665038000,164176,presentmon,frame_time_avg_ms,3.7471898876404492,ms,ok,,process,267
0.1,ffbe55b9-da45-4cd6-9d6b-000e22678788,1787665038000,164176,presentmon,frame_time_p95_ms,5.2703,ms,ok,,process,267
0.1,ffbe55b9-da45-4cd6-9d6b-000e22678788,1787665038000,164176,presentmon,gpu_busy_median_ms,3.467,ms,ok,,process,267
0.1,ffbe55b9-da45-4cd6-9d6b-000e22678788,1787665038000,164176,presentmon,gpu_busy_p95_ms,3.7948,ms,ok,,process,267
0.1,ffbe55b9-da45-4cd6-9d6b-000e22678788,1787665040792,166968,windows_pdh,process_gpu_pct,,percent,unavailable,OSError: PdhCollectQueryData=0x-7FFFF82B,process,
0.1,ffbe55b9-da45-4cd6-9d6b-000e22678788,1787665041767,167943,psutil,process_cpu_pct_raw,409.3,percent,ok,,process,
0.1,ffbe55b9-da45-4cd6-9d6b-000e22678788,1787665041767,167943,psutil,process_cpu_pct,20.465,percent,ok,,process,
0.1,ffbe55b9-da45-4cd6-9d6b-000e22678788,1787665041767,167943,psutil,process_memory_mb,3464.08203125,MiB,ok,,process,
0.1,ffbe55b9-da45-4cd6-9d6b-000e22678788,1787665041767,167943,windows_pdh,process_gpu_pct,,percent,unavailable,OSError: PdhCollectQueryData=0x-7FFFF82B,process,
0.1,ffbe55b9-da45-4cd6-9d6b-000e22678788,1787665042772,168948,psutil,process_cpu_pct_raw,406.2,percent,ok,,process,
0.1,ffbe55b9-da45-4cd6-9d6b-000e22678788,1787665042772,168948,psutil,process_cpu_pct,20.31,percent,ok,,process,
0.1,ffbe55b9-da45-4cd6-9d6b-000e22678788,1787665042772,168948,psutil,process_memory_mb,3500.9375,MiB,ok,,process,
0.1,ffbe55b9-da45-4cd6-9d6b-000e22678788,1787665039000,165176,presentmon,app_fps,142.27942584779385,fps,ok,,process,143
0.1,ffbe55b9-da45-4cd6-9d6b-000e22678788,1787665039000,165176,presentmon,frame_time_avg_ms,7.028423076923077,ms,ok,,process,143
0.1,ffbe55b9-da45-4cd6-9d6b-000e22678788,1787665039000,165176,presentmon,frame_time_p95_ms,5.2081,ms,ok,,process,143
0.1,ffbe55b9-da45-4cd6-9d6b-000e22678788,1787665039000,165176,presentmon,gpu_busy_median_ms,3.4674,ms,ok,,process,143
0.1,ffbe55b9-da45-4cd6-9d6b-000e22678788,1787665039000,165176,presentmon,gpu_busy_p95_ms,3.8588,ms,ok,,process,143
0.1,ffbe55b9-da45-4cd6-9d6b-000e22678788,1787665040000,166176,presentmon,app_fps,57.333265719619966,fps,ok,,process,58
0.1,ffbe55b9-da45-4cd6-9d6b-000e22678788,1787665040000,166176,presentmon,frame_time_avg_ms,17.44188103448276,ms,ok,,process,58
0.1,ffbe55b9-da45-4cd6-9d6b-000e22678788,1787665040000,166176,presentmon,frame_time_p95_ms,22.8301,ms,ok,,process,58
0.1,ffbe55b9-da45-4cd6-9d6b-000e22678788,1787665040000,166176,presentmon,gpu_busy_median_ms,0.51555,ms,ok,,process,58
0.1,ffbe55b9-da45-4cd6-9d6b-000e22678788,1787665040000,166176,presentmon,gpu_busy_p95_ms,0.8239,ms,ok,,process,58
0.1,ffbe55b9-da45-4cd6-9d6b-000e22678788,1787665042772,168948,windows_pdh,process_gpu_pct,,percent,unavailable,OSError: PdhCollectQueryData=0x-7FFFF82B,process,
0.1,ffbe55b9-da45-4cd6-9d6b-000e22678788,1787665043778,169954,psutil,process_cpu_pct_raw,563.4,percent,ok,,process,
0.1,ffbe55b9-da45-4cd6-9d6b-000e22678788,1787665043778,169954,psutil,process_cpu_pct,28.169999999999998,percent,ok,,process,
0.1,ffbe55b9-da45-4cd6-9d6b-000e22678788,1787665043778,169954,psutil,process_memory_mb,4057.84375,MiB,ok,,process,
0.1,ffbe55b9-da45-4cd6-9d6b-000e22678788,1787665043778,169954,windows_pdh,process_gpu_pct,,percent,unavailable,OSError: PdhCollectQueryData=0x-7FFFF82B,process,
0.1,ffbe55b9-da45-4cd6-9d6b-000e22678788,1787665043778,169954,nvidia-smi,device_gpu_util_pct,5.0,percent,ok,,device,
0.1,ffbe55b9-da45-4cd6-9d6b-000e22678788,1787665043778,169954,nvidia-smi,device_vram_used_mb,1968.0,MiB,ok,,device,
0.1,ffbe55b9-da45-4cd6-9d6b-000e22678788,1787665043778,169954,nvidia-smi,device_gpu_temperature_c,57.0,celsius,ok,,device,
0.1,ffbe55b9-da45-4cd6-9d6b-000e22678788,1787665043778,169954,nvidia-smi,device_gpu_power_w,35.69,watt,ok,,device,
0.1,ffbe55b9-da45-4cd6-9d6b-000e22678788,1787665043778,169954,nvidia-smi,device_gpu_clock_mhz,420.0,MHz,ok,,device,
0.1,ffbe55b9-da45-4cd6-9d6b-000e22678788,1787665044783,170959,psutil,process_cpu_pct_raw,701.6,percent,ok,,process,
0.1,ffbe55b9-da45-4cd6-9d6b-000e22678788,1787665044783,170959,psutil,process_cpu_pct,35.08,percent,ok,,process,
0.1,ffbe55b9-da45-4cd6-9d6b-000e22678788,1787665044783,170959,psutil,process_memory_mb,5152.703125,MiB,ok,,process,
0.1,ffbe55b9-da45-4cd6-9d6b-000e22678788,1787665041000,167176,presentmon,app_fps,60.72543823018544,fps,ok,,process,60
0.1,ffbe55b9-da45-4cd6-9d6b-000e22678788,1787665041000,167176,presentmon,frame_time_avg_ms,16.467563333333334,ms,ok,,process,60
0.1,ffbe55b9-da45-4cd6-9d6b-000e22678788,1787665041000,167176,presentmon,frame_time_p95_ms,17.7958,ms,ok,,process,60
0.1,ffbe55b9-da45-4cd6-9d6b-000e22678788,1787665041000,167176,presentmon,gpu_busy_median_ms,0.5717,ms,ok,,process,60
0.1,ffbe55b9-da45-4cd6-9d6b-000e22678788,1787665041000,167176,presentmon,gpu_busy_p95_ms,0.835,ms,ok,,process,60
0.1,ffbe55b9-da45-4cd6-9d6b-000e22678788,1787665044783,170959,windows_pdh,process_gpu_pct,,percent,unavailable,OSError: PdhCollectQueryData=0x-7FFFF82B,process,
0.1,ffbe55b9-da45-4cd6-9d6b-000e22678788,1787665045789,171965,psutil,process_cpu_pct_raw,426.6,percent,ok,,process,
0.1,ffbe55b9-da45-4cd6-9d6b-000e22678788,1787665045789,171965,psutil,process_cpu_pct,21.330000000000002,percent,ok,,process,
0.1,ffbe55b9-da45-4cd6-9d6b-000e22678788,1787665045789,171965,psutil,process_memory_mb,5497.3671875,MiB,ok,,process,
0.1,ffbe55b9-da45-4cd6-9d6b-000e22678788,1787665042000,168176,presentmon,app_fps,60.67226058278392,fps,ok,,process,61
0.1,ffbe55b9-da45-4cd6-9d6b-000e22678788,1787665042000,168176,presentmon,frame_time_avg_ms,16.481996721311475,ms,ok,,process,61
0.1,ffbe55b9-da45-4cd6-9d6b-000e22678788,1787665042000,168176,presentmon,frame_time_p95_ms,17.9895,ms,ok,,process,61
0.1,ffbe55b9-da45-4cd6-9d6b-000e22678788,1787665042000,168176,presentmon,gpu_busy_median_ms,0.8668,ms,ok,,process,61
0.1,ffbe55b9-da45-4cd6-9d6b-000e22678788,1787665042000,168176,presentmon,gpu_busy_p95_ms,1.1776,ms,ok,,process,61
0.1,ffbe55b9-da45-4cd6-9d6b-000e22678788,1787665045789,171965,windows_pdh,process_gpu_pct,,percent,unavailable,OSError: PdhCollectQueryData=0x-7FFFF82B,process,
0.1,ffbe55b9-da45-4cd6-9d6b-000e22678788,1787665046779,172955,psutil,process_cpu_pct_raw,279.7,percent,ok,,process,
0.1,ffbe55b9-da45-4cd6-9d6b-000e22678788,1787665046779,172955,psutil,process_cpu_pct,13.985,percent,ok,,process,
0.1,ffbe55b9-da45-4cd6-9d6b-000e22678788,1787665046779,172955,psutil,process_memory_mb,5416.33984375,MiB,ok,,process,
0.1,ffbe55b9-da45-4cd6-9d6b-000e22678788,1787665043000,169176,presentmon,app_fps,60.46736435255376,fps,ok,,process,60
0.1,ffbe55b9-da45-4cd6-9d6b-000e22678788,1787665043000,169176,presentmon,frame_time_avg_ms,16.537846666666667,ms,ok,,process,60
0.1,ffbe55b9-da45-4cd6-9d6b-000e22678788,1787665043000,169176,presentmon,frame_time_p95_ms,18.5953,ms,ok,,process,60
0.1,ffbe55b9-da45-4cd6-9d6b-000e22678788,1787665043000,169176,presentmon,gpu_busy_median_ms,1.03935,ms,ok,,process,60
0.1,ffbe55b9-da45-4cd6-9d6b-000e22678788,1787665043000,169176,presentmon,gpu_busy_p95_ms,1.5007,ms,ok,,process,60
0.1,ffbe55b9-da45-4cd6-9d6b-000e22678788,1787665046779,172955,windows_pdh,process_gpu_pct,,percent,unavailable,OSError: PdhCollectQueryData=0x-7FFFF82B,process,
0.1,ffbe55b9-da45-4cd6-9d6b-000e22678788,1787665047785,173961,psutil,process_cpu_pct_raw,215.6,percent,ok,,process,
0.1,ffbe55b9-da45-4cd6-9d6b-000e22678788,1787665047785,173961,psutil,process_cpu_pct,10.78,percent,ok,,process,
0.1,ffbe55b9-da45-4cd6-9d6b-000e22678788,1787665047785,173961,psutil,process_memory_mb,5413.69140625,MiB,ok,,process,
0.1,ffbe55b9-da45-4cd6-9d6b-000e22678788,1787665044000,170176,presentmon,app_fps,60.24118397430447,fps,ok,,process,61
0.1,ffbe55b9-da45-4cd6-9d6b-000e22678788,1787665044000,170176,presentmon,frame_time_avg_ms,16.599939344262296,ms,ok,,process,61
0.1,ffbe55b9-da45-4cd6-9d6b-000e22678788,1787665044000,170176,presentmon,frame_time_p95_ms,18.7423,ms,ok,,process,61
0.1,ffbe55b9-da45-4cd6-9d6b-000e22678788,1787665044000,170176,presentmon,gpu_busy_median_ms,1.7438,ms,ok,,process,61
0.1,ffbe55b9-da45-4cd6-9d6b-000e22678788,1787665044000,170176,presentmon,gpu_busy_p95_ms,2.3773,ms,ok,,process,61
0.1,ffbe55b9-da45-4cd6-9d6b-000e22678788,1787665047785,173961,windows_pdh,process_gpu_pct,,percent,unavailable,OSError: PdhCollectQueryData=0x-7FFFF82B,process,
0.1,ffbe55b9-da45-4cd6-9d6b-000e22678788,1787665048775,174951,psutil,process_cpu_pct_raw,277.6,percent,ok,,process,
0.1,ffbe55b9-da45-4cd6-9d6b-000e22678788,1787665048775,174951,psutil,process_cpu_pct,13.88,percent,ok,,process,
0.1,ffbe55b9-da45-4cd6-9d6b-000e22678788,1787665048775,174951,psutil,process_memory_mb,5401.3984375,MiB,ok,,process,
0.1,ffbe55b9-da45-4cd6-9d6b-000e22678788,1787665048775,174951,windows_pdh,process_gpu_pct,,percent,unavailable,OSError: PdhCollectQueryData=0x-7FFFF82B,process,
0.1,ffbe55b9-da45-4cd6-9d6b-000e22678788,1787665049780,175956,psutil,process_cpu_pct_raw,280.2,percent,ok,,process,
0.1,ffbe55b9-da45-4cd6-9d6b-000e22678788,1787665049780,175956,psutil,process_cpu_pct,14.01,percent,ok,,process,
0.1,ffbe55b9-da45-4cd6-9d6b-000e22678788,1787665049780,175956,psutil,process_memory_mb,5180.390625,MiB,ok,,process,
0.1,ffbe55b9-da45-4cd6-9d6b-000e22678788,1787665045000,171176,presentmon,app_fps,60.92223469661387,fps,ok,,process,60
0.1,ffbe55b9-da45-4cd6-9d6b-000e22678788,1787665045000,171176,presentmon,frame_time_avg_ms,16.414368333333336,ms,ok,,process,60
0.1,ffbe55b9-da45-4cd6-9d6b-000e22678788,1787665045000,171176,presentmon,frame_time_p95_ms,20.3999,ms,ok,,process,60
0.1,ffbe55b9-da45-4cd6-9d6b-000e22678788,1787665045000,171176,presentmon,gpu_busy_median_ms,3.4991,ms,ok,,process,60
0.1,ffbe55b9-da45-4cd6-9d6b-000e22678788,1787665045000,171176,presentmon,gpu_busy_p95_ms,3.9444,ms,ok,,process,60
0.1,ffbe55b9-da45-4cd6-9d6b-000e22678788,1787665046000,172176,presentmon,app_fps,60.74037135667304,fps,ok,,process,61
0.1,ffbe55b9-da45-4cd6-9d6b-000e22678788,1787665046000,172176,presentmon,frame_time_avg_ms,16.463514754098362,ms,ok,,process,61
0.1,ffbe55b9-da45-4cd6-9d6b-000e22678788,1787665046000,172176,presentmon,frame_time_p95_ms,18.4161,ms,ok,,process,61
0.1,ffbe55b9-da45-4cd6-9d6b-000e22678788,1787665046000,172176,presentmon,gpu_busy_median_ms,3.6009,ms,ok,,process,61
0.1,ffbe55b9-da45-4cd6-9d6b-000e22678788,1787665046000,172176,presentmon,gpu_busy_p95_ms,5.6701,ms,ok,,process,61
0.1,ffbe55b9-da45-4cd6-9d6b-000e22678788,1787665049780,175956,windows_pdh,process_gpu_pct,,percent,unavailable,OSError: PdhCollectQueryData=0x-7FFFF82B,process,
0.1,ffbe55b9-da45-4cd6-9d6b-000e22678788,1787665049780,175956,nvidia-smi,device_gpu_util_pct,25.0,percent,ok,,device,
0.1,ffbe55b9-da45-4cd6-9d6b-000e22678788,1787665049780,175956,nvidia-smi,device_vram_used_mb,2761.0,MiB,ok,,device,
0.1,ffbe55b9-da45-4cd6-9d6b-000e22678788,1787665049780,175956,nvidia-smi,device_gpu_temperature_c,54.0,celsius,ok,,device,
0.1,ffbe55b9-da45-4cd6-9d6b-000e22678788,1787665049780,175956,nvidia-smi,device_gpu_power_w,22.88,watt,ok,,device,
0.1,ffbe55b9-da45-4cd6-9d6b-000e22678788,1787665049780,175956,nvidia-smi,device_gpu_clock_mhz,420.0,MHz,ok,,device,
0.1,ffbe55b9-da45-4cd6-9d6b-000e22678788,1787665050786,176962,psutil,process_cpu_pct_raw,260.9,percent,ok,,process,
0.1,ffbe55b9-da45-4cd6-9d6b-000e22678788,1787665050786,176962,psutil,process_cpu_pct,13.044999999999998,percent,ok,,process,
0.1,ffbe55b9-da45-4cd6-9d6b-000e22678788,1787665050786,176962,psutil,process_memory_mb,5275.328125,MiB,ok,,process,
0.1,ffbe55b9-da45-4cd6-9d6b-000e22678788,1787665050786,176962,windows_pdh,process_gpu_pct,,percent,unavailable,OSError: PdhCollectQueryData=0x-7FFFF82B,process,
0.1,ffbe55b9-da45-4cd6-9d6b-000e22678788,1787665051776,177952,psutil,process_cpu_pct_raw,913.7,percent,ok,,process,
0.1,ffbe55b9-da45-4cd6-9d6b-000e22678788,1787665051776,177952,psutil,process_cpu_pct,45.685,percent,ok,,process,
0.1,ffbe55b9-da45-4cd6-9d6b-000e22678788,1787665051776,177952,psutil,process_memory_mb,5455.1796875,MiB,ok,,process,
0.1,ffbe55b9-da45-4cd6-9d6b-000e22678788,1787665047000,173176,presentmon,app_fps,33.282666636835536,fps,ok,,process,36
0.1,ffbe55b9-da45-4cd6-9d6b-000e22678788,1787665047000,173176,presentmon,frame_time_avg_ms,30.045669444444442,ms,ok,,process,36
0.1,ffbe55b9-da45-4cd6-9d6b-000e22678788,1787665047000,173176,presentmon,frame_time_p95_ms,118.8969,ms,ok,,process,36
0.1,ffbe55b9-da45-4cd6-9d6b-000e22678788,1787665047000,173176,presentmon,gpu_busy_median_ms,3.43635,ms,ok,,process,36
0.1,ffbe55b9-da45-4cd6-9d6b-000e22678788,1787665047000,173176,presentmon,gpu_busy_p95_ms,25.0394,ms,ok,,process,36
0.1,ffbe55b9-da45-4cd6-9d6b-000e22678788,1787665051776,177952,windows_pdh,process_gpu_pct,,percent,unavailable,OSError: PdhCollectQueryData=0x-7FFFF82B,process,
0.1,ffbe55b9-da45-4cd6-9d6b-000e22678788,1787665052781,178957,psutil,process_cpu_pct_raw,404.9,percent,ok,,process,
0.1,ffbe55b9-da45-4cd6-9d6b-000e22678788,1787665052781,178957,psutil,process_cpu_pct,20.244999999999997,percent,ok,,process,
0.1,ffbe55b9-da45-4cd6-9d6b-000e22678788,1787665052781,178957,psutil,process_memory_mb,5517.08984375,MiB,ok,,process,
0.1,ffbe55b9-da45-4cd6-9d6b-000e22678788,1787665048000,174176,presentmon,app_fps,5.196362753926762,fps,ok,,process,5
0.1,ffbe55b9-da45-4cd6-9d6b-000e22678788,1787665048000,174176,presentmon,frame_time_avg_ms,192.4423,ms,ok,,process,5
0.1,ffbe55b9-da45-4cd6-9d6b-000e22678788,1787665048000,174176,presentmon,frame_time_p95_ms,303.6566,ms,ok,,process,5
0.1,ffbe55b9-da45-4cd6-9d6b-000e22678788,1787665048000,174176,presentmon,gpu_busy_median_ms,8.0114,ms,ok,,process,5
0.1,ffbe55b9-da45-4cd6-9d6b-000e22678788,1787665048000,174176,presentmon,gpu_busy_p95_ms,82.0016,ms,ok,,process,5
0.1,ffbe55b9-da45-4cd6-9d6b-000e22678788,1787665052781,178957,windows_pdh,process_gpu_pct,,percent,unavailable,OSError: PdhCollectQueryData=0x-7FFFF82B,process,
0.1,ffbe55b9-da45-4cd6-9d6b-000e22678788,1787665053771,179947,psutil,process_cpu_pct_raw,331.5,percent,ok,,process,
0.1,ffbe55b9-da45-4cd6-9d6b-000e22678788,1787665053771,179947,psutil,process_cpu_pct,16.575,percent,ok,,process,
0.1,ffbe55b9-da45-4cd6-9d6b-000e22678788,1787665053771,179947,psutil,process_memory_mb,5505.74609375,MiB,ok,,process,
0.1,ffbe55b9-da45-4cd6-9d6b-000e22678788,1787665049000,175176,presentmon,app_fps,2.3055484579886705,fps,ok,,process,4
0.1,ffbe55b9-da45-4cd6-9d6b-000e22678788,1787665049000,175176,presentmon,frame_time_avg_ms,433.73627500000003,ms,ok,,process,4
0.1,ffbe55b9-da45-4cd6-9d6b-000e22678788,1787665049000,175176,presentmon,frame_time_p95_ms,1179.294,ms,ok,,process,4
0.1,ffbe55b9-da45-4cd6-9d6b-000e22678788,1787665049000,175176,presentmon,gpu_busy_median_ms,3.217,ms,ok,,process,4
0.1,ffbe55b9-da45-4cd6-9d6b-000e22678788,1787665049000,175176,presentmon,gpu_busy_p95_ms,304.4685,ms,ok,,process,4
0.1,ffbe55b9-da45-4cd6-9d6b-000e22678788,1787665053771,179947,windows_pdh,process_gpu_pct,,percent,unavailable,OSError: PdhCollectQueryData=0x-7FFFF82B,process,
0.1,ffbe55b9-da45-4cd6-9d6b-000e22678788,1787665054777,180953,psutil,process_cpu_pct_raw,172.4,percent,ok,,process,
0.1,ffbe55b9-da45-4cd6-9d6b-000e22678788,1787665054777,180953,psutil,process_cpu_pct,8.620000000000001,percent,ok,,process,
0.1,ffbe55b9-da45-4cd6-9d6b-000e22678788,1787665054777,180953,psutil,process_memory_mb,5508.90234375,MiB,ok,,process,
0.1,ffbe55b9-da45-4cd6-9d6b-000e22678788,1787665050000,176176,presentmon,app_fps,45.885535777869954,fps,ok,,process,10
0.1,ffbe55b9-da45-4cd6-9d6b-000e22678788,1787665050000,176176,presentmon,frame_time_avg_ms,21.79336,ms,ok,,process,10
0.1,ffbe55b9-da45-4cd6-9d6b-000e22678788,1787665050000,176176,presentmon,frame_time_p95_ms,111.6067,ms,ok,,process,10
0.1,ffbe55b9-da45-4cd6-9d6b-000e22678788,1787665050000,176176,presentmon,gpu_busy_median_ms,0.46155,ms,ok,,process,10
0.1,ffbe55b9-da45-4cd6-9d6b-000e22678788,1787665050000,176176,presentmon,gpu_busy_p95_ms,29.5305,ms,ok,,process,10
0.1,ffbe55b9-da45-4cd6-9d6b-000e22678788,1787665051000,177176,presentmon,app_fps,9.895901058406201,fps,ok,,process,10
0.1,ffbe55b9-da45-4cd6-9d6b-000e22678788,1787665051000,177176,presentmon,frame_time_avg_ms,101.05194,ms,ok,,process,10
0.1,ffbe55b9-da45-4cd6-9d6b-000e22678788,1787665051000,177176,presentmon,frame_time_p95_ms,602.405,ms,ok,,process,10
0.1,ffbe55b9-da45-4cd6-9d6b-000e22678788,1787665051000,177176,presentmon,gpu_busy_median_ms,0.6767,ms,ok,,process,10
0.1,ffbe55b9-da45-4cd6-9d6b-000e22678788,1787665051000,177176,presentmon,gpu_busy_p95_ms,37.3326,ms,ok,,process,10
0.1,ffbe55b9-da45-4cd6-9d6b-000e22678788,1787665054777,180953,windows_pdh,process_gpu_pct,,percent,unavailable,OSError: PdhCollectQueryData=0x-7FFFF82B,process,
0.1,ffbe55b9-da45-4cd6-9d6b-000e22678788,1787665054777,180953,nvidia-smi,device_gpu_util_pct,29.0,percent,ok,,device,
0.1,ffbe55b9-da45-4cd6-9d6b-000e22678788,1787665054777,180953,nvidia-smi,device_vram_used_mb,3928.0,MiB,ok,,device,
0.1,ffbe55b9-da45-4cd6-9d6b-000e22678788,1787665054777,180953,nvidia-smi,device_gpu_temperature_c,53.0,celsius,ok,,device,
0.1,ffbe55b9-da45-4cd6-9d6b-000e22678788,1787665054777,180953,nvidia-smi,device_gpu_power_w,40.19,watt,ok,,device,
0.1,ffbe55b9-da45-4cd6-9d6b-000e22678788,1787665054777,180953,nvidia-smi,device_gpu_clock_mhz,1335.0,MHz,ok,,device,
0.1,ffbe55b9-da45-4cd6-9d6b-000e22678788,1787665055767,181943,psutil,process_cpu_pct_raw,177.7,percent,ok,,process,
0.1,ffbe55b9-da45-4cd6-9d6b-000e22678788,1787665055767,181943,psutil,process_cpu_pct,8.885,percent,ok,,process,
0.1,ffbe55b9-da45-4cd6-9d6b-000e22678788,1787665055767,181943,psutil,process_memory_mb,5559.13671875,MiB,ok,,process,
0.1,ffbe55b9-da45-4cd6-9d6b-000e22678788,1787665055767,181943,windows_pdh,process_gpu_pct,,percent,unavailable,OSError: PdhCollectQueryData=0x-7FFFF82B,process,
0.1,ffbe55b9-da45-4cd6-9d6b-000e22678788,1787665056788,182964,psutil,process_cpu_pct_raw,150.9,percent,ok,,process,
0.1,ffbe55b9-da45-4cd6-9d6b-000e22678788,1787665056788,182964,psutil,process_cpu_pct,7.545,percent,ok,,process,
0.1,ffbe55b9-da45-4cd6-9d6b-000e22678788,1787665056788,182964,psutil,process_memory_mb,5580.83984375,MiB,ok,,process,
0.1,ffbe55b9-da45-4cd6-9d6b-000e22678788,1787665052000,178176,presentmon,app_fps,16.512716656164226,fps,ok,,process,31
0.1,ffbe55b9-da45-4cd6-9d6b-000e22678788,1787665052000,178176,presentmon,frame_time_avg_ms,60.55938709677419,ms,ok,,process,31
0.1,ffbe55b9-da45-4cd6-9d6b-000e22678788,1787665052000,178176,presentmon,frame_time_p95_ms,229.748,ms,ok,,process,31
0.1,ffbe55b9-da45-4cd6-9d6b-000e22678788,1787665052000,178176,presentmon,gpu_busy_median_ms,0.6645,ms,ok,,process,31
0.1,ffbe55b9-da45-4cd6-9d6b-000e22678788,1787665052000,178176,presentmon,gpu_busy_p95_ms,90.434,ms,ok,,process,31
0.1,ffbe55b9-da45-4cd6-9d6b-000e22678788,1787665053000,179176,presentmon,app_fps,62.67089008779297,fps,ok,,process,7
0.1,ffbe55b9-da45-4cd6-9d6b-000e22678788,1787665053000,179176,presentmon,frame_time_avg_ms,15.956371428571428,ms,ok,,process,7
0.1,ffbe55b9-da45-4cd6-9d6b-000e22678788,1787665053000,179176,presentmon,frame_time_p95_ms,17.798,ms,ok,,process,7
0.1,ffbe55b9-da45-4cd6-9d6b-000e22678788,1787665053000,179176,presentmon,gpu_busy_median_ms,0.5553,ms,ok,,process,7
0.1,ffbe55b9-da45-4cd6-9d6b-000e22678788,1787665053000,179176,presentmon,gpu_busy_p95_ms,1.1911,ms,ok,,process,7
0.1,ffbe55b9-da45-4cd6-9d6b-000e22678788,1787665056788,182964,windows_pdh,process_gpu_pct,,percent,unavailable,OSError: PdhCollectQueryData=0x-7FFFF82B,process,
0.1,ffbe55b9-da45-4cd6-9d6b-000e22678788,1787665057779,183955,psutil,process_cpu_pct_raw,443.8,percent,ok,,process,
0.1,ffbe55b9-da45-4cd6-9d6b-000e22678788,1787665057779,183955,psutil,process_cpu_pct,22.19,percent,ok,,process,
0.1,ffbe55b9-da45-4cd6-9d6b-000e22678788,1787665057779,183955,psutil,process_memory_mb,5649.64453125,MiB,ok,,process,
0.1,ffbe55b9-da45-4cd6-9d6b-000e22678788,1787665054000,180176,presentmon,app_fps,59.932797354326595,fps,ok,,process,60
0.1,ffbe55b9-da45-4cd6-9d6b-000e22678788,1787665054000,180176,presentmon,frame_time_avg_ms,16.685355,ms,ok,,process,60
0.1,ffbe55b9-da45-4cd6-9d6b-000e22678788,1787665054000,180176,presentmon,frame_time_p95_ms,18.0123,ms,ok,,process,60
0.1,ffbe55b9-da45-4cd6-9d6b-000e22678788,1787665054000,180176,presentmon,gpu_busy_median_ms,0.61155,ms,ok,,process,60
0.1,ffbe55b9-da45-4cd6-9d6b-000e22678788,1787665054000,180176,presentmon,gpu_busy_p95_ms,1.4847,ms,ok,,process,60
0.1,ffbe55b9-da45-4cd6-9d6b-000e22678788,1787665057779,183955,windows_pdh,process_gpu_pct,,percent,unavailable,OSError: PdhCollectQueryData=0x-7FFFF82B,process,
0.1,ffbe55b9-da45-4cd6-9d6b-000e22678788,1787665058789,184965,psutil,process_cpu_pct_raw,1056.2,percent,ok,,process,
0.1,ffbe55b9-da45-4cd6-9d6b-000e22678788,1787665058789,184965,psutil,process_cpu_pct,52.81,percent,ok,,process,
0.1,ffbe55b9-da45-4cd6-9d6b-000e22678788,1787665058789,184965,psutil,process_memory_mb,5724.22265625,MiB,ok,,process,
0.1,ffbe55b9-da45-4cd6-9d6b-000e22678788,1787665055000,181176,presentmon,app_fps,60.607608162473696,fps,ok,,process,61
0.1,ffbe55b9-da45-4cd6-9d6b-000e22678788,1787665055000,181176,presentmon,frame_time_avg_ms,16.49957868852459,ms,ok,,process,61
0.1,ffbe55b9-da45-4cd6-9d6b-000e22678788,1787665055000,181176,presentmon,frame_time_p95_ms,18.5091,ms,ok,,process,61
0.1,ffbe55b9-da45-4cd6-9d6b-000e22678788,1787665055000,181176,presentmon,gpu_busy_median_ms,1.6097,ms,ok,,process,61
0.1,ffbe55b9-da45-4cd6-9d6b-000e22678788,1787665055000,181176,presentmon,gpu_busy_p95_ms,2.5226,ms,ok,,process,61
0.1,ffbe55b9-da45-4cd6-9d6b-000e22678788,1787665056000,182176,presentmon,app_fps,28.248422471717486,fps,ok,,process,29
0.1,ffbe55b9-da45-4cd6-9d6b-000e22678788,1787665056000,182176,presentmon,frame_time_avg_ms,35.40020689655172,ms,ok,,process,29
0.1,ffbe55b9-da45-4cd6-9d6b-000e22678788,1787665056000,182176,presentmon,frame_time_p95_ms,199.5977,ms,ok,,process,29
0.1,ffbe55b9-da45-4cd6-9d6b-000e22678788,1787665056000,182176,presentmon,gpu_busy_median_ms,3.1373,ms,ok,,process,29
0.1,ffbe55b9-da45-4cd6-9d6b-000e22678788,1787665056000,182176,presentmon,gpu_busy_p95_ms,30.6163,ms,ok,,process,29
0.1,ffbe55b9-da45-4cd6-9d6b-000e22678788,1787665058789,184965,windows_pdh,process_gpu_pct,,percent,unavailable,OSError: PdhCollectQueryData=0x-7FFFF82B,process,
0.1,ffbe55b9-da45-4cd6-9d6b-000e22678788,1787665059774,185950,psutil,process_cpu_pct_raw,1386.4,percent,ok,,process,
0.1,ffbe55b9-da45-4cd6-9d6b-000e22678788,1787665059774,185950,psutil,process_cpu_pct,69.32000000000001,percent,ok,,process,
0.1,ffbe55b9-da45-4cd6-9d6b-000e22678788,1787665059774,185950,psutil,process_memory_mb,5901.26953125,MiB,ok,,process,
0.1,ffbe55b9-da45-4cd6-9d6b-000e22678788,1787665059774,185950,windows_pdh,process_gpu_pct,,percent,unavailable,OSError: PdhCollectQueryData=0x-7FFFF82B,process,
0.1,ffbe55b9-da45-4cd6-9d6b-000e22678788,1787665060764,186940,psutil,process_cpu_pct_raw,1362.5,percent,ok,,process,
0.1,ffbe55b9-da45-4cd6-9d6b-000e22678788,1787665060764,186940,psutil,process_cpu_pct,68.125,percent,ok,,process,
0.1,ffbe55b9-da45-4cd6-9d6b-000e22678788,1787665060764,186940,psutil,process_memory_mb,6020.73046875,MiB,ok,,process,
0.1,ffbe55b9-da45-4cd6-9d6b-000e22678788,1787665057000,183176,presentmon,app_fps,16.52100987150991,fps,ok,,process,16
0.1,ffbe55b9-da45-4cd6-9d6b-000e22678788,1787665057000,183176,presentmon,frame_time_avg_ms,60.5289875,ms,ok,,process,16
0.1,ffbe55b9-da45-4cd6-9d6b-000e22678788,1787665057000,183176,presentmon,frame_time_p95_ms,153.0271,ms,ok,,process,16
0.1,ffbe55b9-da45-4cd6-9d6b-000e22678788,1787665057000,183176,presentmon,gpu_busy_median_ms,22.0863,ms,ok,,process,16
0.1,ffbe55b9-da45-4cd6-9d6b-000e22678788,1787665057000,183176,presentmon,gpu_busy_p95_ms,23.2343,ms,ok,,process,16
0.1,ffbe55b9-da45-4cd6-9d6b-000e22678788,1787665058000,184176,presentmon,app_fps,11.423047025448072,fps,ok,,process,12
0.1,ffbe55b9-da45-4cd6-9d6b-000e22678788,1787665058000,184176,presentmon,frame_time_avg_ms,87.54231666666668,ms,ok,,process,12
0.1,ffbe55b9-da45-4cd6-9d6b-000e22678788,1787665058000,184176,presentmon,frame_time_p95_ms,135.6377,ms,ok,,process,12
0.1,ffbe55b9-da45-4cd6-9d6b-000e22678788,1787665058000,184176,presentmon,gpu_busy_median_ms,22.096899999999998,ms,ok,,process,12
0.1,ffbe55b9-da45-4cd6-9d6b-000e22678788,1787665058000,184176,presentmon,gpu_busy_p95_ms,23.3294,ms,ok,,process,12
0.1,ffbe55b9-da45-4cd6-9d6b-000e22678788,1787665060764,186940,windows_pdh,process_gpu_pct,,percent,unavailable,OSError: PdhCollectQueryData=0x-7FFFF82B,process,
0.1,ffbe55b9-da45-4cd6-9d6b-000e22678788,1787665060764,186940,nvidia-smi,device_gpu_util_pct,25.0,percent,ok,,device,
0.1,ffbe55b9-da45-4cd6-9d6b-000e22678788,1787665060764,186940,nvidia-smi,device_vram_used_mb,4389.0,MiB,ok,,device,
0.1,ffbe55b9-da45-4cd6-9d6b-000e22678788,1787665060764,186940,nvidia-smi,device_gpu_temperature_c,53.0,celsius,ok,,device,
0.1,ffbe55b9-da45-4cd6-9d6b-000e22678788,1787665060764,186940,nvidia-smi,device_gpu_power_w,58.92,watt,ok,,device,
0.1,ffbe55b9-da45-4cd6-9d6b-000e22678788,1787665060764,186940,nvidia-smi,device_gpu_clock_mhz,1305.0,MHz,ok,,device,
0.1,ffbe55b9-da45-4cd6-9d6b-000e22678788,1787665061784,187960,psutil,process_cpu_pct_raw,1476.3,percent,ok,,process,
0.1,ffbe55b9-da45-4cd6-9d6b-000e22678788,1787665061784,187960,psutil,process_cpu_pct,73.815,percent,ok,,process,
0.1,ffbe55b9-da45-4cd6-9d6b-000e22678788,1787665061784,187960,psutil,process_memory_mb,6205.86328125,MiB,ok,,process,
0.1,ffbe55b9-da45-4cd6-9d6b-000e22678788,1787665059000,185176,presentmon,app_fps,13.318853349179355,fps,ok,,process,13
0.1,ffbe55b9-da45-4cd6-9d6b-000e22678788,1787665059000,185176,presentmon,frame_time_avg_ms,75.08153846153846,ms,ok,,process,13
0.1,ffbe55b9-da45-4cd6-9d6b-000e22678788,1787665059000,185176,presentmon,frame_time_p95_ms,114.5624,ms,ok,,process,13
0.1,ffbe55b9-da45-4cd6-9d6b-000e22678788,1787665059000,185176,presentmon,gpu_busy_median_ms,26.9099,ms,ok,,process,13
0.1,ffbe55b9-da45-4cd6-9d6b-000e22678788,1787665059000,185176,presentmon,gpu_busy_p95_ms,30.2764,ms,ok,,process,13
0.1,ffbe55b9-da45-4cd6-9d6b-000e22678788,1787665061784,187960,windows_pdh,process_gpu_pct,,percent,unavailable,OSError: PdhCollectQueryData=0x-7FFFF82B,process,
0.1,ffbe55b9-da45-4cd6-9d6b-000e22678788,1787665062775,188951,psutil,process_cpu_pct_raw,1411.8,percent,ok,,process,
0.1,ffbe55b9-da45-4cd6-9d6b-000e22678788,1787665062775,188951,psutil,process_cpu_pct,70.59,percent,ok,,process,
0.1,ffbe55b9-da45-4cd6-9d6b-000e22678788,1787665062775,188951,psutil,process_memory_mb,6364.6640625,MiB,ok,,process,
0.1,ffbe55b9-da45-4cd6-9d6b-000e22678788,1787665060000,186176,presentmon,app_fps,18.26740558998849,fps,ok,,process,18
0.1,ffbe55b9-da45-4cd6-9d6b-000e22678788,1787665060000,186176,presentmon,frame_time_avg_ms,54.74231111111111,ms,ok,,process,18
0.1,ffbe55b9-da45-4cd6-9d6b-000e22678788,1787665060000,186176,presentmon,frame_time_p95_ms,88.4116,ms,ok,,process,18
0.1,ffbe55b9-da45-4cd6-9d6b-000e22678788,1787665060000,186176,presentmon,gpu_busy_median_ms,20.57315,ms,ok,,process,18
0.1,ffbe55b9-da45-4cd6-9d6b-000e22678788,1787665060000,186176,presentmon,gpu_busy_p95_ms,22.2221,ms,ok,,process,18
0.1,ffbe55b9-da45-4cd6-9d6b-000e22678788,1787665062775,188951,windows_pdh,process_gpu_pct,,percent,unavailable,OSError: PdhCollectQueryData=0x-7FFFF82B,process,
0.1,ffbe55b9-da45-4cd6-9d6b-000e22678788,1787665063788,189964,psutil,process_cpu_pct_raw,1390.1,percent,ok,,process,
0.1,ffbe55b9-da45-4cd6-9d6b-000e22678788,1787665063788,189964,psutil,process_cpu_pct,69.505,percent,ok,,process,
0.1,ffbe55b9-da45-4cd6-9d6b-000e22678788,1787665063788,189964,psutil,process_memory_mb,6530.10546875,MiB,ok,,process,
0.1,ffbe55b9-da45-4cd6-9d6b-000e22678788,1787665063788,189964,windows_pdh,process_gpu_pct,,percent,unavailable,OSError: PdhCollectQueryData=0x-7FFFF82B,process,
0.1,ffbe55b9-da45-4cd6-9d6b-000e22678788,1787665064797,190973,psutil,process_cpu_pct_raw,1145.7,percent,ok,,process,
0.1,ffbe55b9-da45-4cd6-9d6b-000e22678788,1787665064797,190973,psutil,process_cpu_pct,57.285000000000004,percent,ok,,process,
0.1,ffbe55b9-da45-4cd6-9d6b-000e22678788,1787665064797,190973,psutil,process_memory_mb,6682.55859375,MiB,ok,,process,
0.1,ffbe55b9-da45-4cd6-9d6b-000e22678788,1787665061000,187176,presentmon,app_fps,16.021470372446114,fps,ok,,process,16
0.1,ffbe55b9-da45-4cd6-9d6b-000e22678788,1787665061000,187176,presentmon,frame_time_avg_ms,62.41624375,ms,ok,,process,16
0.1,ffbe55b9-da45-4cd6-9d6b-000e22678788,1787665061000,187176,presentmon,frame_time_p95_ms,120.3176,ms,ok,,process,16
0.1,ffbe55b9-da45-4cd6-9d6b-000e22678788,1787665061000,187176,presentmon,gpu_busy_median_ms,21.36075,ms,ok,,process,16
0.1,ffbe55b9-da45-4cd6-9d6b-000e22678788,1787665061000,187176,presentmon,gpu_busy_p95_ms,24.6302,ms,ok,,process,16
0.1,ffbe55b9-da45-4cd6-9d6b-000e22678788,1787665064797,190973,windows_pdh,process_gpu_pct,,percent,unavailable,OSError: PdhCollectQueryData=0x-7FFFF82B,process,
0.1,ffbe55b9-da45-4cd6-9d6b-000e22678788,1787665065776,191952,psutil,process_cpu_pct_raw,1292.6,percent,ok,,process,
0.1,ffbe55b9-da45-4cd6-9d6b-000e22678788,1787665065776,191952,psutil,process_cpu_pct,64.63,percent,ok,,process,
0.1,ffbe55b9-da45-4cd6-9d6b-000e22678788,1787665065776,191952,psutil,process_memory_mb,6864.97265625,MiB,ok,,process,
0.1,ffbe55b9-da45-4cd6-9d6b-000e22678788,1787665062000,188176,presentmon,app_fps,16.88651418144361,fps,ok,,process,17
0.1,ffbe55b9-da45-4cd6-9d6b-000e22678788,1787665062000,188176,presentmon,frame_time_avg_ms,59.21885294117647,ms,ok,,process,17
0.1,ffbe55b9-da45-4cd6-9d6b-000e22678788,1787665062000,188176,presentmon,frame_time_p95_ms,82.0834,ms,ok,,process,17
0.1,ffbe55b9-da45-4cd6-9d6b-000e22678788,1787665062000,188176,presentmon,gpu_busy_median_ms,21.082,ms,ok,,process,17
0.1,ffbe55b9-da45-4cd6-9d6b-000e22678788,1787665062000,188176,presentmon,gpu_busy_p95_ms,23.0883,ms,ok,,process,17
0.1,ffbe55b9-da45-4cd6-9d6b-000e22678788,1787665063000,189176,presentmon,app_fps,20.51500677630212,fps,ok,,process,21
0.1,ffbe55b9-da45-4cd6-9d6b-000e22678788,1787665063000,189176,presentmon,frame_time_avg_ms,48.74480476190476,ms,ok,,process,21
0.1,ffbe55b9-da45-4cd6-9d6b-000e22678788,1787665063000,189176,presentmon,frame_time_p95_ms,67.7963,ms,ok,,process,21
0.1,ffbe55b9-da45-4cd6-9d6b-000e22678788,1787665063000,189176,presentmon,gpu_busy_median_ms,20.898,ms,ok,,process,21
0.1,ffbe55b9-da45-4cd6-9d6b-000e22678788,1787665063000,189176,presentmon,gpu_busy_p95_ms,21.8113,ms,ok,,process,21
0.1,ffbe55b9-da45-4cd6-9d6b-000e22678788,1787665065776,191952,windows_pdh,process_gpu_pct,,percent,unavailable,OSError: PdhCollectQueryData=0x-7FFFF82B,process,
0.1,ffbe55b9-da45-4cd6-9d6b-000e22678788,1787665065776,191952,nvidia-smi,device_gpu_util_pct,41.0,percent,ok,,device,
0.1,ffbe55b9-da45-4cd6-9d6b-000e22678788,1787665065776,191952,nvidia-smi,device_vram_used_mb,4467.0,MiB,ok,,device,
0.1,ffbe55b9-da45-4cd6-9d6b-000e22678788,1787665065776,191952,nvidia-smi,device_gpu_temperature_c,58.0,celsius,ok,,device,
0.1,ffbe55b9-da45-4cd6-9d6b-000e22678788,1787665065776,191952,nvidia-smi,device_gpu_power_w,109.65,watt,ok,,device,
0.1,ffbe55b9-da45-4cd6-9d6b-000e22678788,1787665065776,191952,nvidia-smi,device_gpu_clock_mhz,1980.0,MHz,ok,,device,
0.1,ffbe55b9-da45-4cd6-9d6b-000e22678788,1787665066781,192957,psutil,process_cpu_pct_raw,1292.2,percent,ok,,process,
0.1,ffbe55b9-da45-4cd6-9d6b-000e22678788,1787665066781,192957,psutil,process_cpu_pct,64.61,percent,ok,,process,
0.1,ffbe55b9-da45-4cd6-9d6b-000e22678788,1787665066781,192957,psutil,process_memory_mb,7021.5234375,MiB,ok,,process,
0.1,ffbe55b9-da45-4cd6-9d6b-000e22678788,1787665064000,190176,presentmon,app_fps,26.99692068969241,fps,ok,,process,26
0.1,ffbe55b9-da45-4cd6-9d6b-000e22678788,1787665064000,190176,presentmon,frame_time_avg_ms,37.04126153846154,ms,ok,,process,26
0.1,ffbe55b9-da45-4cd6-9d6b-000e22678788,1787665064000,190176,presentmon,frame_time_p95_ms,67.1486,ms,ok,,process,26
0.1,ffbe55b9-da45-4cd6-9d6b-000e22678788,1787665064000,190176,presentmon,gpu_busy_median_ms,20.46705,ms,ok,,process,26
0.1,ffbe55b9-da45-4cd6-9d6b-000e22678788,1787665064000,190176,presentmon,gpu_busy_p95_ms,21.4676,ms,ok,,process,26
0.1,ffbe55b9-da45-4cd6-9d6b-000e22678788,1787665066781,192957,windows_pdh,process_gpu_pct,,percent,unavailable,OSError: PdhCollectQueryData=0x-7FFFF82B,process,
0.1,ffbe55b9-da45-4cd6-9d6b-000e22678788,1787665067771,193947,psutil,process_cpu_pct_raw,1215.1,percent,ok,,process,
0.1,ffbe55b9-da45-4cd6-9d6b-000e22678788,1787665067771,193947,psutil,process_cpu_pct,60.754999999999995,percent,ok,,process,
0.1,ffbe55b9-da45-4cd6-9d6b-000e22678788,1787665067771,193947,psutil,process_memory_mb,7176.55078125,MiB,ok,,process,
0.1,ffbe55b9-da45-4cd6-9d6b-000e22678788,1787665067771,193947,windows_pdh,process_gpu_pct,,percent,unavailable,OSError: PdhCollectQueryData=0x-7FFFF82B,process,
0.1,ffbe55b9-da45-4cd6-9d6b-000e22678788,1787665068777,194953,psutil,process_cpu_pct_raw,1210.0,percent,ok,,process,
0.1,ffbe55b9-da45-4cd6-9d6b-000e22678788,1787665068777,194953,psutil,process_cpu_pct,60.5,percent,ok,,process,
0.1,ffbe55b9-da45-4cd6-9d6b-000e22678788,1787665068777,194953,psutil,process_memory_mb,7313.87890625,MiB,ok,,process,
0.1,ffbe55b9-da45-4cd6-9d6b-000e22678788,1787665065000,191176,presentmon,app_fps,24.65237075686476,fps,ok,,process,26
0.1,ffbe55b9-da45-4cd6-9d6b-000e22678788,1787665065000,191176,presentmon,frame_time_avg_ms,40.56405,ms,ok,,process,26
0.1,ffbe55b9-da45-4cd6-9d6b-000e22678788,1787665065000,191176,presentmon,frame_time_p95_ms,79.9337,ms,ok,,process,26
0.1,ffbe55b9-da45-4cd6-9d6b-000e22678788,1787665065000,191176,presentmon,gpu_busy_median_ms,20.4962,ms,ok,,process,26
0.1,ffbe55b9-da45-4cd6-9d6b-000e22678788,1787665065000,191176,presentmon,gpu_busy_p95_ms,21.5069,ms,ok,,process,26
0.1,ffbe55b9-da45-4cd6-9d6b-000e22678788,1787665066000,192176,presentmon,app_fps,28.13234078267298,fps,ok,,process,27
0.1,ffbe55b9-da45-4cd6-9d6b-000e22678788,1787665066000,192176,presentmon,frame_time_avg_ms,35.54627777777778,ms,ok,,process,27
0.1,ffbe55b9-da45-4cd6-9d6b-000e22678788,1787665066000,192176,presentmon,frame_time_p95_ms,67.2094,ms,ok,,process,27
0.1,ffbe55b9-da45-4cd6-9d6b-000e22678788,1787665066000,192176,presentmon,gpu_busy_median_ms,20.8648,ms,ok,,process,27
0.1,ffbe55b9-da45-4cd6-9d6b-000e22678788,1787665066000,192176,presentmon,gpu_busy_p95_ms,21.647,ms,ok,,process,27
0.1,ffbe55b9-da45-4cd6-9d6b-000e22678788,1787665068777,194953,windows_pdh,process_gpu_pct,,percent,unavailable,OSError: PdhCollectQueryData=0x-7FFFF82B,process,
0.1,ffbe55b9-da45-4cd6-9d6b-000e22678788,1787665069783,195959,psutil,process_cpu_pct_raw,1134.4,percent,ok,,process,
0.1,ffbe55b9-da45-4cd6-9d6b-000e22678788,1787665069783,195959,psutil,process_cpu_pct,56.720000000000006,percent,ok,,process,
0.1,ffbe55b9-da45-4cd6-9d6b-000e22678788,1787665069783,195959,psutil,process_memory_mb,7466.03515625,MiB,ok,,process,
0.1,ffbe55b9-da45-4cd6-9d6b-000e22678788,1787665069783,195959,windows_pdh,process_gpu_pct,,percent,unavailable,OSError: PdhCollectQueryData=0x-7FFFF82B,process,
0.1,ffbe55b9-da45-4cd6-9d6b-000e22678788,1787665070772,196948,psutil,process_cpu_pct_raw,1154.8,percent,ok,,process,
0.1,ffbe55b9-da45-4cd6-9d6b-000e22678788,1787665070772,196948,psutil,process_cpu_pct,57.739999999999995,percent,ok,,process,
0.1,ffbe55b9-da45-4cd6-9d6b-000e22678788,1787665070772,196948,psutil,process_memory_mb,7636.71484375,MiB,ok,,process,
0.1,ffbe55b9-da45-4cd6-9d6b-000e22678788,1787665067000,193176,presentmon,app_fps,26.458965147131693,fps,ok,,process,26
0.1,ffbe55b9-da45-4cd6-9d6b-000e22678788,1787665067000,193176,presentmon,frame_time_avg_ms,37.79437307692307,ms,ok,,process,26
0.1,ffbe55b9-da45-4cd6-9d6b-000e22678788,1787665067000,193176,presentmon,frame_time_p95_ms,83.8599,ms,ok,,process,26
0.1,ffbe55b9-da45-4cd6-9d6b-000e22678788,1787665067000,193176,presentmon,gpu_busy_median_ms,20.97365,ms,ok,,process,26
0.1,ffbe55b9-da45-4cd6-9d6b-000e22678788,1787665067000,193176,presentmon,gpu_busy_p95_ms,21.7506,ms,ok,,process,26
0.1,ffbe55b9-da45-4cd6-9d6b-000e22678788,1787665068000,194176,presentmon,app_fps,20.827320684207237,fps,ok,,process,21
0.1,ffbe55b9-da45-4cd6-9d6b-000e22678788,1787665068000,194176,presentmon,frame_time_avg_ms,48.01385714285715,ms,ok,,process,21
0.1,ffbe55b9-da45-4cd6-9d6b-000e22678788,1787665068000,194176,presentmon,frame_time_p95_ms,79.4304,ms,ok,,process,21
0.1,ffbe55b9-da45-4cd6-9d6b-000e22678788,1787665068000,194176,presentmon,gpu_busy_median_ms,20.94,ms,ok,,process,21
0.1,ffbe55b9-da45-4cd6-9d6b-000e22678788,1787665068000,194176,presentmon,gpu_busy_p95_ms,22.1505,ms,ok,,process,21
0.1,ffbe55b9-da45-4cd6-9d6b-000e22678788,1787665070772,196948,windows_pdh,process_gpu_pct,,percent,unavailable,OSError: PdhCollectQueryData=0x-7FFFF82B,process,
0.1,ffbe55b9-da45-4cd6-9d6b-000e22678788,1787665071778,197954,psutil,process_cpu_pct_raw,1202.3,percent,ok,,process,
0.1,ffbe55b9-da45-4cd6-9d6b-000e22678788,1787665071778,197954,psutil,process_cpu_pct,60.114999999999995,percent,ok,,process,
0.1,ffbe55b9-da45-4cd6-9d6b-000e22678788,1787665071778,197954,psutil,process_memory_mb,7827.0078125,MiB,ok,,process,
0.1,ffbe55b9-da45-4cd6-9d6b-000e22678788,1787665071778,197954,windows_pdh,process_gpu_pct,,percent,unavailable,OSError: PdhCollectQueryData=0x-7FFFF82B,process,
0.1,ffbe55b9-da45-4cd6-9d6b-000e22678788,1787665071778,197954,nvidia-smi,device_gpu_util_pct,49.0,percent,ok,,device,
0.1,ffbe55b9-da45-4cd6-9d6b-000e22678788,1787665071778,197954,nvidia-smi,device_vram_used_mb,4453.0,MiB,ok,,device,
0.1,ffbe55b9-da45-4cd6-9d6b-000e22678788,1787665071778,197954,nvidia-smi,device_gpu_temperature_c,56.0,celsius,ok,,device,
0.1,ffbe55b9-da45-4cd6-9d6b-000e22678788,1787665071778,197954,nvidia-smi,device_gpu_power_w,96.7,watt,ok,,device,
0.1,ffbe55b9-da45-4cd6-9d6b-000e22678788,1787665071778,197954,nvidia-smi,device_gpu_clock_mhz,1980.0,MHz,ok,,device,
0.1,ffbe55b9-da45-4cd6-9d6b-000e22678788,1787665072783,198959,psutil,process_cpu_pct_raw,1295.3,percent,ok,,process,
0.1,ffbe55b9-da45-4cd6-9d6b-000e22678788,1787665072783,198959,psutil,process_cpu_pct,64.765,percent,ok,,process,
0.1,ffbe55b9-da45-4cd6-9d6b-000e22678788,1787665072783,198959,psutil,process_memory_mb,8001.80078125,MiB,ok,,process,
0.1,ffbe55b9-da45-4cd6-9d6b-000e22678788,1787665069000,195176,presentmon,app_fps,23.689705135227253,fps,ok,,process,24
0.1,ffbe55b9-da45-4cd6-9d6b-000e22678788,1787665069000,195176,presentmon,frame_time_avg_ms,42.212429166666666,ms,ok,,process,24
0.1,ffbe55b9-da45-4cd6-9d6b-000e22678788,1787665069000,195176,presentmon,frame_time_p95_ms,87.5598,ms,ok,,process,24
0.1,ffbe55b9-da45-4cd6-9d6b-000e22678788,1787665069000,195176,presentmon,gpu_busy_median_ms,20.62145,ms,ok,,process,24
0.1,ffbe55b9-da45-4cd6-9d6b-000e22678788,1787665069000,195176,presentmon,gpu_busy_p95_ms,21.4428,ms,ok,,process,24
0.1,ffbe55b9-da45-4cd6-9d6b-000e22678788,1787665070000,196176,presentmon,app_fps,22.344497356645963,fps,ok,,process,23
0.1,ffbe55b9-da45-4cd6-9d6b-000e22678788,1787665070000,196176,presentmon,frame_time_avg_ms,44.75374782608696,ms,ok,,process,23
0.1,ffbe55b9-da45-4cd6-9d6b-000e22678788,1787665070000,196176,presentmon,frame_time_p95_ms,74.8467,ms,ok,,process,23
0.1,ffbe55b9-da45-4cd6-9d6b-000e22678788,1787665070000,196176,presentmon,gpu_busy_median_ms,21.2567,ms,ok,,process,23
0.1,ffbe55b9-da45-4cd6-9d6b-000e22678788,1787665070000,196176,presentmon,gpu_busy_p95_ms,22.1085,ms,ok,,process,23
0.1,ffbe55b9-da45-4cd6-9d6b-000e22678788,1787665072783,198959,windows_pdh,process_gpu_pct,,percent,unavailable,OSError: PdhCollectQueryData=0x-7FFFF82B,process,
0.1,ffbe55b9-da45-4cd6-9d6b-000e22678788,1787665073773,199949,psutil,process_cpu_pct_raw,637.7,percent,ok,,process,
0.1,ffbe55b9-da45-4cd6-9d6b-000e22678788,1787665073773,199949,psutil,process_cpu_pct,31.885,percent,ok,,process,
0.1,ffbe55b9-da45-4cd6-9d6b-000e22678788,1787665073773,199949,psutil,process_memory_mb,8019.25,MiB,ok,,process,
0.1,ffbe55b9-da45-4cd6-9d6b-000e22678788,1787665071000,197176,presentmon,app_fps,26.26565524982683,fps,ok,,process,25
0.1,ffbe55b9-da45-4cd6-9d6b-000e22678788,1787665071000,197176,presentmon,frame_time_avg_ms,38.072532,ms,ok,,process,25
0.1,ffbe55b9-da45-4cd6-9d6b-000e22678788,1787665071000,197176,presentmon,frame_time_p95_ms,78.6446,ms,ok,,process,25
0.1,ffbe55b9-da45-4cd6-9d6b-000e22678788,1787665071000,197176,presentmon,gpu_busy_median_ms,21.3151,ms,ok,,process,25
0.1,ffbe55b9-da45-4cd6-9d6b-000e22678788,1787665071000,197176,presentmon,gpu_busy_p95_ms,22.539,ms,ok,,process,25
0.1,ffbe55b9-da45-4cd6-9d6b-000e22678788,1787665073773,199949,windows_pdh,process_gpu_pct,,percent,unavailable,OSError: PdhCollectQueryData=0x-7FFFF82B,process,
0.1,ffbe55b9-da45-4cd6-9d6b-000e22678788,1787665074779,200955,psutil,process_cpu_pct_raw,657.3,percent,ok,,process,
0.1,ffbe55b9-da45-4cd6-9d6b-000e22678788,1787665074779,200955,psutil,process_cpu_pct,32.864999999999995,percent,ok,,process,
0.1,ffbe55b9-da45-4cd6-9d6b-000e22678788,1787665074779,200955,psutil,process_memory_mb,8037.12890625,MiB,ok,,process,
0.1,ffbe55b9-da45-4cd6-9d6b-000e22678788,1787665072000,198176,presentmon,app_fps,40.144069034952636,fps,ok,,process,40
0.1,ffbe55b9-da45-4cd6-9d6b-000e22678788,1787665072000,198176,presentmon,frame_time_avg_ms,24.91028,ms,ok,,process,40
0.1,ffbe55b9-da45-4cd6-9d6b-000e22678788,1787665072000,198176,presentmon,frame_time_p95_ms,34.9863,ms,ok,,process,40
0.1,ffbe55b9-da45-4cd6-9d6b-000e22678788,1787665072000,198176,presentmon,gpu_busy_median_ms,20.962600000000002,ms,ok,,process,40
0.1,ffbe55b9-da45-4cd6-9d6b-000e22678788,1787665072000,198176,presentmon,gpu_busy_p95_ms,21.9329,ms,ok,,process,40
0.1,ffbe55b9-da45-4cd6-9d6b-000e22678788,1787665074779,200955,windows_pdh,process_gpu_pct,,percent,unavailable,OSError: PdhCollectQueryData=0x-7FFFF82B,process,
0.1,ffbe55b9-da45-4cd6-9d6b-000e22678788,1787665075784,201960,psutil,process_cpu_pct_raw,645.3,percent,ok,,process,
0.1,ffbe55b9-da45-4cd6-9d6b-000e22678788,1787665075784,201960,psutil,process_cpu_pct,32.265,percent,ok,,process,
0.1,ffbe55b9-da45-4cd6-9d6b-000e22678788,1787665075784,201960,psutil,process_memory_mb,8069.1015625,MiB,ok,,process,
0.1,ffbe55b9-da45-4cd6-9d6b-000e22678788,1787665075784,201960,windows_pdh,process_gpu_pct,,percent,unavailable,OSError: PdhCollectQueryData=0x-7FFFF82B,process,
0.1,ffbe55b9-da45-4cd6-9d6b-000e22678788,1787665076774,202950,psutil,process_cpu_pct_raw,629.7,percent,ok,,process,
0.1,ffbe55b9-da45-4cd6-9d6b-000e22678788,1787665076774,202950,psutil,process_cpu_pct,31.485000000000003,percent,ok,,process,
0.1,ffbe55b9-da45-4cd6-9d6b-000e22678788,1787665076774,202950,psutil,process_memory_mb,8111.16796875,MiB,ok,,process,
0.1,ffbe55b9-da45-4cd6-9d6b-000e22678788,1787665073000,199176,presentmon,app_fps,47.16635820195947,fps,ok,,process,48
0.1,ffbe55b9-da45-4cd6-9d6b-000e22678788,1787665073000,199176,presentmon,frame_time_avg_ms,21.201552083333333,ms,ok,,process,48
0.1,ffbe55b9-da45-4cd6-9d6b-000e22678788,1787665073000,199176,presentmon,frame_time_p95_ms,30.5802,ms,ok,,process,48
0.1,ffbe55b9-da45-4cd6-9d6b-000e22678788,1787665073000,199176,presentmon,gpu_busy_median_ms,20.22835,ms,ok,,process,48
0.1,ffbe55b9-da45-4cd6-9d6b-000e22678788,1787665073000,199176,presentmon,gpu_busy_p95_ms,21.4144,ms,ok,,process,48
0.1,ffbe55b9-da45-4cd6-9d6b-000e22678788,1787665076774,202950,windows_pdh,process_gpu_pct,,percent,unavailable,OSError: PdhCollectQueryData=0x-7FFFF82B,process,
0.1,ffbe55b9-da45-4cd6-9d6b-000e22678788,1787665076774,202950,nvidia-smi,device_gpu_util_pct,92.0,percent,ok,,device,
0.1,ffbe55b9-da45-4cd6-9d6b-000e22678788,1787665076774,202950,nvidia-smi,device_vram_used_mb,4522.0,MiB,ok,,device,
0.1,ffbe55b9-da45-4cd6-9d6b-000e22678788,1787665076774,202950,nvidia-smi,device_gpu_temperature_c,60.0,celsius,ok,,device,
0.1,ffbe55b9-da45-4cd6-9d6b-000e22678788,1787665076774,202950,nvidia-smi,device_gpu_power_w,146.71,watt,ok,,device,
0.1,ffbe55b9-da45-4cd6-9d6b-000e22678788,1787665076774,202950,nvidia-smi,device_gpu_clock_mhz,1980.0,MHz,ok,,device,
0.1,ffbe55b9-da45-4cd6-9d6b-000e22678788,1787665077780,203956,psutil,process_cpu_pct_raw,354.7,percent,ok,,process,
0.1,ffbe55b9-da45-4cd6-9d6b-000e22678788,1787665077780,203956,psutil,process_cpu_pct,17.735,percent,ok,,process,
0.1,ffbe55b9-da45-4cd6-9d6b-000e22678788,1787665077780,203956,psutil,process_memory_mb,7528.71484375,MiB,ok,,process,
0.1,ffbe55b9-da45-4cd6-9d6b-000e22678788,1787665074000,200176,presentmon,app_fps,46.30130574714957,fps,ok,,process,46
0.1,ffbe55b9-da45-4cd6-9d6b-000e22678788,1787665074000,200176,presentmon,frame_time_avg_ms,21.597663043478263,ms,ok,,process,46
0.1,ffbe55b9-da45-4cd6-9d6b-000e22678788,1787665074000,200176,presentmon,frame_time_p95_ms,28.7306,ms,ok,,process,46
0.1,ffbe55b9-da45-4cd6-9d6b-000e22678788,1787665074000,200176,presentmon,gpu_busy_median_ms,20.50325,ms,ok,,process,46
0.1,ffbe55b9-da45-4cd6-9d6b-000e22678788,1787665074000,200176,presentmon,gpu_busy_p95_ms,21.5367,ms,ok,,process,46
0.1,ffbe55b9-da45-4cd6-9d6b-000e22678788,1787665077780,203956,windows_pdh,process_gpu_pct,,percent,unavailable,OSError: PdhCollectQueryData=0x-7FFFF82B,process,
0.1,ffbe55b9-da45-4cd6-9d6b-000e22678788,1787665078770,204946,psutil,process_cpu_pct_raw,518.7,percent,ok,,process,
0.1,ffbe55b9-da45-4cd6-9d6b-000e22678788,1787665078770,204946,psutil,process_cpu_pct,25.935000000000002,percent,ok,,process,
0.1,ffbe55b9-da45-4cd6-9d6b-000e22678788,1787665078770,204946,psutil,process_memory_mb,7583.78515625,MiB,ok,,process,
0.1,ffbe55b9-da45-4cd6-9d6b-000e22678788,1787665078770,204946,windows_pdh,process_gpu_pct,,percent,unavailable,OSError: PdhCollectQueryData=0x-7FFFF82B,process,
0.1,ffbe55b9-da45-4cd6-9d6b-000e22678788,1787665079776,205952,psutil,process_cpu_pct_raw,464.9,percent,ok,,process,
0.1,ffbe55b9-da45-4cd6-9d6b-000e22678788,1787665079776,205952,psutil,process_cpu_pct,23.244999999999997,percent,ok,,process,
0.1,ffbe55b9-da45-4cd6-9d6b-000e22678788,1787665079776,205952,psutil,process_memory_mb,7649.88671875,MiB,ok,,process,
0.1,ffbe55b9-da45-4cd6-9d6b-000e22678788,1787665075000,201176,presentmon,app_fps,46.525265596052876,fps,ok,,process,46
0.1,ffbe55b9-da45-4cd6-9d6b-000e22678788,1787665075000,201176,presentmon,frame_time_avg_ms,21.493697826086958,ms,ok,,process,46
0.1,ffbe55b9-da45-4cd6-9d6b-000e22678788,1787665075000,201176,presentmon,frame_time_p95_ms,31.3998,ms,ok,,process,46
0.1,ffbe55b9-da45-4cd6-9d6b-000e22678788,1787665075000,201176,presentmon,gpu_busy_median_ms,20.3176,ms,ok,,process,46
0.1,ffbe55b9-da45-4cd6-9d6b-000e22678788,1787665075000,201176,presentmon,gpu_busy_p95_ms,21.8375,ms,ok,,process,46
0.1,ffbe55b9-da45-4cd6-9d6b-000e22678788,1787665076000,202176,presentmon,app_fps,17.911470764598896,fps,ok,,process,18
0.1,ffbe55b9-da45-4cd6-9d6b-000e22678788,1787665076000,202176,presentmon,frame_time_avg_ms,55.83014444444444,ms,ok,,process,18
0.1,ffbe55b9-da45-4cd6-9d6b-000e22678788,1787665076000,202176,presentmon,frame_time_p95_ms,285.9996,ms,ok,,process,18
0.1,ffbe55b9-da45-4cd6-9d6b-000e22678788,1787665076000,202176,presentmon,gpu_busy_median_ms,21.8006,ms,ok,,process,18
0.1,ffbe55b9-da45-4cd6-9d6b-000e22678788,1787665076000,202176,presentmon,gpu_busy_p95_ms,24.0357,ms,ok,,process,18
0.1,ffbe55b9-da45-4cd6-9d6b-000e22678788,1787665079776,205952,windows_pdh,process_gpu_pct,,percent,unavailable,OSError: PdhCollectQueryData=0x-7FFFF82B,process,
0.1,ffbe55b9-da45-4cd6-9d6b-000e22678788,1787665080781,206957,psutil,process_cpu_pct_raw,707.8,percent,ok,,process,
0.1,ffbe55b9-da45-4cd6-9d6b-000e22678788,1787665080781,206957,psutil,process_cpu_pct,35.39,percent,ok,,process,
0.1,ffbe55b9-da45-4cd6-9d6b-000e22678788,1787665080781,206957,psutil,process_memory_mb,7649.74609375,MiB,ok,,process,
0.1,ffbe55b9-da45-4cd6-9d6b-000e22678788,1787665077000,203176,presentmon,app_fps,19.204328106860196,fps,ok,,process,21
0.1,ffbe55b9-da45-4cd6-9d6b-000e22678788,1787665077000,203176,presentmon,frame_time_avg_ms,52.07159523809524,ms,ok,,process,21
0.1,ffbe55b9-da45-4cd6-9d6b-000e22678788,1787665077000,203176,presentmon,frame_time_p95_ms,61.921,ms,ok,,process,21
0.1,ffbe55b9-da45-4cd6-9d6b-000e22678788,1787665077000,203176,presentmon,gpu_busy_median_ms,21.9697,ms,ok,,process,21
0.1,ffbe55b9-da45-4cd6-9d6b-000e22678788,1787665077000,203176,presentmon,gpu_busy_p95_ms,22.674,ms,ok,,process,21
0.1,ffbe55b9-da45-4cd6-9d6b-000e22678788,1787665080781,206957,windows_pdh,process_gpu_pct,,percent,unavailable,OSError: PdhCollectQueryData=0x-7FFFF82B,process,
0.1,ffbe55b9-da45-4cd6-9d6b-000e22678788,1787665081771,207947,psutil,process_cpu_pct_raw,548.9,percent,ok,,process,
0.1,ffbe55b9-da45-4cd6-9d6b-000e22678788,1787665081771,207947,psutil,process_cpu_pct,27.445,percent,ok,,process,
0.1,ffbe55b9-da45-4cd6-9d6b-000e22678788,1787665081771,207947,psutil,process_memory_mb,7669.62109375,MiB,ok,,process,
0.1,ffbe55b9-da45-4cd6-9d6b-000e22678788,1787665078000,204176,presentmon,app_fps,42.018641902206035,fps,ok,,process,38
0.1,ffbe55b9-da45-4cd6-9d6b-000e22678788,1787665078000,204176,presentmon,frame_time_avg_ms,23.79896052631579,ms,ok,,process,38
0.1,ffbe55b9-da45-4cd6-9d6b-000e22678788,1787665078000,204176,presentmon,frame_time_p95_ms,35.4874,ms,ok,,process,38
0.1,ffbe55b9-da45-4cd6-9d6b-000e22678788,1787665078000,204176,presentmon,gpu_busy_median_ms,21.2476,ms,ok,,process,38
0.1,ffbe55b9-da45-4cd6-9d6b-000e22678788,1787665078000,204176,presentmon,gpu_busy_p95_ms,22.6549,ms,ok,,process,38
0.1,ffbe55b9-da45-4cd6-9d6b-000e22678788,1787665079000,205176,presentmon,app_fps,37.29074564444091,fps,ok,,process,42
0.1,ffbe55b9-da45-4cd6-9d6b-000e22678788,1787665079000,205176,presentmon,frame_time_avg_ms,26.81630476190476,ms,ok,,process,42
0.1,ffbe55b9-da45-4cd6-9d6b-000e22678788,1787665079000,205176,presentmon,frame_time_p95_ms,34.4045,ms,ok,,process,42
0.1,ffbe55b9-da45-4cd6-9d6b-000e22678788,1787665079000,205176,presentmon,gpu_busy_median_ms,21.3248,ms,ok,,process,42
0.1,ffbe55b9-da45-4cd6-9d6b-000e22678788,1787665079000,205176,presentmon,gpu_busy_p95_ms,22.2096,ms,ok,,process,42
0.1,ffbe55b9-da45-4cd6-9d6b-000e22678788,1787665081771,207947,windows_pdh,process_gpu_pct,,percent,unavailable,OSError: PdhCollectQueryData=0x-7FFFF82B,process,
0.1,ffbe55b9-da45-4cd6-9d6b-000e22678788,1787665082777,208953,psutil,process_cpu_pct_raw,588.1,percent,ok,,process,
0.1,ffbe55b9-da45-4cd6-9d6b-000e22678788,1787665082777,208953,psutil,process_cpu_pct,29.405,percent,ok,,process,
0.1,ffbe55b9-da45-4cd6-9d6b-000e22678788,1787665082777,208953,psutil,process_memory_mb,7674.890625,MiB,ok,,process,
0.1,ffbe55b9-da45-4cd6-9d6b-000e22678788,1787665082777,208953,windows_pdh,process_gpu_pct,,percent,unavailable,OSError: PdhCollectQueryData=0x-7FFFF82B,process,
0.1,ffbe55b9-da45-4cd6-9d6b-000e22678788,1787665082777,208953,nvidia-smi,device_gpu_util_pct,75.0,percent,ok,,device,
0.1,ffbe55b9-da45-4cd6-9d6b-000e22678788,1787665082777,208953,nvidia-smi,device_vram_used_mb,4554.0,MiB,ok,,device,
0.1,ffbe55b9-da45-4cd6-9d6b-000e22678788,1787665082777,208953,nvidia-smi,device_gpu_temperature_c,61.0,celsius,ok,,device,
0.1,ffbe55b9-da45-4cd6-9d6b-000e22678788,1787665082777,208953,nvidia-smi,device_gpu_power_w,148.12,watt,ok,,device,
0.1,ffbe55b9-da45-4cd6-9d6b-000e22678788,1787665082777,208953,nvidia-smi,device_gpu_clock_mhz,1980.0,MHz,ok,,device,
0.1,ffbe55b9-da45-4cd6-9d6b-000e22678788,1787665083782,209958,psutil,process_cpu_pct_raw,612.5,percent,ok,,process,
0.1,ffbe55b9-da45-4cd6-9d6b-000e22678788,1787665083782,209958,psutil,process_cpu_pct,30.625,percent,ok,,process,
0.1,ffbe55b9-da45-4cd6-9d6b-000e22678788,1787665083782,209958,psutil,process_memory_mb,7694.5078125,MiB,ok,,process,
0.1,ffbe55b9-da45-4cd6-9d6b-000e22678788,1787665080000,206176,presentmon,app_fps,39.88274927515952,fps,ok,,process,35
0.1,ffbe55b9-da45-4cd6-9d6b-000e22678788,1787665080000,206176,presentmon,frame_time_avg_ms,25.073497142857143,ms,ok,,process,35
0.1,ffbe55b9-da45-4cd6-9d6b-000e22678788,1787665080000,206176,presentmon,frame_time_p95_ms,40.5103,ms,ok,,process,35
0.1,ffbe55b9-da45-4cd6-9d6b-000e22678788,1787665080000,206176,presentmon,gpu_busy_median_ms,21.4471,ms,ok,,process,35
0.1,ffbe55b9-da45-4cd6-9d6b-000e22678788,1787665080000,206176,presentmon,gpu_busy_p95_ms,22.5157,ms,ok,,process,35
0.1,ffbe55b9-da45-4cd6-9d6b-000e22678788,1787665083782,209958,windows_pdh,process_gpu_pct,,percent,unavailable,OSError: PdhCollectQueryData=0x-7FFFF82B,process,
0.1,ffbe55b9-da45-4cd6-9d6b-000e22678788,1787665084772,210948,psutil,process_cpu_pct_raw,694.8,percent,ok,,process,
0.1,ffbe55b9-da45-4cd6-9d6b-000e22678788,1787665084772,210948,psutil,process_cpu_pct,34.739999999999995,percent,ok,,process,
0.1,ffbe55b9-da45-4cd6-9d6b-000e22678788,1787665084772,210948,psutil,process_memory_mb,7704.5078125,MiB,ok,,process,
0.1,ffbe55b9-da45-4cd6-9d6b-000e22678788,1787665081000,207176,presentmon,app_fps,46.70638962291348,fps,ok,,process,47
0.1,ffbe55b9-da45-4cd6-9d6b-000e22678788,1787665081000,207176,presentmon,frame_time_avg_ms,21.41034680851064,ms,ok,,process,47
0.1,ffbe55b9-da45-4cd6-9d6b-000e22678788,1787665081000,207176,presentmon,frame_time_p95_ms,31.9087,ms,ok,,process,47
0.1,ffbe55b9-da45-4cd6-9d6b-000e22678788,1787665081000,207176,presentmon,gpu_busy_median_ms,20.6854,ms,ok,,process,47
0.1,ffbe55b9-da45-4cd6-9d6b-000e22678788,1787665081000,207176,presentmon,gpu_busy_p95_ms,21.8001,ms,ok,,process,47
0.1,ffbe55b9-da45-4cd6-9d6b-000e22678788,1787665084772,210948,windows_pdh,process_gpu_pct,,percent,unavailable,OSError: PdhCollectQueryData=0x-7FFFF82B,process,
0.1,ffbe55b9-da45-4cd6-9d6b-000e22678788,1787665085778,211954,psutil,process_cpu_pct_raw,751.2,percent,ok,,process,
0.1,ffbe55b9-da45-4cd6-9d6b-000e22678788,1787665085778,211954,psutil,process_cpu_pct,37.56,percent,ok,,process,
0.1,ffbe55b9-da45-4cd6-9d6b-000e22678788,1787665085778,211954,psutil,process_memory_mb,7699.21484375,MiB,ok,,process,
0.1,ffbe55b9-da45-4cd6-9d6b-000e22678788,1787665082000,208176,presentmon,app_fps,36.30731967667121,fps,ok,,process,36
0.1,ffbe55b9-da45-4cd6-9d6b-000e22678788,1787665082000,208176,presentmon,frame_time_avg_ms,27.542655555555555,ms,ok,,process,36
0.1,ffbe55b9-da45-4cd6-9d6b-000e22678788,1787665082000,208176,presentmon,frame_time_p95_ms,48.2987,ms,ok,,process,36
0.1,ffbe55b9-da45-4cd6-9d6b-000e22678788,1787665082000,208176,presentmon,gpu_busy_median_ms,21.024700000000003,ms,ok,,process,36
0.1,ffbe55b9-da45-4cd6-9d6b-000e22678788,1787665082000,208176,presentmon,gpu_busy_p95_ms,22.0888,ms,ok,,process,36
0.1,ffbe55b9-da45-4cd6-9d6b-000e22678788,1787665085778,211954,windows_pdh,process_gpu_pct,,percent,unavailable,OSError: PdhCollectQueryData=0x-7FFFF82B,process,
0.1,ffbe55b9-da45-4cd6-9d6b-000e22678788,1787665086783,212959,psutil,process_cpu_pct_raw,629.7,percent,ok,,process,
0.1,ffbe55b9-da45-4cd6-9d6b-000e22678788,1787665086783,212959,psutil,process_cpu_pct,31.485000000000003,percent,ok,,process,
0.1,ffbe55b9-da45-4cd6-9d6b-000e22678788,1787665086783,212959,psutil,process_memory_mb,7691.27734375,MiB,ok,,process,
0.1,ffbe55b9-da45-4cd6-9d6b-000e22678788,1787665086783,212959,windows_pdh,process_gpu_pct,,percent,unavailable,OSError: PdhCollectQueryData=0x-7FFFF82B,process,
0.1,ffbe55b9-da45-4cd6-9d6b-000e22678788,1787665087773,213949,psutil,process_cpu_pct_raw,539.1,percent,ok,,process,
0.1,ffbe55b9-da45-4cd6-9d6b-000e22678788,1787665087773,213949,psutil,process_cpu_pct,26.955000000000002,percent,ok,,process,
0.1,ffbe55b9-da45-4cd6-9d6b-000e22678788,1787665087773,213949,psutil,process_memory_mb,7691.8984375,MiB,ok,,process,
0.1,ffbe55b9-da45-4cd6-9d6b-000e22678788,1787665083000,209176,presentmon,app_fps,38.71990793001585,fps,ok,,process,39
0.1,ffbe55b9-da45-4cd6-9d6b-000e22678788,1787665083000,209176,presentmon,frame_time_avg_ms,25.826507692307693,ms,ok,,process,39
0.1,ffbe55b9-da45-4cd6-9d6b-000e22678788,1787665083000,209176,presentmon,frame_time_p95_ms,41.5338,ms,ok,,process,39
0.1,ffbe55b9-da45-4cd6-9d6b-000e22678788,1787665083000,209176,presentmon,gpu_busy_median_ms,20.6761,ms,ok,,process,39
0.1,ffbe55b9-da45-4cd6-9d6b-000e22678788,1787665083000,209176,presentmon,gpu_busy_p95_ms,25.1636,ms,ok,,process,39
0.1,ffbe55b9-da45-4cd6-9d6b-000e22678788,1787665084000,210176,presentmon,app_fps,47.69365412085095,fps,ok,,process,48
0.1,ffbe55b9-da45-4cd6-9d6b-000e22678788,1787665084000,210176,presentmon,frame_time_avg_ms,20.96715,ms,ok,,process,48
0.1,ffbe55b9-da45-4cd6-9d6b-000e22678788,1787665084000,210176,presentmon,frame_time_p95_ms,28.7071,ms,ok,,process,48
0.1,ffbe55b9-da45-4cd6-9d6b-000e22678788,1787665084000,210176,presentmon,gpu_busy_median_ms,20.4523,ms,ok,,process,48
0.1,ffbe55b9-da45-4cd6-9d6b-000e22678788,1787665084000,210176,presentmon,gpu_busy_p95_ms,21.0547,ms,ok,,process,48
0.1,ffbe55b9-da45-4cd6-9d6b-000e22678788,1787665087773,213949,windows_pdh,process_gpu_pct,,percent,unavailable,OSError: PdhCollectQueryData=0x-7FFFF82B,process,
0.1,ffbe55b9-da45-4cd6-9d6b-000e22678788,1787665087773,213949,nvidia-smi,device_gpu_util_pct,70.0,percent,ok,,device,
0.1,ffbe55b9-da45-4cd6-9d6b-000e22678788,1787665087773,213949,nvidia-smi,device_vram_used_mb,4658.0,MiB,ok,,device,
0.1,ffbe55b9-da45-4cd6-9d6b-000e22678788,1787665087773,213949,nvidia-smi,device_gpu_temperature_c,60.0,celsius,ok,,device,
0.1,ffbe55b9-da45-4cd6-9d6b-000e22678788,1787665087773,213949,nvidia-smi,device_gpu_power_w,123.81,watt,ok,,device,
0.1,ffbe55b9-da45-4cd6-9d6b-000e22678788,1787665087773,213949,nvidia-smi,device_gpu_clock_mhz,1980.0,MHz,ok,,device,
0.1,ffbe55b9-da45-4cd6-9d6b-000e22678788,1787665088779,214955,psutil,process_cpu_pct_raw,626.6,percent,ok,,process,
0.1,ffbe55b9-da45-4cd6-9d6b-000e22678788,1787665088779,214955,psutil,process_cpu_pct,31.330000000000002,percent,ok,,process,
0.1,ffbe55b9-da45-4cd6-9d6b-000e22678788,1787665088779,214955,psutil,process_memory_mb,7695.44921875,MiB,ok,,process,
0.1,ffbe55b9-da45-4cd6-9d6b-000e22678788,1787665085000,211176,presentmon,app_fps,33.83170082109538,fps,ok,,process,34
0.1,ffbe55b9-da45-4cd6-9d6b-000e22678788,1787665085000,211176,presentmon,frame_time_avg_ms,29.558076470588237,ms,ok,,process,34
0.1,ffbe55b9-da45-4cd6-9d6b-000e22678788,1787665085000,211176,presentmon,frame_time_p95_ms,49.96,ms,ok,,process,34
0.1,ffbe55b9-da45-4cd6-9d6b-000e22678788,1787665085000,211176,presentmon,gpu_busy_median_ms,21.21615,ms,ok,,process,34
0.1,ffbe55b9-da45-4cd6-9d6b-000e22678788,1787665085000,211176,presentmon,gpu_busy_p95_ms,23.2555,ms,ok,,process,34
0.1,ffbe55b9-da45-4cd6-9d6b-000e22678788,1787665088779,214955,windows_pdh,process_gpu_pct,,percent,unavailable,OSError: PdhCollectQueryData=0x-7FFFF82B,process,
0.1,ffbe55b9-da45-4cd6-9d6b-000e22678788,1787665089769,215945,psutil,process_cpu_pct_raw,566.3,percent,ok,,process,
0.1,ffbe55b9-da45-4cd6-9d6b-000e22678788,1787665089769,215945,psutil,process_cpu_pct,28.314999999999998,percent,ok,,process,
0.1,ffbe55b9-da45-4cd6-9d6b-000e22678788,1787665089769,215945,psutil,process_memory_mb,7696.19140625,MiB,ok,,process,
0.1,ffbe55b9-da45-4cd6-9d6b-000e22678788,1787665086000,212176,presentmon,app_fps,35.54227560739718,fps,ok,,process,35
0.1,ffbe55b9-da45-4cd6-9d6b-000e22678788,1787665086000,212176,presentmon,frame_time_avg_ms,28.13550857142857,ms,ok,,process,35
0.1,ffbe55b9-da45-4cd6-9d6b-000e22678788,1787665086000,212176,presentmon,frame_time_p95_ms,42.1811,ms,ok,,process,35
0.1,ffbe55b9-da45-4cd6-9d6b-000e22678788,1787665086000,212176,presentmon,gpu_busy_median_ms,21.3478,ms,ok,,process,35
0.1,ffbe55b9-da45-4cd6-9d6b-000e22678788,1787665086000,212176,presentmon,gpu_busy_p95_ms,22.3491,ms,ok,,process,35
0.1,ffbe55b9-da45-4cd6-9d6b-000e22678788,1787665089769,215945,windows_pdh,process_gpu_pct,,percent,unavailable,OSError: PdhCollectQueryData=0x-7FFFF82B,process,
0.1,ffbe55b9-da45-4cd6-9d6b-000e22678788,1787665090775,216951,psutil,process_cpu_pct_raw,654.2,percent,ok,,process,
0.1,ffbe55b9-da45-4cd6-9d6b-000e22678788,1787665090775,216951,psutil,process_cpu_pct,32.71,percent,ok,,process,
0.1,ffbe55b9-da45-4cd6-9d6b-000e22678788,1787665090775,216951,psutil,process_memory_mb,7697.7890625,MiB,ok,,process,
0.1,ffbe55b9-da45-4cd6-9d6b-000e22678788,1787665087000,213176,presentmon,app_fps,47.53163279674741,fps,ok,,process,48
0.1,ffbe55b9-da45-4cd6-9d6b-000e22678788,1787665087000,213176,presentmon,frame_time_avg_ms,21.038620833333333,ms,ok,,process,48
0.1,ffbe55b9-da45-4cd6-9d6b-000e22678788,1787665087000,213176,presentmon,frame_time_p95_ms,30.3957,ms,ok,,process,48
0.1,ffbe55b9-da45-4cd6-9d6b-000e22678788,1787665087000,213176,presentmon,gpu_busy_median_ms,20.55355,ms,ok,,process,48
0.1,ffbe55b9-da45-4cd6-9d6b-000e22678788,1787665087000,213176,presentmon,gpu_busy_p95_ms,21.8354,ms,ok,,process,48
0.1,ffbe55b9-da45-4cd6-9d6b-000e22678788,1787665090775,216951,windows_pdh,process_gpu_pct,,percent,unavailable,OSError: PdhCollectQueryData=0x-7FFFF82B,process,
0.1,ffbe55b9-da45-4cd6-9d6b-000e22678788,1787665091764,217940,psutil,process_cpu_pct_raw,548.9,percent,ok,,process,
0.1,ffbe55b9-da45-4cd6-9d6b-000e22678788,1787665091764,217940,psutil,process_cpu_pct,27.445,percent,ok,,process,
0.1,ffbe55b9-da45-4cd6-9d6b-000e22678788,1787665091764,217940,psutil,process_memory_mb,7695.33984375,MiB,ok,,process,
0.1,ffbe55b9-da45-4cd6-9d6b-000e22678788,1787665088000,214176,presentmon,app_fps,40.13387053856845,fps,ok,,process,40
0.1,ffbe55b9-da45-4cd6-9d6b-000e22678788,1787665088000,214176,presentmon,frame_time_avg_ms,24.91661,ms,ok,,process,40
0.1,ffbe55b9-da45-4cd6-9d6b-000e22678788,1787665088000,214176,presentmon,frame_time_p95_ms,37.5864,ms,ok,,process,40
0.1,ffbe55b9-da45-4cd6-9d6b-000e22678788,1787665088000,214176,presentmon,gpu_busy_median_ms,20.91205,ms,ok,,process,40
0.1,ffbe55b9-da45-4cd6-9d6b-000e22678788,1787665088000,214176,presentmon,gpu_busy_p95_ms,23.0926,ms,ok,,process,40
0.1,ffbe55b9-da45-4cd6-9d6b-000e22678788,1787665091764,217940,windows_pdh,process_gpu_pct,,percent,unavailable,OSError: PdhCollectQueryData=0x-7FFFF82B,process,
0.1,ffbe55b9-da45-4cd6-9d6b-000e22678788,1787665092770,218946,psutil,process_cpu_pct_raw,587.5,percent,ok,,process,
0.1,ffbe55b9-da45-4cd6-9d6b-000e22678788,1787665092770,218946,psutil,process_cpu_pct,29.375,percent,ok,,process,
0.1,ffbe55b9-da45-4cd6-9d6b-000e22678788,1787665092770,218946,psutil,process_memory_mb,7694.94921875,MiB,ok,,process,
0.1,ffbe55b9-da45-4cd6-9d6b-000e22678788,1787665089000,215176,presentmon,app_fps,32.73130544050832,fps,ok,,process,33
0.1,ffbe55b9-da45-4cd6-9d6b-000e22678788,1787665089000,215176,presentmon,frame_time_avg_ms,30.55179090909091,ms,ok,,process,33
0.1,ffbe55b9-da45-4cd6-9d6b-000e22678788,1787665089000,215176,presentmon,frame_time_p95_ms,40.7098,ms,ok,,process,33
0.1,ffbe55b9-da45-4cd6-9d6b-000e22678788,1787665089000,215176,presentmon,gpu_busy_median_ms,21.8051,ms,ok,,process,33
0.1,ffbe55b9-da45-4cd6-9d6b-000e22678788,1787665089000,215176,presentmon,gpu_busy_p95_ms,23.2694,ms,ok,,process,33
0.1,ffbe55b9-da45-4cd6-9d6b-000e22678788,1787665092770,218946,windows_pdh,process_gpu_pct,,percent,unavailable,OSError: PdhCollectQueryData=0x-7FFFF82B,process,
0.1,ffbe55b9-da45-4cd6-9d6b-000e22678788,1787665093760,219936,psutil,process_cpu_pct_raw,593.8,percent,ok,,process,
0.1,ffbe55b9-da45-4cd6-9d6b-000e22678788,1787665093760,219936,psutil,process_cpu_pct,29.689999999999998,percent,ok,,process,
0.1,ffbe55b9-da45-4cd6-9d6b-000e22678788,1787665093760,219936,psutil,process_memory_mb,7696.375,MiB,ok,,process,
0.1,ffbe55b9-da45-4cd6-9d6b-000e22678788,1787665090000,216176,presentmon,app_fps,45.936202780773556,fps,ok,,process,45
0.1,ffbe55b9-da45-4cd6-9d6b-000e22678788,1787665090000,216176,presentmon,frame_time_avg_ms,21.769322222222222,ms,ok,,process,45
0.1,ffbe55b9-da45-4cd6-9d6b-000e22678788,1787665090000,216176,presentmon,frame_time_p95_ms,30.5999,ms,ok,,process,45
0.1,ffbe55b9-da45-4cd6-9d6b-000e22678788,1787665090000,216176,presentmon,gpu_busy_median_ms,20.8581,ms,ok,,process,45
0.1,ffbe55b9-da45-4cd6-9d6b-000e22678788,1787665090000,216176,presentmon,gpu_busy_p95_ms,22.0445,ms,ok,,process,45
0.1,ffbe55b9-da45-4cd6-9d6b-000e22678788,1787665093760,219936,windows_pdh,process_gpu_pct,,percent,unavailable,OSError: PdhCollectQueryData=0x-7FFFF82B,process,
0.1,ffbe55b9-da45-4cd6-9d6b-000e22678788,1787665093760,219936,nvidia-smi,device_gpu_util_pct,91.0,percent,ok,,device,
0.1,ffbe55b9-da45-4cd6-9d6b-000e22678788,1787665093760,219936,nvidia-smi,device_vram_used_mb,4658.0,MiB,ok,,device,
0.1,ffbe55b9-da45-4cd6-9d6b-000e22678788,1787665093760,219936,nvidia-smi,device_gpu_temperature_c,60.0,celsius,ok,,device,
0.1,ffbe55b9-da45-4cd6-9d6b-000e22678788,1787665093760,219936,nvidia-smi,device_gpu_power_w,130.83,watt,ok,,device,
0.1,ffbe55b9-da45-4cd6-9d6b-000e22678788,1787665093760,219936,nvidia-smi,device_gpu_clock_mhz,1980.0,MHz,ok,,device,
0.1,ffbe55b9-da45-4cd6-9d6b-000e22678788,1787665094766,220942,psutil,process_cpu_pct_raw,603.1,percent,ok,,process,
0.1,ffbe55b9-da45-4cd6-9d6b-000e22678788,1787665094766,220942,psutil,process_cpu_pct,30.155,percent,ok,,process,
0.1,ffbe55b9-da45-4cd6-9d6b-000e22678788,1787665094766,220942,psutil,process_memory_mb,7697.2890625,MiB,ok,,process,
0.1,ffbe55b9-da45-4cd6-9d6b-000e22678788,1787665091000,217176,presentmon,app_fps,44.72011913439737,fps,ok,,process,45
0.1,ffbe55b9-da45-4cd6-9d6b-000e22678788,1787665091000,217176,presentmon,frame_time_avg_ms,22.3613,ms,ok,,process,45
0.1,ffbe55b9-da45-4cd6-9d6b-000e22678788,1787665091000,217176,presentmon,frame_time_p95_ms,31.6195,ms,ok,,process,45
0.1,ffbe55b9-da45-4cd6-9d6b-000e22678788,1787665091000,217176,presentmon,gpu_busy_median_ms,20.9649,ms,ok,,process,45
0.1,ffbe55b9-da45-4cd6-9d6b-000e22678788,1787665091000,217176,presentmon,gpu_busy_p95_ms,21.6779,ms,ok,,process,45
0.1,ffbe55b9-da45-4cd6-9d6b-000e22678788,1787665094766,220942,windows_pdh,process_gpu_pct,,percent,unavailable,OSError: PdhCollectQueryData=0x-7FFFF82B,process,
0.1,ffbe55b9-da45-4cd6-9d6b-000e22678788,1787665095771,221947,psutil,process_cpu_pct_raw,567.2,percent,ok,,process,
0.1,ffbe55b9-da45-4cd6-9d6b-000e22678788,1787665095771,221947,psutil,process_cpu_pct,28.360000000000003,percent,ok,,process,
0.1,ffbe55b9-da45-4cd6-9d6b-000e22678788,1787665095771,221947,psutil,process_memory_mb,7697.8828125,MiB,ok,,process,
0.1,ffbe55b9-da45-4cd6-9d6b-000e22678788,1787665092000,218176,presentmon,app_fps,38.21066686965246,fps,ok,,process,38
0.1,ffbe55b9-da45-4cd6-9d6b-000e22678788,1787665092000,218176,presentmon,frame_time_avg_ms,26.170702631578948,ms,ok,,process,38
0.1,ffbe55b9-da45-4cd6-9d6b-000e22678788,1787665092000,218176,presentmon,frame_time_p95_ms,36.7041,ms,ok,,process,38
0.1,ffbe55b9-da45-4cd6-9d6b-000e22678788,1787665092000,218176,presentmon,gpu_busy_median_ms,21.197000000000003,ms,ok,,process,38
0.1,ffbe55b9-da45-4cd6-9d6b-000e22678788,1787665092000,218176,presentmon,gpu_busy_p95_ms,23.0039,ms,ok,,process,38
0.1,ffbe55b9-da45-4cd6-9d6b-000e22678788,1787665095771,221947,windows_pdh,process_gpu_pct,,percent,unavailable,OSError: PdhCollectQueryData=0x-7FFFF82B,process,
0.1,ffbe55b9-da45-4cd6-9d6b-000e22678788,1787665096777,222953,psutil,process_cpu_pct_raw,511.1,percent,ok,,process,
0.1,ffbe55b9-da45-4cd6-9d6b-000e22678788,1787665096777,222953,psutil,process_cpu_pct,25.555,percent,ok,,process,
0.1,ffbe55b9-da45-4cd6-9d6b-000e22678788,1787665096777,222953,psutil,process_memory_mb,7698.43359375,MiB,ok,,process,
0.1,ffbe55b9-da45-4cd6-9d6b-000e22678788,1787665093000,219176,presentmon,app_fps,47.659316904968215,fps,ok,,process,48
0.1,ffbe55b9-da45-4cd6-9d6b-000e22678788,1787665093000,219176,presentmon,frame_time_avg_ms,20.982256250000002,ms,ok,,process,48
0.1,ffbe55b9-da45-4cd6-9d6b-000e22678788,1787665093000,219176,presentmon,frame_time_p95_ms,28.5968,ms,ok,,process,48
0.1,ffbe55b9-da45-4cd6-9d6b-000e22678788,1787665093000,219176,presentmon,gpu_busy_median_ms,20.65565,ms,ok,,process,48
0.1,ffbe55b9-da45-4cd6-9d6b-000e22678788,1787665093000,219176,presentmon,gpu_busy_p95_ms,21.7708,ms,ok,,process,48
0.1,ffbe55b9-da45-4cd6-9d6b-000e22678788,1787665096777,222953,windows_pdh,process_gpu_pct,,percent,unavailable,OSError: PdhCollectQueryData=0x-7FFFF82B,process,
0.1,ffbe55b9-da45-4cd6-9d6b-000e22678788,1787665097767,223943,psutil,process_cpu_pct_raw,582.2,percent,ok,,process,
0.1,ffbe55b9-da45-4cd6-9d6b-000e22678788,1787665097767,223943,psutil,process_cpu_pct,29.110000000000003,percent,ok,,process,
0.1,ffbe55b9-da45-4cd6-9d6b-000e22678788,1787665097767,223943,psutil,process_memory_mb,7704.12109375,MiB,ok,,process,
0.1,ffbe55b9-da45-4cd6-9d6b-000e22678788,1787665094000,220176,presentmon,app_fps,33.96331622214846,fps,ok,,process,34
0.1,ffbe55b9-da45-4cd6-9d6b-000e22678788,1787665094000,220176,presentmon,frame_time_avg_ms,29.443532352941176,ms,ok,,process,34
0.1,ffbe55b9-da45-4cd6-9d6b-000e22678788,1787665094000,220176,presentmon,frame_time_p95_ms,44.7647,ms,ok,,process,34
0.1,ffbe55b9-da45-4cd6-9d6b-000e22678788,1787665094000,220176,presentmon,gpu_busy_median_ms,21.1262,ms,ok,,process,34
0.1,ffbe55b9-da45-4cd6-9d6b-000e22678788,1787665094000,220176,presentmon,gpu_busy_p95_ms,22.5403,ms,ok,,process,34
0.1,ffbe55b9-da45-4cd6-9d6b-000e22678788,1787665097767,223943,windows_pdh,process_gpu_pct,,percent,unavailable,OSError: PdhCollectQueryData=0x-7FFFF82B,process,
0.1,ffbe55b9-da45-4cd6-9d6b-000e22678788,1787665098772,224948,psutil,process_cpu_pct_raw,635.8,percent,ok,,process,
0.1,ffbe55b9-da45-4cd6-9d6b-000e22678788,1787665098772,224948,psutil,process_cpu_pct,31.79,percent,ok,,process,
0.1,ffbe55b9-da45-4cd6-9d6b-000e22678788,1787665098772,224948,psutil,process_memory_mb,7712.828125,MiB,ok,,process,
0.1,ffbe55b9-da45-4cd6-9d6b-000e22678788,1787665095000,221176,presentmon,app_fps,37.505757640632396,fps,ok,,process,37
0.1,ffbe55b9-da45-4cd6-9d6b-000e22678788,1787665095000,221176,presentmon,frame_time_avg_ms,26.662572972972974,ms,ok,,process,37
0.1,ffbe55b9-da45-4cd6-9d6b-000e22678788,1787665095000,221176,presentmon,frame_time_p95_ms,38.0257,ms,ok,,process,37
0.1,ffbe55b9-da45-4cd6-9d6b-000e22678788,1787665095000,221176,presentmon,gpu_busy_median_ms,21.126,ms,ok,,process,37
0.1,ffbe55b9-da45-4cd6-9d6b-000e22678788,1787665095000,221176,presentmon,gpu_busy_p95_ms,21.9984,ms,ok,,process,37
0.1,ffbe55b9-da45-4cd6-9d6b-000e22678788,1787665098772,224948,windows_pdh,process_gpu_pct,,percent,unavailable,OSError: PdhCollectQueryData=0x-7FFFF82B,process,
0.1,ffbe55b9-da45-4cd6-9d6b-000e22678788,1787665098772,224948,nvidia-smi,device_gpu_util_pct,71.0,percent,ok,,device,
0.1,ffbe55b9-da45-4cd6-9d6b-000e22678788,1787665098772,224948,nvidia-smi,device_vram_used_mb,4737.0,MiB,ok,,device,
0.1,ffbe55b9-da45-4cd6-9d6b-000e22678788,1787665098772,224948,nvidia-smi,device_gpu_temperature_c,61.0,celsius,ok,,device,
0.1,ffbe55b9-da45-4cd6-9d6b-000e22678788,1787665098772,224948,nvidia-smi,device_gpu_power_w,137.79,watt,ok,,device,
0.1,ffbe55b9-da45-4cd6-9d6b-000e22678788,1787665098772,224948,nvidia-smi,device_gpu_clock_mhz,1980.0,MHz,ok,,device,
0.1,ffbe55b9-da45-4cd6-9d6b-000e22678788,1787665099778,225954,psutil,process_cpu_pct_raw,585.9,percent,ok,,process,
0.1,ffbe55b9-da45-4cd6-9d6b-000e22678788,1787665099778,225954,psutil,process_cpu_pct,29.294999999999998,percent,ok,,process,
0.1,ffbe55b9-da45-4cd6-9d6b-000e22678788,1787665099778,225954,psutil,process_memory_mb,7726.95703125,MiB,ok,,process,
0.1,ffbe55b9-da45-4cd6-9d6b-000e22678788,1787665096000,222176,presentmon,app_fps,33.60065620105051,fps,ok,,process,34
0.1,ffbe55b9-da45-4cd6-9d6b-000e22678788,1787665096000,222176,presentmon,frame_time_avg_ms,29.761323529411765,ms,ok,,process,34
0.1,ffbe55b9-da45-4cd6-9d6b-000e22678788,1787665096000,222176,presentmon,frame_time_p95_ms,58.011,ms,ok,,process,34
0.1,ffbe55b9-da45-4cd6-9d6b-000e22678788,1787665096000,222176,presentmon,gpu_busy_median_ms,20.7598,ms,ok,,process,34
0.1,ffbe55b9-da45-4cd6-9d6b-000e22678788,1787665096000,222176,presentmon,gpu_busy_p95_ms,24.9241,ms,ok,,process,34
0.1,ffbe55b9-da45-4cd6-9d6b-000e22678788,1787665099778,225954,windows_pdh,process_gpu_pct,,percent,unavailable,OSError: PdhCollectQueryData=0x-7FFFF82B,process,
0.1,ffbe55b9-da45-4cd6-9d6b-000e22678788,1787665100768,226944,psutil,process_cpu_pct_raw,406.1,percent,ok,,process,
0.1,ffbe55b9-da45-4cd6-9d6b-000e22678788,1787665100768,226944,psutil,process_cpu_pct,20.305,percent,ok,,process,
0.1,ffbe55b9-da45-4cd6-9d6b-000e22678788,1787665100768,226944,psutil,process_memory_mb,7721.73828125,MiB,ok,,process,
0.1,ffbe55b9-da45-4cd6-9d6b-000e22678788,1787665097000,223176,presentmon,app_fps,43.22087326141636,fps,ok,,process,45
0.1,ffbe55b9-da45-4cd6-9d6b-000e22678788,1787665097000,223176,presentmon,frame_time_avg_ms,23.13696888888889,ms,ok,,process,45
0.1,ffbe55b9-da45-4cd6-9d6b-000e22678788,1787665097000,223176,presentmon,frame_time_p95_ms,35.7757,ms,ok,,process,45
0.1,ffbe55b9-da45-4cd6-9d6b-000e22678788,1787665097000,223176,presentmon,gpu_busy_median_ms,19.9425,ms,ok,,process,45
0.1,ffbe55b9-da45-4cd6-9d6b-000e22678788,1787665097000,223176,presentmon,gpu_busy_p95_ms,20.7593,ms,ok,,process,45
0.1,ffbe55b9-da45-4cd6-9d6b-000e22678788,1787665100768,226944,windows_pdh,process_gpu_pct,,percent,unavailable,OSError: PdhCollectQueryData=0x-7FFFF82B,process,
0.1,ffbe55b9-da45-4cd6-9d6b-000e22678788,1787665101773,227949,psutil,process_cpu_pct_raw,608.1,percent,ok,,process,
0.1,ffbe55b9-da45-4cd6-9d6b-000e22678788,1787665101773,227949,psutil,process_cpu_pct,30.405,percent,ok,,process,
0.1,ffbe55b9-da45-4cd6-9d6b-000e22678788,1787665101773,227949,psutil,process_memory_mb,7721.91015625,MiB,ok,,process,
0.1,ffbe55b9-da45-4cd6-9d6b-000e22678788,1787665098000,224176,presentmon,app_fps,35.52613527161141,fps,ok,,process,34
0.1,ffbe55b9-da45-4cd6-9d6b-000e22678788,1787665098000,224176,presentmon,frame_time_avg_ms,28.14829117647059,ms,ok,,process,34
0.1,ffbe55b9-da45-4cd6-9d6b-000e22678788,1787665098000,224176,presentmon,frame_time_p95_ms,41.4658,ms,ok,,process,34
0.1,ffbe55b9-da45-4cd6-9d6b-000e22678788,1787665098000,224176,presentmon,gpu_busy_median_ms,20.32575,ms,ok,,process,34
0.1,ffbe55b9-da45-4cd6-9d6b-000e22678788,1787665098000,224176,presentmon,gpu_busy_p95_ms,23.0736,ms,ok,,process,34
0.1,ffbe55b9-da45-4cd6-9d6b-000e22678788,1787665101773,227949,windows_pdh,process_gpu_pct,,percent,unavailable,OSError: PdhCollectQueryData=0x-7FFFF82B,process,
0.1,ffbe55b9-da45-4cd6-9d6b-000e22678788,1787665102763,228939,psutil,process_cpu_pct_raw,631.3,percent,ok,,process,
0.1,ffbe55b9-da45-4cd6-9d6b-000e22678788,1787665102763,228939,psutil,process_cpu_pct,31.564999999999998,percent,ok,,process,
0.1,ffbe55b9-da45-4cd6-9d6b-000e22678788,1787665102763,228939,psutil,process_memory_mb,7724.05078125,MiB,ok,,process,
0.1,ffbe55b9-da45-4cd6-9d6b-000e22678788,1787665102763,228939,windows_pdh,process_gpu_pct,,percent,unavailable,OSError: PdhCollectQueryData=0x-7FFFF82B,process,
0.1,ffbe55b9-da45-4cd6-9d6b-000e22678788,1787665103769,229945,psutil,process_cpu_pct_raw,525.0,percent,ok,,process,
0.1,ffbe55b9-da45-4cd6-9d6b-000e22678788,1787665103769,229945,psutil,process_cpu_pct,26.25,percent,ok,,process,
0.1,ffbe55b9-da45-4cd6-9d6b-000e22678788,1787665103769,229945,psutil,process_memory_mb,7722.3515625,MiB,ok,,process,
0.1,ffbe55b9-da45-4cd6-9d6b-000e22678788,1787665103769,229945,windows_pdh,process_gpu_pct,,percent,unavailable,OSError: PdhCollectQueryData=0x-7FFFF82B,process,
0.1,ffbe55b9-da45-4cd6-9d6b-000e22678788,1787665104774,230950,psutil,process_cpu_pct_raw,528.0,percent,ok,,process,
0.1,ffbe55b9-da45-4cd6-9d6b-000e22678788,1787665104774,230950,psutil,process_cpu_pct,26.4,percent,ok,,process,
0.1,ffbe55b9-da45-4cd6-9d6b-000e22678788,1787665104774,230950,psutil,process_memory_mb,7720.29296875,MiB,ok,,process,
0.1,ffbe55b9-da45-4cd6-9d6b-000e22678788,1787665104774,230950,windows_pdh,process_gpu_pct,,percent,unavailable,OSError: PdhCollectQueryData=0x-7FFFF82B,process,
0.1,ffbe55b9-da45-4cd6-9d6b-000e22678788,1787665104774,230950,nvidia-smi,device_gpu_util_pct,85.0,percent,ok,,device,
0.1,ffbe55b9-da45-4cd6-9d6b-000e22678788,1787665104774,230950,nvidia-smi,device_vram_used_mb,4724.0,MiB,ok,,device,
0.1,ffbe55b9-da45-4cd6-9d6b-000e22678788,1787665104774,230950,nvidia-smi,device_gpu_temperature_c,60.0,celsius,ok,,device,
0.1,ffbe55b9-da45-4cd6-9d6b-000e22678788,1787665104774,230950,nvidia-smi,device_gpu_power_w,111.21,watt,ok,,device,
0.1,ffbe55b9-da45-4cd6-9d6b-000e22678788,1787665104774,230950,nvidia-smi,device_gpu_clock_mhz,1980.0,MHz,ok,,device,
0.1,ffbe55b9-da45-4cd6-9d6b-000e22678788,1787665105779,231955,psutil,process_cpu_pct_raw,592.2,percent,ok,,process,
0.1,ffbe55b9-da45-4cd6-9d6b-000e22678788,1787665105779,231955,psutil,process_cpu_pct,29.610000000000003,percent,ok,,process,
0.1,ffbe55b9-da45-4cd6-9d6b-000e22678788,1787665105779,231955,psutil,process_memory_mb,7722.25,MiB,ok,,process,
0.1,ffbe55b9-da45-4cd6-9d6b-000e22678788,1787665105779,231955,windows_pdh,process_gpu_pct,,percent,unavailable,OSError: PdhCollectQueryData=0x-7FFFF82B,process,
0.1,ffbe55b9-da45-4cd6-9d6b-000e22678788,1787665106769,232945,psutil,process_cpu_pct_raw,596.4,percent,ok,,process,
0.1,ffbe55b9-da45-4cd6-9d6b-000e22678788,1787665106769,232945,psutil,process_cpu_pct,29.82,percent,ok,,process,
0.1,ffbe55b9-da45-4cd6-9d6b-000e22678788,1787665106769,232945,psutil,process_memory_mb,7722.85546875,MiB,ok,,process,
0.1,ffbe55b9-da45-4cd6-9d6b-000e22678788,1787665106769,232945,windows_pdh,process_gpu_pct,,percent,unavailable,OSError: PdhCollectQueryData=0x-7FFFF82B,process,
0.1,ffbe55b9-da45-4cd6-9d6b-000e22678788,1787665107774,233950,psutil,process_cpu_pct_raw,574.2,percent,ok,,process,
0.1,ffbe55b9-da45-4cd6-9d6b-000e22678788,1787665107774,233950,psutil,process_cpu_pct,28.71,percent,ok,,process,
0.1,ffbe55b9-da45-4cd6-9d6b-000e22678788,1787665107774,233950,psutil,process_memory_mb,7724.125,MiB,ok,,process,
0.1,ffbe55b9-da45-4cd6-9d6b-000e22678788,1787665107774,233950,windows_pdh,process_gpu_pct,,percent,unavailable,OSError: PdhCollectQueryData=0x-7FFFF82B,process,
0.1,ffbe55b9-da45-4cd6-9d6b-000e22678788,1787665108765,234941,psutil,process_cpu_pct_raw,585.3,percent,ok,,process,
0.1,ffbe55b9-da45-4cd6-9d6b-000e22678788,1787665108765,234941,psutil,process_cpu_pct,29.264999999999997,percent,ok,,process,
0.1,ffbe55b9-da45-4cd6-9d6b-000e22678788,1787665108765,234941,psutil,process_memory_mb,7719.96484375,MiB,ok,,process,
0.1,ffbe55b9-da45-4cd6-9d6b-000e22678788,1787665108765,234941,windows_pdh,process_gpu_pct,,percent,unavailable,OSError: PdhCollectQueryData=0x-7FFFF82B,process,
0.1,ffbe55b9-da45-4cd6-9d6b-000e22678788,1787665109770,235946,psutil,process_cpu_pct_raw,469.5,percent,ok,,process,
0.1,ffbe55b9-da45-4cd6-9d6b-000e22678788,1787665109770,235946,psutil,process_cpu_pct,23.475,percent,ok,,process,
0.1,ffbe55b9-da45-4cd6-9d6b-000e22678788,1787665109770,235946,psutil,process_memory_mb,7716.64453125,MiB,ok,,process,
0.1,ffbe55b9-da45-4cd6-9d6b-000e22678788,1787665109770,235946,windows_pdh,process_gpu_pct,,percent,unavailable,OSError: PdhCollectQueryData=0x-7FFFF82B,process,
0.1,ffbe55b9-da45-4cd6-9d6b-000e22678788,1787665109770,235946,nvidia-smi,device_gpu_util_pct,95.0,percent,ok,,device,
0.1,ffbe55b9-da45-4cd6-9d6b-000e22678788,1787665109770,235946,nvidia-smi,device_vram_used_mb,4749.0,MiB,ok,,device,
0.1,ffbe55b9-da45-4cd6-9d6b-000e22678788,1787665109770,235946,nvidia-smi,device_gpu_temperature_c,61.0,celsius,ok,,device,
0.1,ffbe55b9-da45-4cd6-9d6b-000e22678788,1787665109770,235946,nvidia-smi,device_gpu_power_w,115.31,watt,ok,,device,
0.1,ffbe55b9-da45-4cd6-9d6b-000e22678788,1787665109770,235946,nvidia-smi,device_gpu_clock_mhz,1965.0,MHz,ok,,device,
0.1,ffbe55b9-da45-4cd6-9d6b-000e22678788,1787665110760,236936,psutil,process_cpu_pct_raw,490.2,percent,ok,,process,
0.1,ffbe55b9-da45-4cd6-9d6b-000e22678788,1787665110760,236936,psutil,process_cpu_pct,24.509999999999998,percent,ok,,process,
0.1,ffbe55b9-da45-4cd6-9d6b-000e22678788,1787665110760,236936,psutil,process_memory_mb,7724.7421875,MiB,ok,,process,
0.1,ffbe55b9-da45-4cd6-9d6b-000e22678788,1787665099000,225176,presentmon,app_fps,1.1520038825295649,fps,ok,,process,10
0.1,ffbe55b9-da45-4cd6-9d6b-000e22678788,1787665099000,225176,presentmon,frame_time_avg_ms,868.0526300000001,ms,ok,,process,10
0.1,ffbe55b9-da45-4cd6-9d6b-000e22678788,1787665099000,225176,presentmon,frame_time_p95_ms,8431.8672,ms,ok,,process,10
0.1,ffbe55b9-da45-4cd6-9d6b-000e22678788,1787665099000,225176,presentmon,gpu_busy_median_ms,20.556350000000002,ms,ok,,process,10
0.1,ffbe55b9-da45-4cd6-9d6b-000e22678788,1787665099000,225176,presentmon,gpu_busy_p95_ms,7221.1038,ms,ok,,process,10
0.1,ffbe55b9-da45-4cd6-9d6b-000e22678788,1787665107000,233176,presentmon,app_fps,50.69535009575085,fps,ok,,process,16
0.1,ffbe55b9-da45-4cd6-9d6b-000e22678788,1787665107000,233176,presentmon,frame_time_avg_ms,19.725675,ms,ok,,process,16
0.1,ffbe55b9-da45-4cd6-9d6b-000e22678788,1787665107000,233176,presentmon,frame_time_p95_ms,37.7541,ms,ok,,process,16
0.1,ffbe55b9-da45-4cd6-9d6b-000e22678788,1787665107000,233176,presentmon,gpu_busy_median_ms,19.52115,ms,ok,,process,16
0.1,ffbe55b9-da45-4cd6-9d6b-000e22678788,1787665107000,233176,presentmon,gpu_busy_p95_ms,20.2777,ms,ok,,process,16
0.1,ffbe55b9-da45-4cd6-9d6b-000e22678788,1787665110760,236936,windows_pdh,process_gpu_pct,,percent,unavailable,OSError: PdhCollectQueryData=0x-7FFFF82B,process,
0.1,ffbe55b9-da45-4cd6-9d6b-000e22678788,1787665111766,237942,psutil,process_cpu_pct_raw,551.6,percent,ok,,process,
0.1,ffbe55b9-da45-4cd6-9d6b-000e22678788,1787665111766,237942,psutil,process_cpu_pct,27.580000000000002,percent,ok,,process,
0.1,ffbe55b9-da45-4cd6-9d6b-000e22678788,1787665111766,237942,psutil,process_memory_mb,7722.4375,MiB,ok,,process,
0.1,ffbe55b9-da45-4cd6-9d6b-000e22678788,1787665108000,234176,presentmon,app_fps,40.17117230454373,fps,ok,,process,41
0.1,ffbe55b9-da45-4cd6-9d6b-000e22678788,1787665108000,234176,presentmon,frame_time_avg_ms,24.893473170731706,ms,ok,,process,41
0.1,ffbe55b9-da45-4cd6-9d6b-000e22678788,1787665108000,234176,presentmon,frame_time_p95_ms,34.0814,ms,ok,,process,41
0.1,ffbe55b9-da45-4cd6-9d6b-000e22678788,1787665108000,234176,presentmon,gpu_busy_median_ms,19.2072,ms,ok,,process,41
0.1,ffbe55b9-da45-4cd6-9d6b-000e22678788,1787665108000,234176,presentmon,gpu_busy_p95_ms,21.247,ms,ok,,process,41
0.1,ffbe55b9-da45-4cd6-9d6b-000e22678788,1787665111766,237942,windows_pdh,process_gpu_pct,,percent,unavailable,OSError: PdhCollectQueryData=0x-7FFFF82B,process,
0.1,ffbe55b9-da45-4cd6-9d6b-000e22678788,1787665112771,238947,psutil,process_cpu_pct_raw,654.2,percent,ok,,process,
0.1,ffbe55b9-da45-4cd6-9d6b-000e22678788,1787665112771,238947,psutil,process_cpu_pct,32.71,percent,ok,,process,
0.1,ffbe55b9-da45-4cd6-9d6b-000e22678788,1787665112771,238947,psutil,process_memory_mb,7727.51171875,MiB,ok,,process,
0.1,ffbe55b9-da45-4cd6-9d6b-000e22678788,1787665109000,235176,presentmon,app_fps,37.211581330285874,fps,ok,,process,37
0.1,ffbe55b9-da45-4cd6-9d6b-000e22678788,1787665109000,235176,presentmon,frame_time_avg_ms,26.873354054054055,ms,ok,,process,37
0.1,ffbe55b9-da45-4cd6-9d6b-000e22678788,1787665109000,235176,presentmon,frame_time_p95_ms,45.0032,ms,ok,,process,37
0.1,ffbe55b9-da45-4cd6-9d6b-000e22678788,1787665109000,235176,presentmon,gpu_busy_median_ms,18.6214,ms,ok,,process,37
0.1,ffbe55b9-da45-4cd6-9d6b-000e22678788,1787665109000,235176,presentmon,gpu_busy_p95_ms,19.5224,ms,ok,,process,37
0.1,ffbe55b9-da45-4cd6-9d6b-000e22678788,1787665112771,238947,windows_pdh,process_gpu_pct,,percent,unavailable,OSError: PdhCollectQueryData=0x-7FFFF82B,process,
0.1,ffbe55b9-da45-4cd6-9d6b-000e22678788,1787665113761,239937,psutil,process_cpu_pct_raw,667.8,percent,ok,,process,
0.1,ffbe55b9-da45-4cd6-9d6b-000e22678788,1787665113761,239937,psutil,process_cpu_pct,33.39,percent,ok,,process,
0.1,ffbe55b9-da45-4cd6-9d6b-000e22678788,1787665113761,239937,psutil,process_memory_mb,7730.59375,MiB,ok,,process,
0.1,ffbe55b9-da45-4cd6-9d6b-000e22678788,1787665110000,236176,presentmon,app_fps,50.65305463752522,fps,ok,,process,50
0.1,ffbe55b9-da45-4cd6-9d6b-000e22678788,1787665110000,236176,presentmon,frame_time_avg_ms,19.742146,ms,ok,,process,50
0.1,ffbe55b9-da45-4cd6-9d6b-000e22678788,1787665110000,236176,presentmon,frame_time_p95_ms,27.3995,ms,ok,,process,50
0.1,ffbe55b9-da45-4cd6-9d6b-000e22678788,1787665110000,236176,presentmon,gpu_busy_median_ms,18.71975,ms,ok,,process,50
0.1,ffbe55b9-da45-4cd6-9d6b-000e22678788,1787665110000,236176,presentmon,gpu_busy_p95_ms,20.9399,ms,ok,,process,50
0.1,ffbe55b9-da45-4cd6-9d6b-000e22678788,1787665113761,239937,windows_pdh,process_gpu_pct,,percent,unavailable,OSError: PdhCollectQueryData=0x-7FFFF82B,process,
0.1,ffbe55b9-da45-4cd6-9d6b-000e22678788,1787665114767,240943,psutil,process_cpu_pct_raw,603.1,percent,ok,,process,
0.1,ffbe55b9-da45-4cd6-9d6b-000e22678788,1787665114767,240943,psutil,process_cpu_pct,30.155,percent,ok,,process,
0.1,ffbe55b9-da45-4cd6-9d6b-000e22678788,1787665114767,240943,psutil,process_memory_mb,7734.5625,MiB,ok,,process,
0.1,ffbe55b9-da45-4cd6-9d6b-000e22678788,1787665111000,237176,presentmon,app_fps,35.401707601366155,fps,ok,,process,36
0.1,ffbe55b9-da45-4cd6-9d6b-000e22678788,1787665111000,237176,presentmon,frame_time_avg_ms,28.247225,ms,ok,,process,36
0.1,ffbe55b9-da45-4cd6-9d6b-000e22678788,1787665111000,237176,presentmon,frame_time_p95_ms,38.966,ms,ok,,process,36
0.1,ffbe55b9-da45-4cd6-9d6b-000e22678788,1787665111000,237176,presentmon,gpu_busy_median_ms,22.2771,ms,ok,,process,36
0.1,ffbe55b9-da45-4cd6-9d6b-000e22678788,1787665111000,237176,presentmon,gpu_busy_p95_ms,24.3416,ms,ok,,process,36
0.1,ffbe55b9-da45-4cd6-9d6b-000e22678788,1787665114767,240943,windows_pdh,process_gpu_pct,,percent,unavailable,OSError: PdhCollectQueryData=0x-7FFFF82B,process,
0.1,ffbe55b9-da45-4cd6-9d6b-000e22678788,1787665115773,241949,psutil,process_cpu_pct_raw,623.5,percent,ok,,process,
0.1,ffbe55b9-da45-4cd6-9d6b-000e22678788,1787665115773,241949,psutil,process_cpu_pct,31.175,percent,ok,,process,
0.1,ffbe55b9-da45-4cd6-9d6b-000e22678788,1787665115773,241949,psutil,process_memory_mb,7743.41015625,MiB,ok,,process,
0.1,ffbe55b9-da45-4cd6-9d6b-000e22678788,1787665112000,238176,presentmon,app_fps,35.8401671903977,fps,ok,,process,36
0.1,ffbe55b9-da45-4cd6-9d6b-000e22678788,1787665112000,238176,presentmon,frame_time_avg_ms,27.901655555555557,ms,ok,,process,36
0.1,ffbe55b9-da45-4cd6-9d6b-000e22678788,1787665112000,238176,presentmon,frame_time_p95_ms,43.1735,ms,ok,,process,36
0.1,ffbe55b9-da45-4cd6-9d6b-000e22678788,1787665112000,238176,presentmon,gpu_busy_median_ms,21.710549999999998,ms,ok,,process,36
0.1,ffbe55b9-da45-4cd6-9d6b-000e22678788,1787665112000,238176,presentmon,gpu_busy_p95_ms,23.5466,ms,ok,,process,36
0.1,ffbe55b9-da45-4cd6-9d6b-000e22678788,1787665115773,241949,windows_pdh,process_gpu_pct,,percent,unavailable,OSError: PdhCollectQueryData=0x-7FFFF82B,process,
0.1,ffbe55b9-da45-4cd6-9d6b-000e22678788,1787665115773,241949,nvidia-smi,device_gpu_util_pct,95.0,percent,ok,,device,
0.1,ffbe55b9-da45-4cd6-9d6b-000e22678788,1787665115773,241949,nvidia-smi,device_vram_used_mb,4793.0,MiB,ok,,device,
0.1,ffbe55b9-da45-4cd6-9d6b-000e22678788,1787665115773,241949,nvidia-smi,device_gpu_temperature_c,61.0,celsius,ok,,device,
0.1,ffbe55b9-da45-4cd6-9d6b-000e22678788,1787665115773,241949,nvidia-smi,device_gpu_power_w,119.68,watt,ok,,device,
0.1,ffbe55b9-da45-4cd6-9d6b-000e22678788,1787665115773,241949,nvidia-smi,device_gpu_clock_mhz,1965.0,MHz,ok,,device,
0.1,ffbe55b9-da45-4cd6-9d6b-000e22678788,1787665116778,242954,psutil,process_cpu_pct_raw,562.5,percent,ok,,process,
0.1,ffbe55b9-da45-4cd6-9d6b-000e22678788,1787665116778,242954,psutil,process_cpu_pct,28.125,percent,ok,,process,
0.1,ffbe55b9-da45-4cd6-9d6b-000e22678788,1787665116778,242954,psutil,process_memory_mb,7744.4453125,MiB,ok,,process,
0.1,ffbe55b9-da45-4cd6-9d6b-000e22678788,1787665113000,239176,presentmon,app_fps,45.52384746516642,fps,ok,,process,45
0.1,ffbe55b9-da45-4cd6-9d6b-000e22678788,1787665113000,239176,presentmon,frame_time_avg_ms,21.96650888888889,ms,ok,,process,45
0.1,ffbe55b9-da45-4cd6-9d6b-000e22678788,1787665113000,239176,presentmon,frame_time_p95_ms,31.1026,ms,ok,,process,45
0.1,ffbe55b9-da45-4cd6-9d6b-000e22678788,1787665113000,239176,presentmon,gpu_busy_median_ms,21.2708,ms,ok,,process,45
0.1,ffbe55b9-da45-4cd6-9d6b-000e22678788,1787665113000,239176,presentmon,gpu_busy_p95_ms,22.2324,ms,ok,,process,45
0.1,ffbe55b9-da45-4cd6-9d6b-000e22678788,1787665116778,242954,windows_pdh,process_gpu_pct,,percent,unavailable,OSError: PdhCollectQueryData=0x-7FFFF82B,process,
0.1,ffbe55b9-da45-4cd6-9d6b-000e22678788,1787665117768,243944,psutil,process_cpu_pct_raw,667.8,percent,ok,,process,
0.1,ffbe55b9-da45-4cd6-9d6b-000e22678788,1787665117768,243944,psutil,process_cpu_pct,33.39,percent,ok,,process,
0.1,ffbe55b9-da45-4cd6-9d6b-000e22678788,1787665117768,243944,psutil,process_memory_mb,7745.01171875,MiB,ok,,process,
0.1,ffbe55b9-da45-4cd6-9d6b-000e22678788,1787665114000,240176,presentmon,app_fps,34.43376558849483,fps,ok,,process,34
0.1,ffbe55b9-da45-4cd6-9d6b-000e22678788,1787665114000,240176,presentmon,frame_time_avg_ms,29.041261764705883,ms,ok,,process,34
0.1,ffbe55b9-da45-4cd6-9d6b-000e22678788,1787665114000,240176,presentmon,frame_time_p95_ms,62.6235,ms,ok,,process,34
0.1,ffbe55b9-da45-4cd6-9d6b-000e22678788,1787665114000,240176,presentmon,gpu_busy_median_ms,21.4118,ms,ok,,process,34
0.1,ffbe55b9-da45-4cd6-9d6b-000e22678788,1787665114000,240176,presentmon,gpu_busy_p95_ms,22.8714,ms,ok,,process,34
0.1,ffbe55b9-da45-4cd6-9d6b-000e22678788,1787665117768,243944,windows_pdh,process_gpu_pct,,percent,unavailable,OSError: PdhCollectQueryData=0x-7FFFF82B,process,
0.1,ffbe55b9-da45-4cd6-9d6b-000e22678788,1787665118773,244949,psutil,process_cpu_pct_raw,549.6,percent,ok,,process,
0.1,ffbe55b9-da45-4cd6-9d6b-000e22678788,1787665118773,244949,psutil,process_cpu_pct,27.48,percent,ok,,process,
0.1,ffbe55b9-da45-4cd6-9d6b-000e22678788,1787665118773,244949,psutil,process_memory_mb,7746.078125,MiB,ok,,process,
0.1,ffbe55b9-da45-4cd6-9d6b-000e22678788,1787665115000,241176,presentmon,app_fps,39.549953172855446,fps,ok,,process,40
0.1,ffbe55b9-da45-4cd6-9d6b-000e22678788,1787665115000,241176,presentmon,frame_time_avg_ms,25.28448,ms,ok,,process,40
0.1,ffbe55b9-da45-4cd6-9d6b-000e22678788,1787665115000,241176,presentmon,frame_time_p95_ms,40.9726,ms,ok,,process,40
0.1,ffbe55b9-da45-4cd6-9d6b-000e22678788,1787665115000,241176,presentmon,gpu_busy_median_ms,20.4884,ms,ok,,process,40
0.1,ffbe55b9-da45-4cd6-9d6b-000e22678788,1787665115000,241176,presentmon,gpu_busy_p95_ms,21.923,ms,ok,,process,40
0.1,ffbe55b9-da45-4cd6-9d6b-000e22678788,1787665118773,244949,windows_pdh,process_gpu_pct,,percent,unavailable,OSError: PdhCollectQueryData=0x-7FFFF82B,process,
0.1,ffbe55b9-da45-4cd6-9d6b-000e22678788,1787665119763,245939,psutil,process_cpu_pct_raw,724.9,percent,ok,,process,
0.1,ffbe55b9-da45-4cd6-9d6b-000e22678788,1787665119763,245939,psutil,process_cpu_pct,36.245,percent,ok,,process,
0.1,ffbe55b9-da45-4cd6-9d6b-000e22678788,1787665119763,245939,psutil,process_memory_mb,7746.36328125,MiB,ok,,process,
0.1,ffbe55b9-da45-4cd6-9d6b-000e22678788,1787665116000,242176,presentmon,app_fps,48.99730024875629,fps,ok,,process,49
0.1,ffbe55b9-da45-4cd6-9d6b-000e22678788,1787665116000,242176,presentmon,frame_time_avg_ms,20.409287755102042,ms,ok,,process,49
0.1,ffbe55b9-da45-4cd6-9d6b-000e22678788,1787665116000,242176,presentmon,frame_time_p95_ms,31.455,ms,ok,,process,49
0.1,ffbe55b9-da45-4cd6-9d6b-000e22678788,1787665116000,242176,presentmon,gpu_busy_median_ms,20.1818,ms,ok,,process,49
0.1,ffbe55b9-da45-4cd6-9d6b-000e22678788,1787665116000,242176,presentmon,gpu_busy_p95_ms,21.0621,ms,ok,,process,49
0.1,ffbe55b9-da45-4cd6-9d6b-000e22678788,1787665119763,245939,windows_pdh,process_gpu_pct,,percent,unavailable,OSError: PdhCollectQueryData=0x-7FFFF82B,process,
0.1,ffbe55b9-da45-4cd6-9d6b-000e22678788,1787665120769,246945,psutil,process_cpu_pct_raw,645.0,percent,ok,,process,
0.1,ffbe55b9-da45-4cd6-9d6b-000e22678788,1787665120769,246945,psutil,process_cpu_pct,32.25,percent,ok,,process,
0.1,ffbe55b9-da45-4cd6-9d6b-000e22678788,1787665120769,246945,psutil,process_memory_mb,7745.5,MiB,ok,,process,
0.1,ffbe55b9-da45-4cd6-9d6b-000e22678788,1787665117000,243176,presentmon,app_fps,41.73228737647988,fps,ok,,process,42
0.1,ffbe55b9-da45-4cd6-9d6b-000e22678788,1787665117000,243176,presentmon,frame_time_avg_ms,23.962261904761903,ms,ok,,process,42
0.1,ffbe55b9-da45-4cd6-9d6b-000e22678788,1787665117000,243176,presentmon,frame_time_p95_ms,32.6108,ms,ok,,process,42
0.1,ffbe55b9-da45-4cd6-9d6b-000e22678788,1787665117000,243176,presentmon,gpu_busy_median_ms,20.3958,ms,ok,,process,42
0.1,ffbe55b9-da45-4cd6-9d6b-000e22678788,1787665117000,243176,presentmon,gpu_busy_p95_ms,21.4651,ms,ok,,process,42
0.1,ffbe55b9-da45-4cd6-9d6b-000e22678788,1787665120769,246945,windows_pdh,process_gpu_pct,,percent,unavailable,OSError: PdhCollectQueryData=0x-7FFFF82B,process,
0.1,ffbe55b9-da45-4cd6-9d6b-000e22678788,1787665120769,246945,nvidia-smi,device_gpu_util_pct,85.0,percent,ok,,device,
0.1,ffbe55b9-da45-4cd6-9d6b-000e22678788,1787665120769,246945,nvidia-smi,device_vram_used_mb,4791.0,MiB,ok,,device,
0.1,ffbe55b9-da45-4cd6-9d6b-000e22678788,1787665120769,246945,nvidia-smi,device_gpu_temperature_c,63.0,celsius,ok,,device,
0.1,ffbe55b9-da45-4cd6-9d6b-000e22678788,1787665120769,246945,nvidia-smi,device_gpu_power_w,143.27,watt,ok,,device,
0.1,ffbe55b9-da45-4cd6-9d6b-000e22678788,1787665120769,246945,nvidia-smi,device_gpu_clock_mhz,1965.0,MHz,ok,,device,
0.1,ffbe55b9-da45-4cd6-9d6b-000e22678788,1787665121774,247950,psutil,process_cpu_pct_raw,600.0,percent,ok,,process,
0.1,ffbe55b9-da45-4cd6-9d6b-000e22678788,1787665121774,247950,psutil,process_cpu_pct,30.0,percent,ok,,process,
0.1,ffbe55b9-da45-4cd6-9d6b-000e22678788,1787665121774,247950,psutil,process_memory_mb,7745.83984375,MiB,ok,,process,
0.1,ffbe55b9-da45-4cd6-9d6b-000e22678788,1787665118000,244176,presentmon,app_fps,42.64698893980804,fps,ok,,process,42
0.1,ffbe55b9-da45-4cd6-9d6b-000e22678788,1787665118000,244176,presentmon,frame_time_avg_ms,23.448314285714286,ms,ok,,process,42
0.1,ffbe55b9-da45-4cd6-9d6b-000e22678788,1787665118000,244176,presentmon,frame_time_p95_ms,36.5123,ms,ok,,process,42
0.1,ffbe55b9-da45-4cd6-9d6b-000e22678788,1787665118000,244176,presentmon,gpu_busy_median_ms,20.24295,ms,ok,,process,42
0.1,ffbe55b9-da45-4cd6-9d6b-000e22678788,1787665118000,244176,presentmon,gpu_busy_p95_ms,21.1951,ms,ok,,process,42
0.1,ffbe55b9-da45-4cd6-9d6b-000e22678788,1787665121774,247950,windows_pdh,process_gpu_pct,,percent,unavailable,OSError: PdhCollectQueryData=0x-7FFFF82B,process,
0.1,ffbe55b9-da45-4cd6-9d6b-000e22678788,1787665122764,248940,psutil,process_cpu_pct_raw,539.3,percent,ok,,process,
0.1,ffbe55b9-da45-4cd6-9d6b-000e22678788,1787665122764,248940,psutil,process_cpu_pct,26.964999999999996,percent,ok,,process,
0.1,ffbe55b9-da45-4cd6-9d6b-000e22678788,1787665122764,248940,psutil,process_memory_mb,7745.82421875,MiB,ok,,process,
0.1,ffbe55b9-da45-4cd6-9d6b-000e22678788,1787665119000,245176,presentmon,app_fps,46.6743252282871,fps,ok,,process,47
0.1,ffbe55b9-da45-4cd6-9d6b-000e22678788,1787665119000,245176,presentmon,frame_time_avg_ms,21.42505531914894,ms,ok,,process,47
0.1,ffbe55b9-da45-4cd6-9d6b-000e22678788,1787665119000,245176,presentmon,frame_time_p95_ms,29.0149,ms,ok,,process,47
0.1,ffbe55b9-da45-4cd6-9d6b-000e22678788,1787665119000,245176,presentmon,gpu_busy_median_ms,20.899,ms,ok,,process,47
0.1,ffbe55b9-da45-4cd6-9d6b-000e22678788,1787665119000,245176,presentmon,gpu_busy_p95_ms,22.1507,ms,ok,,process,47
0.1,ffbe55b9-da45-4cd6-9d6b-000e22678788,1787665122764,248940,windows_pdh,process_gpu_pct,,percent,unavailable,OSError: PdhCollectQueryData=0x-7FFFF82B,process,
0.1,ffbe55b9-da45-4cd6-9d6b-000e22678788,1787665123770,249946,psutil,process_cpu_pct_raw,703.5,percent,ok,,process,
0.1,ffbe55b9-da45-4cd6-9d6b-000e22678788,1787665123770,249946,psutil,process_cpu_pct,35.175,percent,ok,,process,
0.1,ffbe55b9-da45-4cd6-9d6b-000e22678788,1787665123770,249946,psutil,process_memory_mb,7746.3828125,MiB,ok,,process,
0.1,ffbe55b9-da45-4cd6-9d6b-000e22678788,1787665120000,246176,presentmon,app_fps,41.744282871982804,fps,ok,,process,42
0.1,ffbe55b9-da45-4cd6-9d6b-000e22678788,1787665120000,246176,presentmon,frame_time_avg_ms,23.95537619047619,ms,ok,,process,42
0.1,ffbe55b9-da45-4cd6-9d6b-000e22678788,1787665120000,246176,presentmon,frame_time_p95_ms,29.4788,ms,ok,,process,42
0.1,ffbe55b9-da45-4cd6-9d6b-000e22678788,1787665120000,246176,presentmon,gpu_busy_median_ms,20.6027,ms,ok,,process,42
0.1,ffbe55b9-da45-4cd6-9d6b-000e22678788,1787665120000,246176,presentmon,gpu_busy_p95_ms,21.3808,ms,ok,,process,42
0.1,ffbe55b9-da45-4cd6-9d6b-000e22678788,1787665123770,249946,windows_pdh,process_gpu_pct,,percent,unavailable,OSError: PdhCollectQueryData=0x-7FFFF82B,process,
0.1,ffbe55b9-da45-4cd6-9d6b-000e22678788,1787665124775,250951,psutil,process_cpu_pct_raw,706.2,percent,ok,,process,
0.1,ffbe55b9-da45-4cd6-9d6b-000e22678788,1787665124775,250951,psutil,process_cpu_pct,35.31,percent,ok,,process,
0.1,ffbe55b9-da45-4cd6-9d6b-000e22678788,1787665124775,250951,psutil,process_memory_mb,7746.7578125,MiB,ok,,process,
0.1,ffbe55b9-da45-4cd6-9d6b-000e22678788,1787665121000,247176,presentmon,app_fps,42.118090702712266,fps,ok,,process,42
0.1,ffbe55b9-da45-4cd6-9d6b-000e22678788,1787665121000,247176,presentmon,frame_time_avg_ms,23.742766666666665,ms,ok,,process,42
0.1,ffbe55b9-da45-4cd6-9d6b-000e22678788,1787665121000,247176,presentmon,frame_time_p95_ms,32.8375,ms,ok,,process,42
0.1,ffbe55b9-da45-4cd6-9d6b-000e22678788,1787665121000,247176,presentmon,gpu_busy_median_ms,20.10115,ms,ok,,process,42
0.1,ffbe55b9-da45-4cd6-9d6b-000e22678788,1787665121000,247176,presentmon,gpu_busy_p95_ms,20.8932,ms,ok,,process,42
0.1,ffbe55b9-da45-4cd6-9d6b-000e22678788,1787665124775,250951,windows_pdh,process_gpu_pct,,percent,unavailable,OSError: PdhCollectQueryData=0x-7FFFF82B,process,
0.1,ffbe55b9-da45-4cd6-9d6b-000e22678788,1787665125766,251942,psutil,process_cpu_pct_raw,680.5,percent,ok,,process,
0.1,ffbe55b9-da45-4cd6-9d6b-000e22678788,1787665125766,251942,psutil,process_cpu_pct,34.025,percent,ok,,process,
0.1,ffbe55b9-da45-4cd6-9d6b-000e22678788,1787665125766,251942,psutil,process_memory_mb,7746.6640625,MiB,ok,,process,
0.1,ffbe55b9-da45-4cd6-9d6b-000e22678788,1787665122000,248176,presentmon,app_fps,44.330657944542544,fps,ok,,process,44
0.1,ffbe55b9-da45-4cd6-9d6b-000e22678788,1787665122000,248176,presentmon,frame_time_avg_ms,22.557752272727274,ms,ok,,process,44
0.1,ffbe55b9-da45-4cd6-9d6b-000e22678788,1787665122000,248176,presentmon,frame_time_p95_ms,34.4571,ms,ok,,process,44
0.1,ffbe55b9-da45-4cd6-9d6b-000e22678788,1787665122000,248176,presentmon,gpu_busy_median_ms,20.124000000000002,ms,ok,,process,44
0.1,ffbe55b9-da45-4cd6-9d6b-000e22678788,1787665122000,248176,presentmon,gpu_busy_p95_ms,21.2275,ms,ok,,process,44
0.1,ffbe55b9-da45-4cd6-9d6b-000e22678788,1787665125766,251942,windows_pdh,process_gpu_pct,,percent,unavailable,OSError: PdhCollectQueryData=0x-7FFFF82B,process,
0.1,ffbe55b9-da45-4cd6-9d6b-000e22678788,1787665126771,252947,psutil,process_cpu_pct_raw,638.9,percent,ok,,process,
0.1,ffbe55b9-da45-4cd6-9d6b-000e22678788,1787665126771,252947,psutil,process_cpu_pct,31.945,percent,ok,,process,
0.1,ffbe55b9-da45-4cd6-9d6b-000e22678788,1787665126771,252947,psutil,process_memory_mb,7747.2265625,MiB,ok,,process,
0.1,ffbe55b9-da45-4cd6-9d6b-000e22678788,1787665123000,249176,presentmon,app_fps,39.913093230799255,fps,ok,,process,40
0.1,ffbe55b9-da45-4cd6-9d6b-000e22678788,1787665123000,249176,presentmon,frame_time_avg_ms,25.054435,ms,ok,,process,40
0.1,ffbe55b9-da45-4cd6-9d6b-000e22678788,1787665123000,249176,presentmon,frame_time_p95_ms,40.7069,ms,ok,,process,40
0.1,ffbe55b9-da45-4cd6-9d6b-000e22678788,1787665123000,249176,presentmon,gpu_busy_median_ms,20.18395,ms,ok,,process,40
0.1,ffbe55b9-da45-4cd6-9d6b-000e22678788,1787665123000,249176,presentmon,gpu_busy_p95_ms,20.8103,ms,ok,,process,40
0.1,ffbe55b9-da45-4cd6-9d6b-000e22678788,1787665126771,252947,windows_pdh,process_gpu_pct,,percent,unavailable,OSError: PdhCollectQueryData=0x-7FFFF82B,process,
0.1,ffbe55b9-da45-4cd6-9d6b-000e22678788,1787665126771,252947,nvidia-smi,device_gpu_util_pct,81.0,percent,ok,,device,
0.1,ffbe55b9-da45-4cd6-9d6b-000e22678788,1787665126771,252947,nvidia-smi,device_vram_used_mb,4792.0,MiB,ok,,device,
0.1,ffbe55b9-da45-4cd6-9d6b-000e22678788,1787665126771,252947,nvidia-smi,device_gpu_temperature_c,63.0,celsius,ok,,device,
0.1,ffbe55b9-da45-4cd6-9d6b-000e22678788,1787665126771,252947,nvidia-smi,device_gpu_power_w,146.93,watt,ok,,device,
0.1,ffbe55b9-da45-4cd6-9d6b-000e22678788,1787665126771,252947,nvidia-smi,device_gpu_clock_mhz,1965.0,MHz,ok,,device,
0.1,ffbe55b9-da45-4cd6-9d6b-000e22678788,1787665127761,253937,psutil,process_cpu_pct_raw,647.2,percent,ok,,process,
0.1,ffbe55b9-da45-4cd6-9d6b-000e22678788,1787665127761,253937,psutil,process_cpu_pct,32.36,percent,ok,,process,
0.1,ffbe55b9-da45-4cd6-9d6b-000e22678788,1787665127761,253937,psutil,process_memory_mb,7747.21484375,MiB,ok,,process,
0.1,ffbe55b9-da45-4cd6-9d6b-000e22678788,1787665124000,250176,presentmon,app_fps,40.321491314549164,fps,ok,,process,40
0.1,ffbe55b9-da45-4cd6-9d6b-000e22678788,1787665124000,250176,presentmon,frame_time_avg_ms,24.80067,ms,ok,,process,40
0.1,ffbe55b9-da45-4cd6-9d6b-000e22678788,1787665124000,250176,presentmon,frame_time_p95_ms,32.2251,ms,ok,,process,40
0.1,ffbe55b9-da45-4cd6-9d6b-000e22678788,1787665124000,250176,presentmon,gpu_busy_median_ms,20.19005,ms,ok,,process,40
0.1,ffbe55b9-da45-4cd6-9d6b-000e22678788,1787665124000,250176,presentmon,gpu_busy_p95_ms,21.0294,ms,ok,,process,40
0.1,ffbe55b9-da45-4cd6-9d6b-000e22678788,1787665127761,253937,windows_pdh,process_gpu_pct,,percent,unavailable,OSError: PdhCollectQueryData=0x-7FFFF82B,process,
0.1,ffbe55b9-da45-4cd6-9d6b-000e22678788,1787665128767,254943,psutil,process_cpu_pct_raw,789.1,percent,ok,,process,
0.1,ffbe55b9-da45-4cd6-9d6b-000e22678788,1787665128767,254943,psutil,process_cpu_pct,39.455,percent,ok,,process,
0.1,ffbe55b9-da45-4cd6-9d6b-000e22678788,1787665128767,254943,psutil,process_memory_mb,7747.703125,MiB,ok,,process,
0.1,ffbe55b9-da45-4cd6-9d6b-000e22678788,1787665125000,251176,presentmon,app_fps,50.00668589390401,fps,ok,,process,50
0.1,ffbe55b9-da45-4cd6-9d6b-000e22678788,1787665125000,251176,presentmon,frame_time_avg_ms,19.997326,ms,ok,,process,50
0.1,ffbe55b9-da45-4cd6-9d6b-000e22678788,1787665125000,251176,presentmon,frame_time_p95_ms,26.559,ms,ok,,process,50
0.1,ffbe55b9-da45-4cd6-9d6b-000e22678788,1787665125000,251176,presentmon,gpu_busy_median_ms,19.8777,ms,ok,,process,50
0.1,ffbe55b9-da45-4cd6-9d6b-000e22678788,1787665125000,251176,presentmon,gpu_busy_p95_ms,20.8192,ms,ok,,process,50
0.1,ffbe55b9-da45-4cd6-9d6b-000e22678788,1787665128767,254943,windows_pdh,process_gpu_pct,,percent,unavailable,OSError: PdhCollectQueryData=0x-7FFFF82B,process,
0.1,ffbe55b9-da45-4cd6-9d6b-000e22678788,1787665129772,255948,psutil,process_cpu_pct_raw,648.1,percent,ok,,process,
0.1,ffbe55b9-da45-4cd6-9d6b-000e22678788,1787665129772,255948,psutil,process_cpu_pct,32.405,percent,ok,,process,
0.1,ffbe55b9-da45-4cd6-9d6b-000e22678788,1787665129772,255948,psutil,process_memory_mb,7749.0703125,MiB,ok,,process,
0.1,ffbe55b9-da45-4cd6-9d6b-000e22678788,1787665126000,252176,presentmon,app_fps,45.41164222220489,fps,ok,,process,46
0.1,ffbe55b9-da45-4cd6-9d6b-000e22678788,1787665126000,252176,presentmon,frame_time_avg_ms,22.020784782608697,ms,ok,,process,46
0.1,ffbe55b9-da45-4cd6-9d6b-000e22678788,1787665126000,252176,presentmon,frame_time_p95_ms,30.9089,ms,ok,,process,46
0.1,ffbe55b9-da45-4cd6-9d6b-000e22678788,1787665126000,252176,presentmon,gpu_busy_median_ms,20.113950000000003,ms,ok,,process,46
0.1,ffbe55b9-da45-4cd6-9d6b-000e22678788,1787665126000,252176,presentmon,gpu_busy_p95_ms,20.9251,ms,ok,,process,46
0.1,ffbe55b9-da45-4cd6-9d6b-000e22678788,1787665129772,255948,windows_pdh,process_gpu_pct,,percent,unavailable,OSError: PdhCollectQueryData=0x-7FFFF82B,process,
0.1,ffbe55b9-da45-4cd6-9d6b-000e22678788,1787665130778,256954,psutil,process_cpu_pct_raw,618.8,percent,ok,,process,
0.1,ffbe55b9-da45-4cd6-9d6b-000e22678788,1787665130778,256954,psutil,process_cpu_pct,30.939999999999998,percent,ok,,process,
0.1,ffbe55b9-da45-4cd6-9d6b-000e22678788,1787665130778,256954,psutil,process_memory_mb,7749.4921875,MiB,ok,,process,
0.1,ffbe55b9-da45-4cd6-9d6b-000e22678788,1787665127000,253176,presentmon,app_fps,40.4125270347177,fps,ok,,process,40
0.1,ffbe55b9-da45-4cd6-9d6b-000e22678788,1787665127000,253176,presentmon,frame_time_avg_ms,24.7448025,ms,ok,,process,40
0.1,ffbe55b9-da45-4cd6-9d6b-000e22678788,1787665127000,253176,presentmon,frame_time_p95_ms,34.9153,ms,ok,,process,40
0.1,ffbe55b9-da45-4cd6-9d6b-000e22678788,1787665127000,253176,presentmon,gpu_busy_median_ms,20.151899999999998,ms,ok,,process,40
0.1,ffbe55b9-da45-4cd6-9d6b-000e22678788,1787665127000,253176,presentmon,gpu_busy_p95_ms,21.1318,ms,ok,,process,40
0.1,ffbe55b9-da45-4cd6-9d6b-000e22678788,1787665130778,256954,windows_pdh,process_gpu_pct,,percent,unavailable,OSError: PdhCollectQueryData=0x-7FFFF82B,process,
0.1,ffbe55b9-da45-4cd6-9d6b-000e22678788,1787665131768,257944,psutil,process_cpu_pct_raw,520.3,percent,ok,,process,
0.1,ffbe55b9-da45-4cd6-9d6b-000e22678788,1787665131768,257944,psutil,process_cpu_pct,26.014999999999997,percent,ok,,process,
0.1,ffbe55b9-da45-4cd6-9d6b-000e22678788,1787665131768,257944,psutil,process_memory_mb,7749.9921875,MiB,ok,,process,
0.1,ffbe55b9-da45-4cd6-9d6b-000e22678788,1787665128000,254176,presentmon,app_fps,48.49726762435243,fps,ok,,process,49
0.1,ffbe55b9-da45-4cd6-9d6b-000e22678788,1787665128000,254176,presentmon,frame_time_avg_ms,20.61971836734694,ms,ok,,process,49
0.1,ffbe55b9-da45-4cd6-9d6b-000e22678788,1787665128000,254176,presentmon,frame_time_p95_ms,28.2356,ms,ok,,process,49
0.1,ffbe55b9-da45-4cd6-9d6b-000e22678788,1787665128000,254176,presentmon,gpu_busy_median_ms,19.8757,ms,ok,,process,49
0.1,ffbe55b9-da45-4cd6-9d6b-000e22678788,1787665128000,254176,presentmon,gpu_busy_p95_ms,21.1667,ms,ok,,process,49
0.1,ffbe55b9-da45-4cd6-9d6b-000e22678788,1787665131768,257944,windows_pdh,process_gpu_pct,,percent,unavailable,OSError: PdhCollectQueryData=0x-7FFFF82B,process,
0.1,ffbe55b9-da45-4cd6-9d6b-000e22678788,1787665131768,257944,nvidia-smi,device_gpu_util_pct,86.0,percent,ok,,device,
0.1,ffbe55b9-da45-4cd6-9d6b-000e22678788,1787665131768,257944,nvidia-smi,device_vram_used_mb,4784.0,MiB,ok,,device,
0.1,ffbe55b9-da45-4cd6-9d6b-000e22678788,1787665131768,257944,nvidia-smi,device_gpu_temperature_c,63.0,celsius,ok,,device,
0.1,ffbe55b9-da45-4cd6-9d6b-000e22678788,1787665131768,257944,nvidia-smi,device_gpu_power_w,121.26,watt,ok,,device,
0.1,ffbe55b9-da45-4cd6-9d6b-000e22678788,1787665131768,257944,nvidia-smi,device_gpu_clock_mhz,1965.0,MHz,ok,,device,
0.1,ffbe55b9-da45-4cd6-9d6b-000e22678788,1787665132773,258949,psutil,process_cpu_pct_raw,753.1,percent,ok,,process,
0.1,ffbe55b9-da45-4cd6-9d6b-000e22678788,1787665132773,258949,psutil,process_cpu_pct,37.655,percent,ok,,process,
0.1,ffbe55b9-da45-4cd6-9d6b-000e22678788,1787665132773,258949,psutil,process_memory_mb,7752.21484375,MiB,ok,,process,
0.1,ffbe55b9-da45-4cd6-9d6b-000e22678788,1787665129000,255176,presentmon,app_fps,44.66100520757471,fps,ok,,process,44
0.1,ffbe55b9-da45-4cd6-9d6b-000e22678788,1787665129000,255176,presentmon,frame_time_avg_ms,22.390897727272726,ms,ok,,process,44
0.1,ffbe55b9-da45-4cd6-9d6b-000e22678788,1787665129000,255176,presentmon,frame_time_p95_ms,28.9584,ms,ok,,process,44
0.1,ffbe55b9-da45-4cd6-9d6b-000e22678788,1787665129000,255176,presentmon,gpu_busy_median_ms,20.4724,ms,ok,,process,44
0.1,ffbe55b9-da45-4cd6-9d6b-000e22678788,1787665129000,255176,presentmon,gpu_busy_p95_ms,21.2571,ms,ok,,process,44
0.1,ffbe55b9-da45-4cd6-9d6b-000e22678788,1787665132773,258949,windows_pdh,process_gpu_pct,,percent,unavailable,OSError: PdhCollectQueryData=0x-7FFFF82B,process,
0.1,ffbe55b9-da45-4cd6-9d6b-000e22678788,1787665133778,259954,psutil,process_cpu_pct_raw,575.0,percent,ok,,process,
0.1,ffbe55b9-da45-4cd6-9d6b-000e22678788,1787665133778,259954,psutil,process_cpu_pct,28.75,percent,ok,,process,
0.1,ffbe55b9-da45-4cd6-9d6b-000e22678788,1787665133778,259954,psutil,process_memory_mb,7753.66015625,MiB,ok,,process,
0.1,ffbe55b9-da45-4cd6-9d6b-000e22678788,1787665130000,256176,presentmon,app_fps,39.18740593138566,fps,ok,,process,39
0.1,ffbe55b9-da45-4cd6-9d6b-000e22678788,1787665130000,256176,presentmon,frame_time_avg_ms,25.518402564102566,ms,ok,,process,39
0.1,ffbe55b9-da45-4cd6-9d6b-000e22678788,1787665130000,256176,presentmon,frame_time_p95_ms,37.0927,ms,ok,,process,39
0.1,ffbe55b9-da45-4cd6-9d6b-000e22678788,1787665130000,256176,presentmon,gpu_busy_median_ms,20.1609,ms,ok,,process,39
0.1,ffbe55b9-da45-4cd6-9d6b-000e22678788,1787665130000,256176,presentmon,gpu_busy_p95_ms,21.5117,ms,ok,,process,39
0.1,ffbe55b9-da45-4cd6-9d6b-000e22678788,1787665133778,259954,windows_pdh,process_gpu_pct,,percent,unavailable,OSError: PdhCollectQueryData=0x-7FFFF82B,process,
0.1,ffbe55b9-da45-4cd6-9d6b-000e22678788,1787665134768,260944,psutil,process_cpu_pct_raw,735.9,percent,ok,,process,
0.1,ffbe55b9-da45-4cd6-9d6b-000e22678788,1787665134768,260944,psutil,process_cpu_pct,36.795,percent,ok,,process,
0.1,ffbe55b9-da45-4cd6-9d6b-000e22678788,1787665134768,260944,psutil,process_memory_mb,7754.578125,MiB,ok,,process,
0.1,ffbe55b9-da45-4cd6-9d6b-000e22678788,1787665131000,257176,presentmon,app_fps,50.51038765930208,fps,ok,,process,51
0.1,ffbe55b9-da45-4cd6-9d6b-000e22678788,1787665131000,257176,presentmon,frame_time_avg_ms,19.797907843137256,ms,ok,,process,51
0.1,ffbe55b9-da45-4cd6-9d6b-000e22678788,1787665131000,257176,presentmon,frame_time_p95_ms,27.7825,ms,ok,,process,51
0.1,ffbe55b9-da45-4cd6-9d6b-000e22678788,1787665131000,257176,presentmon,gpu_busy_median_ms,19.4609,ms,ok,,process,51
0.1,ffbe55b9-da45-4cd6-9d6b-000e22678788,1787665131000,257176,presentmon,gpu_busy_p95_ms,20.8601,ms,ok,,process,51
0.1,ffbe55b9-da45-4cd6-9d6b-000e22678788,1787665134768,260944,windows_pdh,process_gpu_pct,,percent,unavailable,OSError: PdhCollectQueryData=0x-7FFFF82B,process,
0.1,ffbe55b9-da45-4cd6-9d6b-000e22678788,1787665135758,261934,psutil,process_cpu_pct_raw,620.2,percent,ok,,process,
0.1,ffbe55b9-da45-4cd6-9d6b-000e22678788,1787665135758,261934,psutil,process_cpu_pct,31.01,percent,ok,,process,
0.1,ffbe55b9-da45-4cd6-9d6b-000e22678788,1787665135758,261934,psutil,process_memory_mb,7756.41796875,MiB,ok,,process,
0.1,ffbe55b9-da45-4cd6-9d6b-000e22678788,1787665132000,258176,presentmon,app_fps,45.08473479884857,fps,ok,,process,46
0.1,ffbe55b9-da45-4cd6-9d6b-000e22678788,1787665132000,258176,presentmon,frame_time_avg_ms,22.18045652173913,ms,ok,,process,46
0.1,ffbe55b9-da45-4cd6-9d6b-000e22678788,1787665132000,258176,presentmon,frame_time_p95_ms,30.7374,ms,ok,,process,46
0.1,ffbe55b9-da45-4cd6-9d6b-000e22678788,1787665132000,258176,presentmon,gpu_busy_median_ms,19.9887,ms,ok,,process,46
0.1,ffbe55b9-da45-4cd6-9d6b-000e22678788,1787665132000,258176,presentmon,gpu_busy_p95_ms,21.2906,ms,ok,,process,46
0.1,ffbe55b9-da45-4cd6-9d6b-000e22678788,1787665135758,261934,windows_pdh,process_gpu_pct,,percent,unavailable,OSError: PdhCollectQueryData=0x-7FFFF82B,process,
0.1,ffbe55b9-da45-4cd6-9d6b-000e22678788,1787665136764,262940,psutil,process_cpu_pct_raw,696.9,percent,ok,,process,
0.1,ffbe55b9-da45-4cd6-9d6b-000e22678788,1787665136764,262940,psutil,process_cpu_pct,34.845,percent,ok,,process,
0.1,ffbe55b9-da45-4cd6-9d6b-000e22678788,1787665136764,262940,psutil,process_memory_mb,7757.90625,MiB,ok,,process,
0.1,ffbe55b9-da45-4cd6-9d6b-000e22678788,1787665133000,259176,presentmon,app_fps,36.98806210295627,fps,ok,,process,36
0.1,ffbe55b9-da45-4cd6-9d6b-000e22678788,1787665133000,259176,presentmon,frame_time_avg_ms,27.03575,ms,ok,,process,36
0.1,ffbe55b9-da45-4cd6-9d6b-000e22678788,1787665133000,259176,presentmon,frame_time_p95_ms,38.2555,ms,ok,,process,36
0.1,ffbe55b9-da45-4cd6-9d6b-000e22678788,1787665133000,259176,presentmon,gpu_busy_median_ms,21.4371,ms,ok,,process,36
0.1,ffbe55b9-da45-4cd6-9d6b-000e22678788,1787665133000,259176,presentmon,gpu_busy_p95_ms,22.6244,ms,ok,,process,36
0.1,ffbe55b9-da45-4cd6-9d6b-000e22678788,1787665136764,262940,windows_pdh,process_gpu_pct,,percent,unavailable,OSError: PdhCollectQueryData=0x-7FFFF82B,process,
0.1,ffbe55b9-da45-4cd6-9d6b-000e22678788,1787665137769,263945,psutil,process_cpu_pct_raw,620.4,percent,ok,,process,
0.1,ffbe55b9-da45-4cd6-9d6b-000e22678788,1787665137769,263945,psutil,process_cpu_pct,31.02,percent,ok,,process,
0.1,ffbe55b9-da45-4cd6-9d6b-000e22678788,1787665137769,263945,psutil,process_memory_mb,7755.3828125,MiB,ok,,process,
0.1,ffbe55b9-da45-4cd6-9d6b-000e22678788,1787665134000,260176,presentmon,app_fps,46.29590867294748,fps,ok,,process,47
0.1,ffbe55b9-da45-4cd6-9d6b-000e22678788,1787665134000,260176,presentmon,frame_time_avg_ms,21.60018085106383,ms,ok,,process,47
0.1,ffbe55b9-da45-4cd6-9d6b-000e22678788,1787665134000,260176,presentmon,frame_time_p95_ms,32.3762,ms,ok,,process,47
0.1,ffbe55b9-da45-4cd6-9d6b-000e22678788,1787665134000,260176,presentmon,gpu_busy_median_ms,20.5583,ms,ok,,process,47
0.1,ffbe55b9-da45-4cd6-9d6b-000e22678788,1787665134000,260176,presentmon,gpu_busy_p95_ms,21.7234,ms,ok,,process,47
0.1,ffbe55b9-da45-4cd6-9d6b-000e22678788,1787665137769,263945,windows_pdh,process_gpu_pct,,percent,unavailable,OSError: PdhCollectQueryData=0x-7FFFF82B,process,
0.1,ffbe55b9-da45-4cd6-9d6b-000e22678788,1787665137769,263945,nvidia-smi,device_gpu_util_pct,85.0,percent,ok,,device,
0.1,ffbe55b9-da45-4cd6-9d6b-000e22678788,1787665137769,263945,nvidia-smi,device_vram_used_mb,4784.0,MiB,ok,,device,
0.1,ffbe55b9-da45-4cd6-9d6b-000e22678788,1787665137769,263945,nvidia-smi,device_gpu_temperature_c,62.0,celsius,ok,,device,
0.1,ffbe55b9-da45-4cd6-9d6b-000e22678788,1787665137769,263945,nvidia-smi,device_gpu_power_w,118.54,watt,ok,,device,
0.1,ffbe55b9-da45-4cd6-9d6b-000e22678788,1787665137769,263945,nvidia-smi,device_gpu_clock_mhz,1965.0,MHz,ok,,device,
0.1,ffbe55b9-da45-4cd6-9d6b-000e22678788,1787665138759,264935,psutil,process_cpu_pct_raw,582.2,percent,ok,,process,
0.1,ffbe55b9-da45-4cd6-9d6b-000e22678788,1787665138759,264935,psutil,process_cpu_pct,29.110000000000003,percent,ok,,process,
0.1,ffbe55b9-da45-4cd6-9d6b-000e22678788,1787665138759,264935,psutil,process_memory_mb,7757.71484375,MiB,ok,,process,
0.1,ffbe55b9-da45-4cd6-9d6b-000e22678788,1787665135000,261176,presentmon,app_fps,45.21390245110594,fps,ok,,process,45
0.1,ffbe55b9-da45-4cd6-9d6b-000e22678788,1787665135000,261176,presentmon,frame_time_avg_ms,22.11709111111111,ms,ok,,process,45
0.1,ffbe55b9-da45-4cd6-9d6b-000e22678788,1787665135000,261176,presentmon,frame_time_p95_ms,30.0997,ms,ok,,process,45
0.1,ffbe55b9-da45-4cd6-9d6b-000e22678788,1787665135000,261176,presentmon,gpu_busy_median_ms,19.734,ms,ok,,process,45
0.1,ffbe55b9-da45-4cd6-9d6b-000e22678788,1787665135000,261176,presentmon,gpu_busy_p95_ms,20.8282,ms,ok,,process,45
0.1,ffbe55b9-da45-4cd6-9d6b-000e22678788,1787665138759,264935,windows_pdh,process_gpu_pct,,percent,unavailable,OSError: PdhCollectQueryData=0x-7FFFF82B,process,
0.1,ffbe55b9-da45-4cd6-9d6b-000e22678788,1787665139765,265941,psutil,process_cpu_pct_raw,634.4,percent,ok,,process,
0.1,ffbe55b9-da45-4cd6-9d6b-000e22678788,1787665139765,265941,psutil,process_cpu_pct,31.72,percent,ok,,process,
0.1,ffbe55b9-da45-4cd6-9d6b-000e22678788,1787665139765,265941,psutil,process_memory_mb,7758.6796875,MiB,ok,,process,
0.1,ffbe55b9-da45-4cd6-9d6b-000e22678788,1787665136000,262176,presentmon,app_fps,39.983278992725246,fps,ok,,process,40
0.1,ffbe55b9-da45-4cd6-9d6b-000e22678788,1787665136000,262176,presentmon,frame_time_avg_ms,25.010455,ms,ok,,process,40
0.1,ffbe55b9-da45-4cd6-9d6b-000e22678788,1787665136000,262176,presentmon,frame_time_p95_ms,32.8999,ms,ok,,process,40
0.1,ffbe55b9-da45-4cd6-9d6b-000e22678788,1787665136000,262176,presentmon,gpu_busy_median_ms,20.011400000000002,ms,ok,,process,40
0.1,ffbe55b9-da45-4cd6-9d6b-000e22678788,1787665136000,262176,presentmon,gpu_busy_p95_ms,20.8913,ms,ok,,process,40
0.1,ffbe55b9-da45-4cd6-9d6b-000e22678788,1787665139765,265941,windows_pdh,process_gpu_pct,,percent,unavailable,OSError: PdhCollectQueryData=0x-7FFFF82B,process,
0.1,ffbe55b9-da45-4cd6-9d6b-000e22678788,1787665140770,266946,psutil,process_cpu_pct_raw,605.0,percent,ok,,process,
0.1,ffbe55b9-da45-4cd6-9d6b-000e22678788,1787665140770,266946,psutil,process_cpu_pct,30.25,percent,ok,,process,
0.1,ffbe55b9-da45-4cd6-9d6b-000e22678788,1787665140770,266946,psutil,process_memory_mb,7725.2421875,MiB,ok,,process,
0.1,ffbe55b9-da45-4cd6-9d6b-000e22678788,1787665137000,263176,presentmon,app_fps,50.36889168895154,fps,ok,,process,50
0.1,ffbe55b9-da45-4cd6-9d6b-000e22678788,1787665137000,263176,presentmon,frame_time_avg_ms,19.853524,ms,ok,,process,50
0.1,ffbe55b9-da45-4cd6-9d6b-000e22678788,1787665137000,263176,presentmon,frame_time_p95_ms,24.5324,ms,ok,,process,50
0.1,ffbe55b9-da45-4cd6-9d6b-000e22678788,1787665137000,263176,presentmon,gpu_busy_median_ms,19.659550000000003,ms,ok,,process,50
0.1,ffbe55b9-da45-4cd6-9d6b-000e22678788,1787665137000,263176,presentmon,gpu_busy_p95_ms,20.4526,ms,ok,,process,50
0.1,ffbe55b9-da45-4cd6-9d6b-000e22678788,1787665140770,266946,windows_pdh,process_gpu_pct,,percent,unavailable,OSError: PdhCollectQueryData=0x-7FFFF82B,process,
0.1,ffbe55b9-da45-4cd6-9d6b-000e22678788,1787665141776,267952,psutil,process_cpu_pct_raw,598.4,percent,ok,,process,
0.1,ffbe55b9-da45-4cd6-9d6b-000e22678788,1787665141776,267952,psutil,process_cpu_pct,29.919999999999998,percent,ok,,process,
0.1,ffbe55b9-da45-4cd6-9d6b-000e22678788,1787665141776,267952,psutil,process_memory_mb,7725.73828125,MiB,ok,,process,
0.1,ffbe55b9-da45-4cd6-9d6b-000e22678788,1787665138000,264176,presentmon,app_fps,43.984013277307476,fps,ok,,process,45
0.1,ffbe55b9-da45-4cd6-9d6b-000e22678788,1787665138000,264176,presentmon,frame_time_avg_ms,22.735533333333333,ms,ok,,process,45
0.1,ffbe55b9-da45-4cd6-9d6b-000e22678788,1787665138000,264176,presentmon,frame_time_p95_ms,36.6935,ms,ok,,process,45
0.1,ffbe55b9-da45-4cd6-9d6b-000e22678788,1787665138000,264176,presentmon,gpu_busy_median_ms,19.9502,ms,ok,,process,45
0.1,ffbe55b9-da45-4cd6-9d6b-000e22678788,1787665138000,264176,presentmon,gpu_busy_p95_ms,20.7903,ms,ok,,process,45
0.1,ffbe55b9-da45-4cd6-9d6b-000e22678788,1787665141776,267952,windows_pdh,process_gpu_pct,,percent,unavailable,OSError: PdhCollectQueryData=0x-7FFFF82B,process,
0.1,ffbe55b9-da45-4cd6-9d6b-000e22678788,1787665142766,268942,psutil,process_cpu_pct_raw,601.2,percent,ok,,process,
0.1,ffbe55b9-da45-4cd6-9d6b-000e22678788,1787665142766,268942,psutil,process_cpu_pct,30.060000000000002,percent,ok,,process,
0.1,ffbe55b9-da45-4cd6-9d6b-000e22678788,1787665142766,268942,psutil,process_memory_mb,7725.83203125,MiB,ok,,process,
0.1,ffbe55b9-da45-4cd6-9d6b-000e22678788,1787665139000,265176,presentmon,app_fps,41.33812936293708,fps,ok,,process,41
0.1,ffbe55b9-da45-4cd6-9d6b-000e22678788,1787665139000,265176,presentmon,frame_time_avg_ms,24.190741463414632,ms,ok,,process,41
0.1,ffbe55b9-da45-4cd6-9d6b-000e22678788,1787665139000,265176,presentmon,frame_time_p95_ms,31.8392,ms,ok,,process,41
0.1,ffbe55b9-da45-4cd6-9d6b-000e22678788,1787665139000,265176,presentmon,gpu_busy_median_ms,19.793,ms,ok,,process,41
0.1,ffbe55b9-da45-4cd6-9d6b-000e22678788,1787665139000,265176,presentmon,gpu_busy_p95_ms,21.0156,ms,ok,,process,41
0.1,ffbe55b9-da45-4cd6-9d6b-000e22678788,1787665142766,268942,windows_pdh,process_gpu_pct,,percent,unavailable,OSError: PdhCollectQueryData=0x-7FFFF82B,process,
0.1,ffbe55b9-da45-4cd6-9d6b-000e22678788,1787665143772,269948,psutil,process_cpu_pct_raw,592.7,percent,ok,,process,
0.1,ffbe55b9-da45-4cd6-9d6b-000e22678788,1787665143772,269948,psutil,process_cpu_pct,29.635,percent,ok,,process,
0.1,ffbe55b9-da45-4cd6-9d6b-000e22678788,1787665143772,269948,psutil,process_memory_mb,7727.09765625,MiB,ok,,process,
0.1,ffbe55b9-da45-4cd6-9d6b-000e22678788,1787665140000,266176,presentmon,app_fps,50.574158304398175,fps,ok,,process,50
0.1,ffbe55b9-da45-4cd6-9d6b-000e22678788,1787665140000,266176,presentmon,frame_time_avg_ms,19.772944,ms,ok,,process,50
0.1,ffbe55b9-da45-4cd6-9d6b-000e22678788,1787665140000,266176,presentmon,frame_time_p95_ms,26.2276,ms,ok,,process,50
0.1,ffbe55b9-da45-4cd6-9d6b-000e22678788,1787665140000,266176,presentmon,gpu_busy_median_ms,19.54645,ms,ok,,process,50
0.1,ffbe55b9-da45-4cd6-9d6b-000e22678788,1787665140000,266176,presentmon,gpu_busy_p95_ms,20.4734,ms,ok,,process,50
0.1,ffbe55b9-da45-4cd6-9d6b-000e22678788,1787665143772,269948,windows_pdh,process_gpu_pct,,percent,unavailable,OSError: PdhCollectQueryData=0x-7FFFF82B,process,
0.1,ffbe55b9-da45-4cd6-9d6b-000e22678788,1787665143772,269948,nvidia-smi,device_gpu_util_pct,72.0,percent,ok,,device,
0.1,ffbe55b9-da45-4cd6-9d6b-000e22678788,1787665143772,269948,nvidia-smi,device_vram_used_mb,4784.0,MiB,ok,,device,
0.1,ffbe55b9-da45-4cd6-9d6b-000e22678788,1787665143772,269948,nvidia-smi,device_gpu_temperature_c,63.0,celsius,ok,,device,
0.1,ffbe55b9-da45-4cd6-9d6b-000e22678788,1787665143772,269948,nvidia-smi,device_gpu_power_w,133.86,watt,ok,,device,
0.1,ffbe55b9-da45-4cd6-9d6b-000e22678788,1787665143772,269948,nvidia-smi,device_gpu_clock_mhz,1965.0,MHz,ok,,device,
0.1,ffbe55b9-da45-4cd6-9d6b-000e22678788,1787665144762,270938,psutil,process_cpu_pct_raw,683.7,percent,ok,,process,
0.1,ffbe55b9-da45-4cd6-9d6b-000e22678788,1787665144762,270938,psutil,process_cpu_pct,34.185,percent,ok,,process,
0.1,ffbe55b9-da45-4cd6-9d6b-000e22678788,1787665144762,270938,psutil,process_memory_mb,7725.5,MiB,ok,,process,
0.1,ffbe55b9-da45-4cd6-9d6b-000e22678788,1787665141000,267176,presentmon,app_fps,39.96770998961717,fps,ok,,process,41
0.1,ffbe55b9-da45-4cd6-9d6b-000e22678788,1787665141000,267176,presentmon,frame_time_avg_ms,25.020197560975607,ms,ok,,process,41
0.1,ffbe55b9-da45-4cd6-9d6b-000e22678788,1787665141000,267176,presentmon,frame_time_p95_ms,34.5383,ms,ok,,process,41
0.1,ffbe55b9-da45-4cd6-9d6b-000e22678788,1787665141000,267176,presentmon,gpu_busy_median_ms,20.0113,ms,ok,,process,41
0.1,ffbe55b9-da45-4cd6-9d6b-000e22678788,1787665141000,267176,presentmon,gpu_busy_p95_ms,20.999,ms,ok,,process,41
0.1,ffbe55b9-da45-4cd6-9d6b-000e22678788,1787665144762,270938,windows_pdh,process_gpu_pct,,percent,unavailable,OSError: PdhCollectQueryData=0x-7FFFF82B,process,
0.1,ffbe55b9-da45-4cd6-9d6b-000e22678788,1787665145767,271943,psutil,process_cpu_pct_raw,554.2,percent,ok,,process,
0.1,ffbe55b9-da45-4cd6-9d6b-000e22678788,1787665145767,271943,psutil,process_cpu_pct,27.71,percent,ok,,process,
0.1,ffbe55b9-da45-4cd6-9d6b-000e22678788,1787665145767,271943,psutil,process_memory_mb,7725.6328125,MiB,ok,,process,
0.1,ffbe55b9-da45-4cd6-9d6b-000e22678788,1787665142000,268176,presentmon,app_fps,35.006359317009455,fps,ok,,process,34
0.1,ffbe55b9-da45-4cd6-9d6b-000e22678788,1787665142000,268176,presentmon,frame_time_avg_ms,28.56623823529412,ms,ok,,process,34
0.1,ffbe55b9-da45-4cd6-9d6b-000e22678788,1787665142000,268176,presentmon,frame_time_p95_ms,46.6944,ms,ok,,process,34
0.1,ffbe55b9-da45-4cd6-9d6b-000e22678788,1787665142000,268176,presentmon,gpu_busy_median_ms,20.19645,ms,ok,,process,34
0.1,ffbe55b9-da45-4cd6-9d6b-000e22678788,1787665142000,268176,presentmon,gpu_busy_p95_ms,21.2873,ms,ok,,process,34
0.1,ffbe55b9-da45-4cd6-9d6b-000e22678788,1787665145767,271943,windows_pdh,process_gpu_pct,,percent,unavailable,OSError: PdhCollectQueryData=0x-7FFFF82B,process,
0.1,ffbe55b9-da45-4cd6-9d6b-000e22678788,1787665146773,272949,psutil,process_cpu_pct_raw,643.8,percent,ok,,process,
0.1,ffbe55b9-da45-4cd6-9d6b-000e22678788,1787665146773,272949,psutil,process_cpu_pct,32.19,percent,ok,,process,
0.1,ffbe55b9-da45-4cd6-9d6b-000e22678788,1787665146773,272949,psutil,process_memory_mb,7726.6953125,MiB,ok,,process,
0.1,ffbe55b9-da45-4cd6-9d6b-000e22678788,1787665143000,269176,presentmon,app_fps,50.26675056522448,fps,ok,,process,50
0.1,ffbe55b9-da45-4cd6-9d6b-000e22678788,1787665143000,269176,presentmon,frame_time_avg_ms,19.893866,ms,ok,,process,50
0.1,ffbe55b9-da45-4cd6-9d6b-000e22678788,1787665143000,269176,presentmon,frame_time_p95_ms,26.9725,ms,ok,,process,50
0.1,ffbe55b9-da45-4cd6-9d6b-000e22678788,1787665143000,269176,presentmon,gpu_busy_median_ms,19.609299999999998,ms,ok,,process,50
0.1,ffbe55b9-da45-4cd6-9d6b-000e22678788,1787665143000,269176,presentmon,gpu_busy_p95_ms,20.8677,ms,ok,,process,50
0.1,ffbe55b9-da45-4cd6-9d6b-000e22678788,1787665146773,272949,windows_pdh,process_gpu_pct,,percent,unavailable,OSError: PdhCollectQueryData=0x-7FFFF82B,process,
0.1,ffbe55b9-da45-4cd6-9d6b-000e22678788,1787665147763,273939,psutil,process_cpu_pct_raw,693.2,percent,ok,,process,
0.1,ffbe55b9-da45-4cd6-9d6b-000e22678788,1787665147763,273939,psutil,process_cpu_pct,34.660000000000004,percent,ok,,process,
0.1,ffbe55b9-da45-4cd6-9d6b-000e22678788,1787665147763,273939,psutil,process_memory_mb,7726.26171875,MiB,ok,,process,
0.1,ffbe55b9-da45-4cd6-9d6b-000e22678788,1787665144000,270176,presentmon,app_fps,43.51187508294451,fps,ok,,process,44
0.1,ffbe55b9-da45-4cd6-9d6b-000e22678788,1787665144000,270176,presentmon,frame_time_avg_ms,22.98223181818182,ms,ok,,process,44
0.1,ffbe55b9-da45-4cd6-9d6b-000e22678788,1787665144000,270176,presentmon,frame_time_p95_ms,28.4675,ms,ok,,process,44
0.1,ffbe55b9-da45-4cd6-9d6b-000e22678788,1787665144000,270176,presentmon,gpu_busy_median_ms,19.95505,ms,ok,,process,44
0.1,ffbe55b9-da45-4cd6-9d6b-000e22678788,1787665144000,270176,presentmon,gpu_busy_p95_ms,20.8529,ms,ok,,process,44
0.1,ffbe55b9-da45-4cd6-9d6b-000e22678788,1787665147763,273939,windows_pdh,process_gpu_pct,,percent,unavailable,OSError: PdhCollectQueryData=0x-7FFFF82B,process,
0.1,ffbe55b9-da45-4cd6-9d6b-000e22678788,1787665148768,274944,psutil,process_cpu_pct_raw,661.9,percent,ok,,process,
0.1,ffbe55b9-da45-4cd6-9d6b-000e22678788,1787665148768,274944,psutil,process_cpu_pct,33.095,percent,ok,,process,
0.1,ffbe55b9-da45-4cd6-9d6b-000e22678788,1787665148768,274944,psutil,process_memory_mb,7726.265625,MiB,ok,,process,
0.1,ffbe55b9-da45-4cd6-9d6b-000e22678788,1787665145000,271176,presentmon,app_fps,43.84761200922314,fps,ok,,process,44
0.1,ffbe55b9-da45-4cd6-9d6b-000e22678788,1787665145000,271176,presentmon,frame_time_avg_ms,22.80625909090909,ms,ok,,process,44
0.1,ffbe55b9-da45-4cd6-9d6b-000e22678788,1787665145000,271176,presentmon,frame_time_p95_ms,30.4466,ms,ok,,process,44
0.1,ffbe55b9-da45-4cd6-9d6b-000e22678788,1787665145000,271176,presentmon,gpu_busy_median_ms,19.825000000000003,ms,ok,,process,44
0.1,ffbe55b9-da45-4cd6-9d6b-000e22678788,1787665145000,271176,presentmon,gpu_busy_p95_ms,20.6771,ms,ok,,process,44
0.1,ffbe55b9-da45-4cd6-9d6b-000e22678788,1787665148768,274944,windows_pdh,process_gpu_pct,,percent,unavailable,OSError: PdhCollectQueryData=0x-7FFFF82B,process,
0.1,ffbe55b9-da45-4cd6-9d6b-000e22678788,1787665148768,274944,nvidia-smi,device_gpu_util_pct,94.0,percent,ok,,device,
0.1,ffbe55b9-da45-4cd6-9d6b-000e22678788,1787665148768,274944,nvidia-smi,device_vram_used_mb,4784.0,MiB,ok,,device,
0.1,ffbe55b9-da45-4cd6-9d6b-000e22678788,1787665148768,274944,nvidia-smi,device_gpu_temperature_c,63.0,celsius,ok,,device,
0.1,ffbe55b9-da45-4cd6-9d6b-000e22678788,1787665148768,274944,nvidia-smi,device_gpu_power_w,127.3,watt,ok,,device,
0.1,ffbe55b9-da45-4cd6-9d6b-000e22678788,1787665148768,274944,nvidia-smi,device_gpu_clock_mhz,1965.0,MHz,ok,,device,
0.1,ffbe55b9-da45-4cd6-9d6b-000e22678788,1787665149758,275934,psutil,process_cpu_pct_raw,717.0,percent,ok,,process,
0.1,ffbe55b9-da45-4cd6-9d6b-000e22678788,1787665149758,275934,psutil,process_cpu_pct,35.85,percent,ok,,process,
0.1,ffbe55b9-da45-4cd6-9d6b-000e22678788,1787665149758,275934,psutil,process_memory_mb,7727.41015625,MiB,ok,,process,
0.1,ffbe55b9-da45-4cd6-9d6b-000e22678788,1787665146000,272176,presentmon,app_fps,49.79134935054653,fps,ok,,process,50
0.1,ffbe55b9-da45-4cd6-9d6b-000e22678788,1787665146000,272176,presentmon,frame_time_avg_ms,20.08381,ms,ok,,process,50
0.1,ffbe55b9-da45-4cd6-9d6b-000e22678788,1787665146000,272176,presentmon,frame_time_p95_ms,26.8026,ms,ok,,process,50
0.1,ffbe55b9-da45-4cd6-9d6b-000e22678788,1787665146000,272176,presentmon,gpu_busy_median_ms,19.5893,ms,ok,,process,50
0.1,ffbe55b9-da45-4cd6-9d6b-000e22678788,1787665146000,272176,presentmon,gpu_busy_p95_ms,20.4988,ms,ok,,process,50
0.1,ffbe55b9-da45-4cd6-9d6b-000e22678788,1787665149758,275934,windows_pdh,process_gpu_pct,,percent,unavailable,OSError: PdhCollectQueryData=0x-7FFFF82B,process,
0.1,ffbe55b9-da45-4cd6-9d6b-000e22678788,1787665150764,276940,psutil,process_cpu_pct_raw,751.6,percent,ok,,process,
0.1,ffbe55b9-da45-4cd6-9d6b-000e22678788,1787665150764,276940,psutil,process_cpu_pct,37.58,percent,ok,,process,
0.1,ffbe55b9-da45-4cd6-9d6b-000e22678788,1787665150764,276940,psutil,process_memory_mb,7727.75390625,MiB,ok,,process,
0.1,ffbe55b9-da45-4cd6-9d6b-000e22678788,1787665147000,273176,presentmon,app_fps,40.849400515120905,fps,ok,,process,41
0.1,ffbe55b9-da45-4cd6-9d6b-000e22678788,1787665147000,273176,presentmon,frame_time_avg_ms,24.480163414634145,ms,ok,,process,41
0.1,ffbe55b9-da45-4cd6-9d6b-000e22678788,1787665147000,273176,presentmon,frame_time_p95_ms,33.4497,ms,ok,,process,41
0.1,ffbe55b9-da45-4cd6-9d6b-000e22678788,1787665147000,273176,presentmon,gpu_busy_median_ms,19.7657,ms,ok,,process,41
0.1,ffbe55b9-da45-4cd6-9d6b-000e22678788,1787665147000,273176,presentmon,gpu_busy_p95_ms,20.9736,ms,ok,,process,41
0.1,ffbe55b9-da45-4cd6-9d6b-000e22678788,1787665150764,276940,windows_pdh,process_gpu_pct,,percent,unavailable,OSError: PdhCollectQueryData=0x-7FFFF82B,process,
0.1,ffbe55b9-da45-4cd6-9d6b-000e22678788,1787665151769,277945,psutil,process_cpu_pct_raw,566.5,percent,ok,,process,
0.1,ffbe55b9-da45-4cd6-9d6b-000e22678788,1787665151769,277945,psutil,process_cpu_pct,28.325,percent,ok,,process,
0.1,ffbe55b9-da45-4cd6-9d6b-000e22678788,1787665151769,277945,psutil,process_memory_mb,7728.08984375,MiB,ok,,process,
0.1,ffbe55b9-da45-4cd6-9d6b-000e22678788,1787665148000,274176,presentmon,app_fps,45.70661048613246,fps,ok,,process,45
0.1,ffbe55b9-da45-4cd6-9d6b-000e22678788,1787665148000,274176,presentmon,frame_time_avg_ms,21.87867333333333,ms,ok,,process,45
0.1,ffbe55b9-da45-4cd6-9d6b-000e22678788,1787665148000,274176,presentmon,frame_time_p95_ms,31.6893,ms,ok,,process,45
0.1,ffbe55b9-da45-4cd6-9d6b-000e22678788,1787665148000,274176,presentmon,gpu_busy_median_ms,19.6316,ms,ok,,process,45
0.1,ffbe55b9-da45-4cd6-9d6b-000e22678788,1787665148000,274176,presentmon,gpu_busy_p95_ms,20.6778,ms,ok,,process,45
0.1,ffbe55b9-da45-4cd6-9d6b-000e22678788,1787665151769,277945,windows_pdh,process_gpu_pct,,percent,unavailable,OSError: PdhCollectQueryData=0x-7FFFF82B,process,
0.1,ffbe55b9-da45-4cd6-9d6b-000e22678788,1787665152760,278936,psutil,process_cpu_pct_raw,750.3,percent,ok,,process,
0.1,ffbe55b9-da45-4cd6-9d6b-000e22678788,1787665152760,278936,psutil,process_cpu_pct,37.515,percent,ok,,process,
0.1,ffbe55b9-da45-4cd6-9d6b-000e22678788,1787665152760,278936,psutil,process_memory_mb,7729.3671875,MiB,ok,,process,
0.1,ffbe55b9-da45-4cd6-9d6b-000e22678788,1787665149000,275176,presentmon,app_fps,50.470648895076366,fps,ok,,process,50
0.1,ffbe55b9-da45-4cd6-9d6b-000e22678788,1787665149000,275176,presentmon,frame_time_avg_ms,19.813496,ms,ok,,process,50
0.1,ffbe55b9-da45-4cd6-9d6b-000e22678788,1787665149000,275176,presentmon,frame_time_p95_ms,27.6106,ms,ok,,process,50
0.1,ffbe55b9-da45-4cd6-9d6b-000e22678788,1787665149000,275176,presentmon,gpu_busy_median_ms,19.435450000000003,ms,ok,,process,50
0.1,ffbe55b9-da45-4cd6-9d6b-000e22678788,1787665149000,275176,presentmon,gpu_busy_p95_ms,20.4245,ms,ok,,process,50
0.1,ffbe55b9-da45-4cd6-9d6b-000e22678788,1787665152760,278936,windows_pdh,process_gpu_pct,,percent,unavailable,OSError: PdhCollectQueryData=0x-7FFFF82B,process,
0.1,ffbe55b9-da45-4cd6-9d6b-000e22678788,1787665153765,279941,psutil,process_cpu_pct_raw,696.9,percent,ok,,process,
0.1,ffbe55b9-da45-4cd6-9d6b-000e22678788,1787665153765,279941,psutil,process_cpu_pct,34.845,percent,ok,,process,
0.1,ffbe55b9-da45-4cd6-9d6b-000e22678788,1787665153765,279941,psutil,process_memory_mb,7729.6484375,MiB,ok,,process,
0.1,ffbe55b9-da45-4cd6-9d6b-000e22678788,1787665150000,276176,presentmon,app_fps,39.75651519831941,fps,ok,,process,40
0.1,ffbe55b9-da45-4cd6-9d6b-000e22678788,1787665150000,276176,presentmon,frame_time_avg_ms,25.15311,ms,ok,,process,40
0.1,ffbe55b9-da45-4cd6-9d6b-000e22678788,1787665150000,276176,presentmon,frame_time_p95_ms,35.4291,ms,ok,,process,40
0.1,ffbe55b9-da45-4cd6-9d6b-000e22678788,1787665150000,276176,presentmon,gpu_busy_median_ms,19.95175,ms,ok,,process,40
0.1,ffbe55b9-da45-4cd6-9d6b-000e22678788,1787665150000,276176,presentmon,gpu_busy_p95_ms,20.7413,ms,ok,,process,40
0.1,ffbe55b9-da45-4cd6-9d6b-000e22678788,1787665153765,279941,windows_pdh,process_gpu_pct,,percent,unavailable,OSError: PdhCollectQueryData=0x-7FFFF82B,process,
0.1,ffbe55b9-da45-4cd6-9d6b-000e22678788,1787665154770,280946,psutil,process_cpu_pct_raw,757.4,percent,ok,,process,
0.1,ffbe55b9-da45-4cd6-9d6b-000e22678788,1787665154770,280946,psutil,process_cpu_pct,37.87,percent,ok,,process,
0.1,ffbe55b9-da45-4cd6-9d6b-000e22678788,1787665154770,280946,psutil,process_memory_mb,7729.87109375,MiB,ok,,process,
0.1,ffbe55b9-da45-4cd6-9d6b-000e22678788,1787665151000,277176,presentmon,app_fps,45.05175545666862,fps,ok,,process,45
0.1,ffbe55b9-da45-4cd6-9d6b-000e22678788,1787665151000,277176,presentmon,frame_time_avg_ms,22.196693333333332,ms,ok,,process,45
0.1,ffbe55b9-da45-4cd6-9d6b-000e22678788,1787665151000,277176,presentmon,frame_time_p95_ms,31.3196,ms,ok,,process,45
0.1,ffbe55b9-da45-4cd6-9d6b-000e22678788,1787665151000,277176,presentmon,gpu_busy_median_ms,19.7501,ms,ok,,process,45
0.1,ffbe55b9-da45-4cd6-9d6b-000e22678788,1787665151000,277176,presentmon,gpu_busy_p95_ms,20.5655,ms,ok,,process,45
0.1,ffbe55b9-da45-4cd6-9d6b-000e22678788,1787665154770,280946,windows_pdh,process_gpu_pct,,percent,unavailable,OSError: PdhCollectQueryData=0x-7FFFF82B,process,
0.1,ffbe55b9-da45-4cd6-9d6b-000e22678788,1787665154770,280946,nvidia-smi,device_gpu_util_pct,88.0,percent,ok,,device,
0.1,ffbe55b9-da45-4cd6-9d6b-000e22678788,1787665154770,280946,nvidia-smi,device_vram_used_mb,4784.0,MiB,ok,,device,
0.1,ffbe55b9-da45-4cd6-9d6b-000e22678788,1787665154770,280946,nvidia-smi,device_gpu_temperature_c,63.0,celsius,ok,,device,
0.1,ffbe55b9-da45-4cd6-9d6b-000e22678788,1787665154770,280946,nvidia-smi,device_gpu_power_w,129.16,watt,ok,,device,
0.1,ffbe55b9-da45-4cd6-9d6b-000e22678788,1787665154770,280946,nvidia-smi,device_gpu_clock_mhz,1965.0,MHz,ok,,device,
0.1,ffbe55b9-da45-4cd6-9d6b-000e22678788,1787665155760,281936,psutil,process_cpu_pct_raw,655.1,percent,ok,,process,
0.1,ffbe55b9-da45-4cd6-9d6b-000e22678788,1787665155760,281936,psutil,process_cpu_pct,32.755,percent,ok,,process,
0.1,ffbe55b9-da45-4cd6-9d6b-000e22678788,1787665155760,281936,psutil,process_memory_mb,7732.53515625,MiB,ok,,process,
0.1,ffbe55b9-da45-4cd6-9d6b-000e22678788,1787665152000,278176,presentmon,app_fps,48.26771689174004,fps,ok,,process,48
0.1,ffbe55b9-da45-4cd6-9d6b-000e22678788,1787665152000,278176,presentmon,frame_time_avg_ms,20.717781249999998,ms,ok,,process,48
0.1,ffbe55b9-da45-4cd6-9d6b-000e22678788,1787665152000,278176,presentmon,frame_time_p95_ms,31.0495,ms,ok,,process,48
0.1,ffbe55b9-da45-4cd6-9d6b-000e22678788,1787665152000,278176,presentmon,gpu_busy_median_ms,19.7423,ms,ok,,process,48
0.1,ffbe55b9-da45-4cd6-9d6b-000e22678788,1787665152000,278176,presentmon,gpu_busy_p95_ms,20.5018,ms,ok,,process,48
0.1,ffbe55b9-da45-4cd6-9d6b-000e22678788,1787665155760,281936,windows_pdh,process_gpu_pct,,percent,unavailable,OSError: PdhCollectQueryData=0x-7FFFF82B,process,
0.1,ffbe55b9-da45-4cd6-9d6b-000e22678788,1787665156766,282942,psutil,process_cpu_pct_raw,626.5,percent,ok,,process,
0.1,ffbe55b9-da45-4cd6-9d6b-000e22678788,1787665156766,282942,psutil,process_cpu_pct,31.325,percent,ok,,process,
0.1,ffbe55b9-da45-4cd6-9d6b-000e22678788,1787665156766,282942,psutil,process_memory_mb,7733.6875,MiB,ok,,process,
0.1,ffbe55b9-da45-4cd6-9d6b-000e22678788,1787665153000,279176,presentmon,app_fps,40.97082876991582,fps,ok,,process,41
0.1,ffbe55b9-da45-4cd6-9d6b-000e22678788,1787665153000,279176,presentmon,frame_time_avg_ms,24.40760975609756,ms,ok,,process,41
0.1,ffbe55b9-da45-4cd6-9d6b-000e22678788,1787665153000,279176,presentmon,frame_time_p95_ms,31.8744,ms,ok,,process,41
0.1,ffbe55b9-da45-4cd6-9d6b-000e22678788,1787665153000,279176,presentmon,gpu_busy_median_ms,19.7694,ms,ok,,process,41
0.1,ffbe55b9-da45-4cd6-9d6b-000e22678788,1787665153000,279176,presentmon,gpu_busy_p95_ms,20.4476,ms,ok,,process,41
0.1,ffbe55b9-da45-4cd6-9d6b-000e22678788,1787665156766,282942,windows_pdh,process_gpu_pct,,percent,unavailable,OSError: PdhCollectQueryData=0x-7FFFF82B,process,
0.1,ffbe55b9-da45-4cd6-9d6b-000e22678788,1787665157772,283948,psutil,process_cpu_pct_raw,653.1,percent,ok,,process,
0.1,ffbe55b9-da45-4cd6-9d6b-000e22678788,1787665157772,283948,psutil,process_cpu_pct,32.655,percent,ok,,process,
0.1,ffbe55b9-da45-4cd6-9d6b-000e22678788,1787665157772,283948,psutil,process_memory_mb,7734.8046875,MiB,ok,,process,
0.1,ffbe55b9-da45-4cd6-9d6b-000e22678788,1787665154000,280176,presentmon,app_fps,46.79921731794084,fps,ok,,process,47
0.1,ffbe55b9-da45-4cd6-9d6b-000e22678788,1787665154000,280176,presentmon,frame_time_avg_ms,21.367878723404257,ms,ok,,process,47
0.1,ffbe55b9-da45-4cd6-9d6b-000e22678788,1787665154000,280176,presentmon,frame_time_p95_ms,29.8549,ms,ok,,process,47
0.1,ffbe55b9-da45-4cd6-9d6b-000e22678788,1787665154000,280176,presentmon,gpu_busy_median_ms,19.628,ms,ok,,process,47
0.1,ffbe55b9-da45-4cd6-9d6b-000e22678788,1787665154000,280176,presentmon,gpu_busy_p95_ms,20.7231,ms,ok,,process,47
0.1,ffbe55b9-da45-4cd6-9d6b-000e22678788,1787665157772,283948,windows_pdh,process_gpu_pct,,percent,unavailable,OSError: PdhCollectQueryData=0x-7FFFF82B,process,
0.1,ffbe55b9-da45-4cd6-9d6b-000e22678788,1787665158762,284938,psutil,process_cpu_pct_raw,618.7,percent,ok,,process,
0.1,ffbe55b9-da45-4cd6-9d6b-000e22678788,1787665158762,284938,psutil,process_cpu_pct,30.935000000000002,percent,ok,,process,
0.1,ffbe55b9-da45-4cd6-9d6b-000e22678788,1787665158762,284938,psutil,process_memory_mb,7756.984375,MiB,ok,,process,
0.1,ffbe55b9-da45-4cd6-9d6b-000e22678788,1787665155000,281176,presentmon,app_fps,45.961612860938544,fps,ok,,process,46
0.1,ffbe55b9-da45-4cd6-9d6b-000e22678788,1787665155000,281176,presentmon,frame_time_avg_ms,21.75728695652174,ms,ok,,process,46
0.1,ffbe55b9-da45-4cd6-9d6b-000e22678788,1787665155000,281176,presentmon,frame_time_p95_ms,30.7216,ms,ok,,process,46
0.1,ffbe55b9-da45-4cd6-9d6b-000e22678788,1787665155000,281176,presentmon,gpu_busy_median_ms,19.6933,ms,ok,,process,46
0.1,ffbe55b9-da45-4cd6-9d6b-000e22678788,1787665155000,281176,presentmon,gpu_busy_p95_ms,20.7299,ms,ok,,process,46
0.1,ffbe55b9-da45-4cd6-9d6b-000e22678788,1787665158762,284938,windows_pdh,process_gpu_pct,,percent,unavailable,OSError: PdhCollectQueryData=0x-7FFFF82B,process,
0.1,ffbe55b9-da45-4cd6-9d6b-000e22678788,1787665159768,285944,psutil,process_cpu_pct_raw,589.6,percent,ok,,process,
0.1,ffbe55b9-da45-4cd6-9d6b-000e22678788,1787665159768,285944,psutil,process_cpu_pct,29.48,percent,ok,,process,
0.1,ffbe55b9-da45-4cd6-9d6b-000e22678788,1787665159768,285944,psutil,process_memory_mb,7756.265625,MiB,ok,,process,
0.1,ffbe55b9-da45-4cd6-9d6b-000e22678788,1787665156000,282176,presentmon,app_fps,38.923872689793306,fps,ok,,process,39
0.1,ffbe55b9-da45-4cd6-9d6b-000e22678788,1787665156000,282176,presentmon,frame_time_avg_ms,25.691174358974358,ms,ok,,process,39
0.1,ffbe55b9-da45-4cd6-9d6b-000e22678788,1787665156000,282176,presentmon,frame_time_p95_ms,44.4478,ms,ok,,process,39
0.1,ffbe55b9-da45-4cd6-9d6b-000e22678788,1787665156000,282176,presentmon,gpu_busy_median_ms,19.9029,ms,ok,,process,39
0.1,ffbe55b9-da45-4cd6-9d6b-000e22678788,1787665156000,282176,presentmon,gpu_busy_p95_ms,21.0354,ms,ok,,process,39
0.1,ffbe55b9-da45-4cd6-9d6b-000e22678788,1787665159768,285944,windows_pdh,process_gpu_pct,,percent,unavailable,OSError: PdhCollectQueryData=0x-7FFFF82B,process,
0.1,ffbe55b9-da45-4cd6-9d6b-000e22678788,1787665159768,285944,nvidia-smi,device_gpu_util_pct,95.0,percent,ok,,device,
0.1,ffbe55b9-da45-4cd6-9d6b-000e22678788,1787665159768,285944,nvidia-smi,device_vram_used_mb,4784.0,MiB,ok,,device,
0.1,ffbe55b9-da45-4cd6-9d6b-000e22678788,1787665159768,285944,nvidia-smi,device_gpu_temperature_c,63.0,celsius,ok,,device,
0.1,ffbe55b9-da45-4cd6-9d6b-000e22678788,1787665159768,285944,nvidia-smi,device_gpu_power_w,118.84,watt,ok,,device,
0.1,ffbe55b9-da45-4cd6-9d6b-000e22678788,1787665159768,285944,nvidia-smi,device_gpu_clock_mhz,1965.0,MHz,ok,,device,
0.1,ffbe55b9-da45-4cd6-9d6b-000e22678788,1787665160757,286933,psutil,process_cpu_pct_raw,650.4,percent,ok,,process,
0.1,ffbe55b9-da45-4cd6-9d6b-000e22678788,1787665160757,286933,psutil,process_cpu_pct,32.519999999999996,percent,ok,,process,
0.1,ffbe55b9-da45-4cd6-9d6b-000e22678788,1787665160757,286933,psutil,process_memory_mb,7754.046875,MiB,ok,,process,
0.1,ffbe55b9-da45-4cd6-9d6b-000e22678788,1787665157000,283176,presentmon,app_fps,47.150258443608095,fps,ok,,process,47
0.1,ffbe55b9-da45-4cd6-9d6b-000e22678788,1787665157000,283176,presentmon,frame_time_avg_ms,21.2087914893617,ms,ok,,process,47
0.1,ffbe55b9-da45-4cd6-9d6b-000e22678788,1787665157000,283176,presentmon,frame_time_p95_ms,37.1735,ms,ok,,process,47
0.1,ffbe55b9-da45-4cd6-9d6b-000e22678788,1787665157000,283176,presentmon,gpu_busy_median_ms,19.5982,ms,ok,,process,47
0.1,ffbe55b9-da45-4cd6-9d6b-000e22678788,1787665157000,283176,presentmon,gpu_busy_p95_ms,20.6506,ms,ok,,process,47
0.1,ffbe55b9-da45-4cd6-9d6b-000e22678788,1787665160757,286933,windows_pdh,process_gpu_pct,,percent,unavailable,OSError: PdhCollectQueryData=0x-7FFFF82B,process,
0.1,ffbe55b9-da45-4cd6-9d6b-000e22678788,1787665161763,287939,psutil,process_cpu_pct_raw,729.7,percent,ok,,process,
0.1,ffbe55b9-da45-4cd6-9d6b-000e22678788,1787665161763,287939,psutil,process_cpu_pct,36.485,percent,ok,,process,
0.1,ffbe55b9-da45-4cd6-9d6b-000e22678788,1787665161763,287939,psutil,process_memory_mb,7754.31640625,MiB,ok,,process,
0.1,ffbe55b9-da45-4cd6-9d6b-000e22678788,1787665158000,284176,presentmon,app_fps,44.15418641897506,fps,ok,,process,44
0.1,ffbe55b9-da45-4cd6-9d6b-000e22678788,1787665158000,284176,presentmon,frame_time_avg_ms,22.647909090909092,ms,ok,,process,44
0.1,ffbe55b9-da45-4cd6-9d6b-000e22678788,1787665158000,284176,presentmon,frame_time_p95_ms,29.4351,ms,ok,,process,44
0.1,ffbe55b9-da45-4cd6-9d6b-000e22678788,1787665158000,284176,presentmon,gpu_busy_median_ms,19.8109,ms,ok,,process,44
0.1,ffbe55b9-da45-4cd6-9d6b-000e22678788,1787665158000,284176,presentmon,gpu_busy_p95_ms,20.8355,ms,ok,,process,44
0.1,ffbe55b9-da45-4cd6-9d6b-000e22678788,1787665161763,287939,windows_pdh,process_gpu_pct,,percent,unavailable,OSError: PdhCollectQueryData=0x-7FFFF82B,process,
0.1,ffbe55b9-da45-4cd6-9d6b-000e22678788,1787665162768,288944,psutil,process_cpu_pct_raw,651.2,percent,ok,,process,
0.1,ffbe55b9-da45-4cd6-9d6b-000e22678788,1787665162768,288944,psutil,process_cpu_pct,32.56,percent,ok,,process,
0.1,ffbe55b9-da45-4cd6-9d6b-000e22678788,1787665162768,288944,psutil,process_memory_mb,7754.37890625,MiB,ok,,process,
0.1,ffbe55b9-da45-4cd6-9d6b-000e22678788,1787665159000,285176,presentmon,app_fps,40.63361079482415,fps,ok,,process,41
0.1,ffbe55b9-da45-4cd6-9d6b-000e22678788,1787665159000,285176,presentmon,frame_time_avg_ms,24.610168292682925,ms,ok,,process,41
0.1,ffbe55b9-da45-4cd6-9d6b-000e22678788,1787665159000,285176,presentmon,frame_time_p95_ms,33.3204,ms,ok,,process,41
0.1,ffbe55b9-da45-4cd6-9d6b-000e22678788,1787665159000,285176,presentmon,gpu_busy_median_ms,20.0101,ms,ok,,process,41
0.1,ffbe55b9-da45-4cd6-9d6b-000e22678788,1787665159000,285176,presentmon,gpu_busy_p95_ms,20.9303,ms,ok,,process,41
0.1,ffbe55b9-da45-4cd6-9d6b-000e22678788,1787665162768,288944,windows_pdh,process_gpu_pct,,percent,unavailable,OSError: PdhCollectQueryData=0x-7FFFF82B,process,
0.1,ffbe55b9-da45-4cd6-9d6b-000e22678788,1787665163758,289934,psutil,process_cpu_pct_raw,682.1,percent,ok,,process,
0.1,ffbe55b9-da45-4cd6-9d6b-000e22678788,1787665163758,289934,psutil,process_cpu_pct,34.105000000000004,percent,ok,,process,
0.1,ffbe55b9-da45-4cd6-9d6b-000e22678788,1787665163758,289934,psutil,process_memory_mb,7753.83984375,MiB,ok,,process,
0.1,ffbe55b9-da45-4cd6-9d6b-000e22678788,1787665160000,286176,presentmon,app_fps,50.4697646525602,fps,ok,,process,51
0.1,ffbe55b9-da45-4cd6-9d6b-000e22678788,1787665160000,286176,presentmon,frame_time_avg_ms,19.813843137254903,ms,ok,,process,51
0.1,ffbe55b9-da45-4cd6-9d6b-000e22678788,1787665160000,286176,presentmon,frame_time_p95_ms,26.2213,ms,ok,,process,51
0.1,ffbe55b9-da45-4cd6-9d6b-000e22678788,1787665160000,286176,presentmon,gpu_busy_median_ms,19.6433,ms,ok,,process,51
0.1,ffbe55b9-da45-4cd6-9d6b-000e22678788,1787665160000,286176,presentmon,gpu_busy_p95_ms,20.4925,ms,ok,,process,51
0.1,ffbe55b9-da45-4cd6-9d6b-000e22678788,1787665163758,289934,windows_pdh,process_gpu_pct,,percent,unavailable,OSError: PdhCollectQueryData=0x-7FFFF82B,process,
0.1,ffbe55b9-da45-4cd6-9d6b-000e22678788,1787665164764,290940,psutil,process_cpu_pct_raw,621.9,percent,ok,,process,
0.1,ffbe55b9-da45-4cd6-9d6b-000e22678788,1787665164764,290940,psutil,process_cpu_pct,31.095,percent,ok,,process,
0.1,ffbe55b9-da45-4cd6-9d6b-000e22678788,1787665164764,290940,psutil,process_memory_mb,7750.890625,MiB,ok,,process,
0.1,ffbe55b9-da45-4cd6-9d6b-000e22678788,1787665161000,287176,presentmon,app_fps,45.90737727560873,fps,ok,,process,46
0.1,ffbe55b9-da45-4cd6-9d6b-000e22678788,1787665161000,287176,presentmon,frame_time_avg_ms,21.782991304347828,ms,ok,,process,46
0.1,ffbe55b9-da45-4cd6-9d6b-000e22678788,1787665161000,287176,presentmon,frame_time_p95_ms,28.1417,ms,ok,,process,46
0.1,ffbe55b9-da45-4cd6-9d6b-000e22678788,1787665161000,287176,presentmon,gpu_busy_median_ms,19.787950000000002,ms,ok,,process,46
0.1,ffbe55b9-da45-4cd6-9d6b-000e22678788,1787665161000,287176,presentmon,gpu_busy_p95_ms,20.7803,ms,ok,,process,46
0.1,ffbe55b9-da45-4cd6-9d6b-000e22678788,1787665164764,290940,windows_pdh,process_gpu_pct,,percent,unavailable,OSError: PdhCollectQueryData=0x-7FFFF82B,process,
0.1,ffbe55b9-da45-4cd6-9d6b-000e22678788,1787665164764,290940,nvidia-smi,device_gpu_util_pct,84.0,percent,ok,,device,
0.1,ffbe55b9-da45-4cd6-9d6b-000e22678788,1787665164764,290940,nvidia-smi,device_vram_used_mb,4784.0,MiB,ok,,device,
0.1,ffbe55b9-da45-4cd6-9d6b-000e22678788,1787665164764,290940,nvidia-smi,device_gpu_temperature_c,65.0,celsius,ok,,device,
0.1,ffbe55b9-da45-4cd6-9d6b-000e22678788,1787665164764,290940,nvidia-smi,device_gpu_power_w,147.4,watt,ok,,device,
0.1,ffbe55b9-da45-4cd6-9d6b-000e22678788,1787665164764,290940,nvidia-smi,device_gpu_clock_mhz,1965.0,MHz,ok,,device,
0.1,ffbe55b9-da45-4cd6-9d6b-000e22678788,1787665165769,291945,psutil,process_cpu_pct_raw,678.1,percent,ok,,process,
0.1,ffbe55b9-da45-4cd6-9d6b-000e22678788,1787665165769,291945,psutil,process_cpu_pct,33.905,percent,ok,,process,
0.1,ffbe55b9-da45-4cd6-9d6b-000e22678788,1787665165769,291945,psutil,process_memory_mb,7751.2890625,MiB,ok,,process,
0.1,ffbe55b9-da45-4cd6-9d6b-000e22678788,1787665162000,288176,presentmon,app_fps,40.87755944619082,fps,ok,,process,40
0.1,ffbe55b9-da45-4cd6-9d6b-000e22678788,1787665162000,288176,presentmon,frame_time_avg_ms,24.4633,ms,ok,,process,40
0.1,ffbe55b9-da45-4cd6-9d6b-000e22678788,1787665162000,288176,presentmon,frame_time_p95_ms,33.4317,ms,ok,,process,40
0.1,ffbe55b9-da45-4cd6-9d6b-000e22678788,1787665162000,288176,presentmon,gpu_busy_median_ms,19.953400000000002,ms,ok,,process,40
0.1,ffbe55b9-da45-4cd6-9d6b-000e22678788,1787665162000,288176,presentmon,gpu_busy_p95_ms,20.6891,ms,ok,,process,40
0.1,ffbe55b9-da45-4cd6-9d6b-000e22678788,1787665165769,291945,windows_pdh,process_gpu_pct,,percent,unavailable,OSError: PdhCollectQueryData=0x-7FFFF82B,process,
0.1,ffbe55b9-da45-4cd6-9d6b-000e22678788,1787665166759,292935,psutil,process_cpu_pct_raw,623.4,percent,ok,,process,
0.1,ffbe55b9-da45-4cd6-9d6b-000e22678788,1787665166759,292935,psutil,process_cpu_pct,31.169999999999998,percent,ok,,process,
0.1,ffbe55b9-da45-4cd6-9d6b-000e22678788,1787665166759,292935,psutil,process_memory_mb,7751.5859375,MiB,ok,,process,
0.1,ffbe55b9-da45-4cd6-9d6b-000e22678788,1787665163000,289176,presentmon,app_fps,49.41001966024682,fps,ok,,process,50
0.1,ffbe55b9-da45-4cd6-9d6b-000e22678788,1787665163000,289176,presentmon,frame_time_avg_ms,20.23881,ms,ok,,process,50
0.1,ffbe55b9-da45-4cd6-9d6b-000e22678788,1787665163000,289176,presentmon,frame_time_p95_ms,31.8,ms,ok,,process,50
0.1,ffbe55b9-da45-4cd6-9d6b-000e22678788,1787665163000,289176,presentmon,gpu_busy_median_ms,19.839350000000003,ms,ok,,process,50
0.1,ffbe55b9-da45-4cd6-9d6b-000e22678788,1787665163000,289176,presentmon,gpu_busy_p95_ms,20.9988,ms,ok,,process,50
0.1,ffbe55b9-da45-4cd6-9d6b-000e22678788,1787665164000,290176,presentmon,app_fps,43.09706899772183,fps,ok,,process,44
0.1,ffbe55b9-da45-4cd6-9d6b-000e22678788,1787665164000,290176,presentmon,frame_time_avg_ms,23.20343409090909,ms,ok,,process,44
0.1,ffbe55b9-da45-4cd6-9d6b-000e22678788,1787665164000,290176,presentmon,frame_time_p95_ms,34.3313,ms,ok,,process,44
0.1,ffbe55b9-da45-4cd6-9d6b-000e22678788,1787665164000,290176,presentmon,gpu_busy_median_ms,19.9696,ms,ok,,process,44
0.1,ffbe55b9-da45-4cd6-9d6b-000e22678788,1787665164000,290176,presentmon,gpu_busy_p95_ms,20.9827,ms,ok,,process,44
0.1,ffbe55b9-da45-4cd6-9d6b-000e22678788,1787665166759,292935,windows_pdh,process_gpu_pct,,percent,unavailable,OSError: PdhCollectQueryData=0x-7FFFF82B,process,
0.1,ffbe55b9-da45-4cd6-9d6b-000e22678788,1787665167765,293941,psutil,process_cpu_pct_raw,635.8,percent,ok,,process,
0.1,ffbe55b9-da45-4cd6-9d6b-000e22678788,1787665167765,293941,psutil,process_cpu_pct,31.79,percent,ok,,process,
0.1,ffbe55b9-da45-4cd6-9d6b-000e22678788,1787665167765,293941,psutil,process_memory_mb,7752.93359375,MiB,ok,,process,
0.1,ffbe55b9-da45-4cd6-9d6b-000e22678788,1787665167765,293941,windows_pdh,process_gpu_pct,,percent,unavailable,OSError: PdhCollectQueryData=0x-7FFFF82B,process,
0.1,ffbe55b9-da45-4cd6-9d6b-000e22678788,1787665168770,294946,psutil,process_cpu_pct_raw,682.8,percent,ok,,process,
0.1,ffbe55b9-da45-4cd6-9d6b-000e22678788,1787665168770,294946,psutil,process_cpu_pct,34.14,percent,ok,,process,
0.1,ffbe55b9-da45-4cd6-9d6b-000e22678788,1787665168770,294946,psutil,process_memory_mb,7753.5625,MiB,ok,,process,
0.1,ffbe55b9-da45-4cd6-9d6b-000e22678788,1787665165000,291176,presentmon,app_fps,42.760743560461094,fps,ok,,process,42
0.1,ffbe55b9-da45-4cd6-9d6b-000e22678788,1787665165000,291176,presentmon,frame_time_avg_ms,23.385935714285715,ms,ok,,process,42
0.1,ffbe55b9-da45-4cd6-9d6b-000e22678788,1787665165000,291176,presentmon,frame_time_p95_ms,31.2347,ms,ok,,process,42
0.1,ffbe55b9-da45-4cd6-9d6b-000e22678788,1787665165000,291176,presentmon,gpu_busy_median_ms,19.96885,ms,ok,,process,42
0.1,ffbe55b9-da45-4cd6-9d6b-000e22678788,1787665165000,291176,presentmon,gpu_busy_p95_ms,21.0219,ms,ok,,process,42
0.1,ffbe55b9-da45-4cd6-9d6b-000e22678788,1787665168770,294946,windows_pdh,process_gpu_pct,,percent,unavailable,OSError: PdhCollectQueryData=0x-7FFFF82B,process,
0.1,ffbe55b9-da45-4cd6-9d6b-000e22678788,1787665169760,295936,psutil,process_cpu_pct_raw,648.8,percent,ok,,process,
0.1,ffbe55b9-da45-4cd6-9d6b-000e22678788,1787665169760,295936,psutil,process_cpu_pct,32.44,percent,ok,,process,
0.1,ffbe55b9-da45-4cd6-9d6b-000e22678788,1787665169760,295936,psutil,process_memory_mb,7754.890625,MiB,ok,,process,
0.1,ffbe55b9-da45-4cd6-9d6b-000e22678788,1787665166000,292176,presentmon,app_fps,50.733412355696416,fps,ok,,process,50
0.1,ffbe55b9-da45-4cd6-9d6b-000e22678788,1787665166000,292176,presentmon,frame_time_avg_ms,19.710876,ms,ok,,process,50
0.1,ffbe55b9-da45-4cd6-9d6b-000e22678788,1787665166000,292176,presentmon,frame_time_p95_ms,25.0908,ms,ok,,process,50
0.1,ffbe55b9-da45-4cd6-9d6b-000e22678788,1787665166000,292176,presentmon,gpu_busy_median_ms,19.5536,ms,ok,,process,50
0.1,ffbe55b9-da45-4cd6-9d6b-000e22678788,1787665166000,292176,presentmon,gpu_busy_p95_ms,20.491,ms,ok,,process,50
0.1,ffbe55b9-da45-4cd6-9d6b-000e22678788,1787665169760,295936,windows_pdh,process_gpu_pct,,percent,unavailable,OSError: PdhCollectQueryData=0x-7FFFF82B,process,
0.1,ffbe55b9-da45-4cd6-9d6b-000e22678788,1787665170766,296942,psutil,process_cpu_pct_raw,669.6,percent,ok,,process,
0.1,ffbe55b9-da45-4cd6-9d6b-000e22678788,1787665170766,296942,psutil,process_cpu_pct,33.480000000000004,percent,ok,,process,
0.1,ffbe55b9-da45-4cd6-9d6b-000e22678788,1787665170766,296942,psutil,process_memory_mb,7755.703125,MiB,ok,,process,
0.1,ffbe55b9-da45-4cd6-9d6b-000e22678788,1787665167000,293176,presentmon,app_fps,42.869774486043745,fps,ok,,process,43
0.1,ffbe55b9-da45-4cd6-9d6b-000e22678788,1787665167000,293176,presentmon,frame_time_avg_ms,23.326458139534882,ms,ok,,process,43
0.1,ffbe55b9-da45-4cd6-9d6b-000e22678788,1787665167000,293176,presentmon,frame_time_p95_ms,31.299,ms,ok,,process,43
0.1,ffbe55b9-da45-4cd6-9d6b-000e22678788,1787665167000,293176,presentmon,gpu_busy_median_ms,19.7984,ms,ok,,process,43
0.1,ffbe55b9-da45-4cd6-9d6b-000e22678788,1787665167000,293176,presentmon,gpu_busy_p95_ms,20.3844,ms,ok,,process,43
0.1,ffbe55b9-da45-4cd6-9d6b-000e22678788,1787665168000,294176,presentmon,app_fps,43.979101131142485,fps,ok,,process,44
0.1,ffbe55b9-da45-4cd6-9d6b-000e22678788,1787665168000,294176,presentmon,frame_time_avg_ms,22.738072727272726,ms,ok,,process,44
0.1,ffbe55b9-da45-4cd6-9d6b-000e22678788,1787665168000,294176,presentmon,frame_time_p95_ms,31.3884,ms,ok,,process,44
0.1,ffbe55b9-da45-4cd6-9d6b-000e22678788,1787665168000,294176,presentmon,gpu_busy_median_ms,19.835050000000003,ms,ok,,process,44
0.1,ffbe55b9-da45-4cd6-9d6b-000e22678788,1787665168000,294176,presentmon,gpu_busy_p95_ms,20.5531,ms,ok,,process,44
0.1,ffbe55b9-da45-4cd6-9d6b-000e22678788,1787665170766,296942,windows_pdh,process_gpu_pct,,percent,unavailable,OSError: PdhCollectQueryData=0x-7FFFF82B,process,
0.1,ffbe55b9-da45-4cd6-9d6b-000e22678788,1787665170766,296942,nvidia-smi,device_gpu_util_pct,90.0,percent,ok,,device,
0.1,ffbe55b9-da45-4cd6-9d6b-000e22678788,1787665170766,296942,nvidia-smi,device_vram_used_mb,4784.0,MiB,ok,,device,
0.1,ffbe55b9-da45-4cd6-9d6b-000e22678788,1787665170766,296942,nvidia-smi,device_gpu_temperature_c,65.0,celsius,ok,,device,
0.1,ffbe55b9-da45-4cd6-9d6b-000e22678788,1787665170766,296942,nvidia-smi,device_gpu_power_w,142.51,watt,ok,,device,
0.1,ffbe55b9-da45-4cd6-9d6b-000e22678788,1787665170766,296942,nvidia-smi,device_gpu_clock_mhz,1965.0,MHz,ok,,device,
0.1,ffbe55b9-da45-4cd6-9d6b-000e22678788,1787665171771,297947,psutil,process_cpu_pct_raw,537.5,percent,ok,,process,
0.1,ffbe55b9-da45-4cd6-9d6b-000e22678788,1787665171771,297947,psutil,process_cpu_pct,26.875,percent,ok,,process,
0.1,ffbe55b9-da45-4cd6-9d6b-000e22678788,1787665171771,297947,psutil,process_memory_mb,7756.56640625,MiB,ok,,process,
0.1,ffbe55b9-da45-4cd6-9d6b-000e22678788,1787665169000,295176,presentmon,app_fps,49.318740509841355,fps,ok,,process,50
0.1,ffbe55b9-da45-4cd6-9d6b-000e22678788,1787665169000,295176,presentmon,frame_time_avg_ms,20.276268,ms,ok,,process,50
0.1,ffbe55b9-da45-4cd6-9d6b-000e22678788,1787665169000,295176,presentmon,frame_time_p95_ms,27.5447,ms,ok,,process,50
0.1,ffbe55b9-da45-4cd6-9d6b-000e22678788,1787665169000,295176,presentmon,gpu_busy_median_ms,19.60055,ms,ok,,process,50
0.1,ffbe55b9-da45-4cd6-9d6b-000e22678788,1787665169000,295176,presentmon,gpu_busy_p95_ms,20.9059,ms,ok,,process,50
0.1,ffbe55b9-da45-4cd6-9d6b-000e22678788,1787665171771,297947,windows_pdh,process_gpu_pct,,percent,unavailable,OSError: PdhCollectQueryData=0x-7FFFF82B,process,
0.1,ffbe55b9-da45-4cd6-9d6b-000e22678788,1787665172762,298938,psutil,process_cpu_pct_raw,553.6,percent,ok,,process,
0.1,ffbe55b9-da45-4cd6-9d6b-000e22678788,1787665172762,298938,psutil,process_cpu_pct,27.68,percent,ok,,process,
0.1,ffbe55b9-da45-4cd6-9d6b-000e22678788,1787665172762,298938,psutil,process_memory_mb,7773.73828125,MiB,ok,,process,
0.1,ffbe55b9-da45-4cd6-9d6b-000e22678788,1787665170000,296176,presentmon,app_fps,39.15682307642107,fps,ok,,process,39
0.1,ffbe55b9-da45-4cd6-9d6b-000e22678788,1787665170000,296176,presentmon,frame_time_avg_ms,25.538333333333334,ms,ok,,process,39
0.1,ffbe55b9-da45-4cd6-9d6b-000e22678788,1787665170000,296176,presentmon,frame_time_p95_ms,35.7918,ms,ok,,process,39
0.1,ffbe55b9-da45-4cd6-9d6b-000e22678788,1787665170000,296176,presentmon,gpu_busy_median_ms,19.7533,ms,ok,,process,39
0.1,ffbe55b9-da45-4cd6-9d6b-000e22678788,1787665170000,296176,presentmon,gpu_busy_p95_ms,21.9941,ms,ok,,process,39
0.1,ffbe55b9-da45-4cd6-9d6b-000e22678788,1787665172762,298938,windows_pdh,process_gpu_pct,,percent,unavailable,OSError: PdhCollectQueryData=0x-7FFFF82B,process,
0.1,ffbe55b9-da45-4cd6-9d6b-000e22678788,1787665173752,299928,psutil,process_cpu_pct_raw,579.7,percent,ok,,process,
0.1,ffbe55b9-da45-4cd6-9d6b-000e22678788,1787665173752,299928,psutil,process_cpu_pct,28.985000000000003,percent,ok,,process,
0.1,ffbe55b9-da45-4cd6-9d6b-000e22678788,1787665173752,299928,psutil,process_memory_mb,7780.3828125,MiB,ok,,process,
0.1,ffbe55b9-da45-4cd6-9d6b-000e22678788,1787665171000,297176,presentmon,app_fps,34.379365989888626,fps,ok,,process,34
0.1,ffbe55b9-da45-4cd6-9d6b-000e22678788,1787665171000,297176,presentmon,frame_time_avg_ms,29.087214705882353,ms,ok,,process,34
0.1,ffbe55b9-da45-4cd6-9d6b-000e22678788,1787665171000,297176,presentmon,frame_time_p95_ms,47.8932,ms,ok,,process,34
0.1,ffbe55b9-da45-4cd6-9d6b-000e22678788,1787665171000,297176,presentmon,gpu_busy_median_ms,20.3857,ms,ok,,process,34
0.1,ffbe55b9-da45-4cd6-9d6b-000e22678788,1787665171000,297176,presentmon,gpu_busy_p95_ms,26.1236,ms,ok,,process,34
0.1,ffbe55b9-da45-4cd6-9d6b-000e22678788,1787665173752,299928,windows_pdh,process_gpu_pct,,percent,unavailable,OSError: PdhCollectQueryData=0x-7FFFF82B,process,
0.1,ffbe55b9-da45-4cd6-9d6b-000e22678788,1787665174757,300933,psutil,process_cpu_pct_raw,343.8,percent,ok,,process,
0.1,ffbe55b9-da45-4cd6-9d6b-000e22678788,1787665174757,300933,psutil,process_cpu_pct,17.19,percent,ok,,process,
0.1,ffbe55b9-da45-4cd6-9d6b-000e22678788,1787665174757,300933,psutil,process_memory_mb,7712.31640625,MiB,ok,,process,
0.1,ffbe55b9-da45-4cd6-9d6b-000e22678788,1787665174757,300933,windows_pdh,process_gpu_pct,,percent,unavailable,OSError: PdhCollectQueryData=0x-7FFFF82B,process,
0.1,ffbe55b9-da45-4cd6-9d6b-000e22678788,1787665175763,301939,psutil,process_cpu_pct_raw,509.5,percent,ok,,process,
0.1,ffbe55b9-da45-4cd6-9d6b-000e22678788,1787665175763,301939,psutil,process_cpu_pct,25.475,percent,ok,,process,
0.1,ffbe55b9-da45-4cd6-9d6b-000e22678788,1787665175763,301939,psutil,process_memory_mb,7699.8828125,MiB,ok,,process,
0.1,ffbe55b9-da45-4cd6-9d6b-000e22678788,1787665172000,298176,presentmon,app_fps,18.28187576777157,fps,ok,,process,34
0.1,ffbe55b9-da45-4cd6-9d6b-000e22678788,1787665172000,298176,presentmon,frame_time_avg_ms,54.69898235294118,ms,ok,,process,34
0.1,ffbe55b9-da45-4cd6-9d6b-000e22678788,1787665172000,298176,presentmon,frame_time_p95_ms,28.1812,ms,ok,,process,34
0.1,ffbe55b9-da45-4cd6-9d6b-000e22678788,1787665172000,298176,presentmon,gpu_busy_median_ms,17.7554,ms,ok,,process,34
0.1,ffbe55b9-da45-4cd6-9d6b-000e22678788,1787665172000,298176,presentmon,gpu_busy_p95_ms,19.4565,ms,ok,,process,34
0.1,ffbe55b9-da45-4cd6-9d6b-000e22678788,1787665173000,299176,presentmon,app_fps,35.74006962165562,fps,ok,,process,5
0.1,ffbe55b9-da45-4cd6-9d6b-000e22678788,1787665173000,299176,presentmon,frame_time_avg_ms,27.9798,ms,ok,,process,5
0.1,ffbe55b9-da45-4cd6-9d6b-000e22678788,1787665173000,299176,presentmon,frame_time_p95_ms,33.2903,ms,ok,,process,5
0.1,ffbe55b9-da45-4cd6-9d6b-000e22678788,1787665173000,299176,presentmon,gpu_busy_median_ms,19.2532,ms,ok,,process,5
0.1,ffbe55b9-da45-4cd6-9d6b-000e22678788,1787665173000,299176,presentmon,gpu_busy_p95_ms,21.104,ms,ok,,process,5
0.1,ffbe55b9-da45-4cd6-9d6b-000e22678788,1787665175763,301939,windows_pdh,process_gpu_pct,,percent,unavailable,OSError: PdhCollectQueryData=0x-7FFFF82B,process,
0.1,ffbe55b9-da45-4cd6-9d6b-000e22678788,1787665175763,301939,nvidia-smi,device_gpu_util_pct,37.0,percent,ok,,device,
0.1,ffbe55b9-da45-4cd6-9d6b-000e22678788,1787665175763,301939,nvidia-smi,device_vram_used_mb,4852.0,MiB,ok,,device,
0.1,ffbe55b9-da45-4cd6-9d6b-000e22678788,1787665175763,301939,nvidia-smi,device_gpu_temperature_c,65.0,celsius,ok,,device,
0.1,ffbe55b9-da45-4cd6-9d6b-000e22678788,1787665175763,301939,nvidia-smi,device_gpu_power_w,149.03,watt,ok,,device,
0.1,ffbe55b9-da45-4cd6-9d6b-000e22678788,1787665175763,301939,nvidia-smi,device_gpu_clock_mhz,1965.0,MHz,ok,,device,
0.1,ffbe55b9-da45-4cd6-9d6b-000e22678788,1787665176753,302929,psutil,process_cpu_pct_raw,567.9,percent,ok,,process,
0.1,ffbe55b9-da45-4cd6-9d6b-000e22678788,1787665176753,302929,psutil,process_cpu_pct,28.395,percent,ok,,process,
0.1,ffbe55b9-da45-4cd6-9d6b-000e22678788,1787665176753,302929,psutil,process_memory_mb,7698.9921875,MiB,ok,,process,
0.1,ffbe55b9-da45-4cd6-9d6b-000e22678788,1787665174000,300176,presentmon,app_fps,56.83865778600863,fps,ok,,process,57
0.1,ffbe55b9-da45-4cd6-9d6b-000e22678788,1787665174000,300176,presentmon,frame_time_avg_ms,17.59365964912281,ms,ok,,process,57
0.1,ffbe55b9-da45-4cd6-9d6b-000e22678788,1787665174000,300176,presentmon,frame_time_p95_ms,25.8837,ms,ok,,process,57
0.1,ffbe55b9-da45-4cd6-9d6b-000e22678788,1787665174000,300176,presentmon,gpu_busy_median_ms,16.805,ms,ok,,process,57
0.1,ffbe55b9-da45-4cd6-9d6b-000e22678788,1787665174000,300176,presentmon,gpu_busy_p95_ms,17.7375,ms,ok,,process,57
0.1,ffbe55b9-da45-4cd6-9d6b-000e22678788,1787665176753,302929,windows_pdh,process_gpu_pct,,percent,unavailable,OSError: PdhCollectQueryData=0x-7FFFF82B,process,
0.1,ffbe55b9-da45-4cd6-9d6b-000e22678788,1787665177758,303934,psutil,process_cpu_pct_raw,304.7,percent,ok,,process,
0.1,ffbe55b9-da45-4cd6-9d6b-000e22678788,1787665177758,303934,psutil,process_cpu_pct,15.235,percent,ok,,process,
0.1,ffbe55b9-da45-4cd6-9d6b-000e22678788,1787665177758,303934,psutil,process_memory_mb,7693.703125,MiB,ok,,process,
0.1,ffbe55b9-da45-4cd6-9d6b-000e22678788,1787665177758,303934,windows_pdh,process_gpu_pct,,percent,unavailable,OSError: PdhCollectQueryData=0x-7FFFF82B,process,
0.1,ffbe55b9-da45-4cd6-9d6b-000e22678788,1787665178764,304940,psutil,process_cpu_pct_raw,549.6,percent,ok,,process,
0.1,ffbe55b9-da45-4cd6-9d6b-000e22678788,1787665178764,304940,psutil,process_cpu_pct,27.48,percent,ok,,process,
0.1,ffbe55b9-da45-4cd6-9d6b-000e22678788,1787665178764,304940,psutil,process_memory_mb,7698.85546875,MiB,ok,,process,
0.1,ffbe55b9-da45-4cd6-9d6b-000e22678788,1787665175000,301176,presentmon,app_fps,27.38152445923126,fps,ok,,process,46
0.1,ffbe55b9-da45-4cd6-9d6b-000e22678788,1787665175000,301176,presentmon,frame_time_avg_ms,36.52097608695652,ms,ok,,process,46
0.1,ffbe55b9-da45-4cd6-9d6b-000e22678788,1787665175000,301176,presentmon,frame_time_p95_ms,24.6524,ms,ok,,process,46
0.1,ffbe55b9-da45-4cd6-9d6b-000e22678788,1787665175000,301176,presentmon,gpu_busy_median_ms,17.0655,ms,ok,,process,46
0.1,ffbe55b9-da45-4cd6-9d6b-000e22678788,1787665175000,301176,presentmon,gpu_busy_p95_ms,17.9489,ms,ok,,process,46
0.1,ffbe55b9-da45-4cd6-9d6b-000e22678788,1787665176000,302176,presentmon,app_fps,33.636520699456156,fps,ok,,process,11
0.1,ffbe55b9-da45-4cd6-9d6b-000e22678788,1787665176000,302176,presentmon,frame_time_avg_ms,29.729590909090913,ms,ok,,process,11
0.1,ffbe55b9-da45-4cd6-9d6b-000e22678788,1787665176000,302176,presentmon,frame_time_p95_ms,71.2734,ms,ok,,process,11
0.1,ffbe55b9-da45-4cd6-9d6b-000e22678788,1787665176000,302176,presentmon,gpu_busy_median_ms,18.1507,ms,ok,,process,11
0.1,ffbe55b9-da45-4cd6-9d6b-000e22678788,1787665176000,302176,presentmon,gpu_busy_p95_ms,41.3462,ms,ok,,process,11
0.1,ffbe55b9-da45-4cd6-9d6b-000e22678788,1787665178764,304940,windows_pdh,process_gpu_pct,,percent,unavailable,OSError: PdhCollectQueryData=0x-7FFFF82B,process,
0.1,ffbe55b9-da45-4cd6-9d6b-000e22678788,1787665179754,305930,psutil,process_cpu_pct_raw,571.1,percent,ok,,process,
0.1,ffbe55b9-da45-4cd6-9d6b-000e22678788,1787665179754,305930,psutil,process_cpu_pct,28.555,percent,ok,,process,
0.1,ffbe55b9-da45-4cd6-9d6b-000e22678788,1787665179754,305930,psutil,process_memory_mb,7699.984375,MiB,ok,,process,
0.1,ffbe55b9-da45-4cd6-9d6b-000e22678788,1787665179754,305930,windows_pdh,process_gpu_pct,,percent,unavailable,OSError: PdhCollectQueryData=0x-7FFFF82B,process,
0.1,ffbe55b9-da45-4cd6-9d6b-000e22678788,1787665180759,306935,psutil,process_cpu_pct_raw,575.0,percent,ok,,process,
0.1,ffbe55b9-da45-4cd6-9d6b-000e22678788,1787665180759,306935,psutil,process_cpu_pct,28.75,percent,ok,,process,
0.1,ffbe55b9-da45-4cd6-9d6b-000e22678788,1787665180759,306935,psutil,process_memory_mb,7703.01953125,MiB,ok,,process,
0.1,ffbe55b9-da45-4cd6-9d6b-000e22678788,1787665177000,303176,presentmon,app_fps,40.16372300863119,fps,ok,,process,41
0.1,ffbe55b9-da45-4cd6-9d6b-000e22678788,1787665177000,303176,presentmon,frame_time_avg_ms,24.898090243902438,ms,ok,,process,41
0.1,ffbe55b9-da45-4cd6-9d6b-000e22678788,1787665177000,303176,presentmon,frame_time_p95_ms,37.1716,ms,ok,,process,41
0.1,ffbe55b9-da45-4cd6-9d6b-000e22678788,1787665177000,303176,presentmon,gpu_busy_median_ms,20.6444,ms,ok,,process,41
0.1,ffbe55b9-da45-4cd6-9d6b-000e22678788,1787665177000,303176,presentmon,gpu_busy_p95_ms,25.4964,ms,ok,,process,41
0.1,ffbe55b9-da45-4cd6-9d6b-000e22678788,1787665178000,304176,presentmon,app_fps,32.236996728851494,fps,ok,,process,32
0.1,ffbe55b9-da45-4cd6-9d6b-000e22678788,1787665178000,304176,presentmon,frame_time_avg_ms,31.020259375000002,ms,ok,,process,32
0.1,ffbe55b9-da45-4cd6-9d6b-000e22678788,1787665178000,304176,presentmon,frame_time_p95_ms,42.5724,ms,ok,,process,32
0.1,ffbe55b9-da45-4cd6-9d6b-000e22678788,1787665178000,304176,presentmon,gpu_busy_median_ms,20.842950000000002,ms,ok,,process,32
0.1,ffbe55b9-da45-4cd6-9d6b-000e22678788,1787665178000,304176,presentmon,gpu_busy_p95_ms,23.1554,ms,ok,,process,32
0.1,ffbe55b9-da45-4cd6-9d6b-000e22678788,1787665180759,306935,windows_pdh,process_gpu_pct,,percent,unavailable,OSError: PdhCollectQueryData=0x-7FFFF82B,process,
0.1,ffbe55b9-da45-4cd6-9d6b-000e22678788,1787665181765,307941,psutil,process_cpu_pct_raw,749.7,percent,ok,,process,
0.1,ffbe55b9-da45-4cd6-9d6b-000e22678788,1787665181765,307941,psutil,process_cpu_pct,37.485,percent,ok,,process,
0.1,ffbe55b9-da45-4cd6-9d6b-000e22678788,1787665181765,307941,psutil,process_memory_mb,7705.7109375,MiB,ok,,process,
0.1,ffbe55b9-da45-4cd6-9d6b-000e22678788,1787665179000,305176,presentmon,app_fps,35.27639763071619,fps,ok,,process,35
0.1,ffbe55b9-da45-4cd6-9d6b-000e22678788,1787665179000,305176,presentmon,frame_time_avg_ms,28.347565714285714,ms,ok,,process,35
0.1,ffbe55b9-da45-4cd6-9d6b-000e22678788,1787665179000,305176,presentmon,frame_time_p95_ms,45.0581,ms,ok,,process,35
0.1,ffbe55b9-da45-4cd6-9d6b-000e22678788,1787665179000,305176,presentmon,gpu_busy_median_ms,20.3264,ms,ok,,process,35
0.1,ffbe55b9-da45-4cd6-9d6b-000e22678788,1787665179000,305176,presentmon,gpu_busy_p95_ms,26.7956,ms,ok,,process,35
0.1,ffbe55b9-da45-4cd6-9d6b-000e22678788,1787665181765,307941,windows_pdh,process_gpu_pct,,percent,unavailable,OSError: PdhCollectQueryData=0x-7FFFF82B,process,
0.1,ffbe55b9-da45-4cd6-9d6b-000e22678788,1787665181765,307941,nvidia-smi,device_gpu_util_pct,79.0,percent,ok,,device,
0.1,ffbe55b9-da45-4cd6-9d6b-000e22678788,1787665181765,307941,nvidia-smi,device_vram_used_mb,4798.0,MiB,ok,,device,
0.1,ffbe55b9-da45-4cd6-9d6b-000e22678788,1787665181765,307941,nvidia-smi,device_gpu_temperature_c,64.0,celsius,ok,,device,
0.1,ffbe55b9-da45-4cd6-9d6b-000e22678788,1787665181765,307941,nvidia-smi,device_gpu_power_w,145.25,watt,ok,,device,
0.1,ffbe55b9-da45-4cd6-9d6b-000e22678788,1787665181765,307941,nvidia-smi,device_gpu_clock_mhz,1965.0,MHz,ok,,device,
0.1,ffbe55b9-da45-4cd6-9d6b-000e22678788,1787665182770,308946,psutil,process_cpu_pct_raw,659.4,percent,ok,,process,
0.1,ffbe55b9-da45-4cd6-9d6b-000e22678788,1787665182770,308946,psutil,process_cpu_pct,32.97,percent,ok,,process,
0.1,ffbe55b9-da45-4cd6-9d6b-000e22678788,1787665182770,308946,psutil,process_memory_mb,7703.21875,MiB,ok,,process,
0.1,ffbe55b9-da45-4cd6-9d6b-000e22678788,1787665180000,306176,presentmon,app_fps,48.52148465634406,fps,ok,,process,48
0.1,ffbe55b9-da45-4cd6-9d6b-000e22678788,1787665180000,306176,presentmon,frame_time_avg_ms,20.609427083333333,ms,ok,,process,48
0.1,ffbe55b9-da45-4cd6-9d6b-000e22678788,1787665180000,306176,presentmon,frame_time_p95_ms,28.4096,ms,ok,,process,48
0.1,ffbe55b9-da45-4cd6-9d6b-000e22678788,1787665180000,306176,presentmon,gpu_busy_median_ms,19.452399999999997,ms,ok,,process,48
0.1,ffbe55b9-da45-4cd6-9d6b-000e22678788,1787665180000,306176,presentmon,gpu_busy_p95_ms,19.9134,ms,ok,,process,48
0.1,ffbe55b9-da45-4cd6-9d6b-000e22678788,1787665182770,308946,windows_pdh,process_gpu_pct,,percent,unavailable,OSError: PdhCollectQueryData=0x-7FFFF82B,process,
0.1,ffbe55b9-da45-4cd6-9d6b-000e22678788,1787665183776,309952,psutil,process_cpu_pct_raw,593.8,percent,ok,,process,
0.1,ffbe55b9-da45-4cd6-9d6b-000e22678788,1787665183776,309952,psutil,process_cpu_pct,29.689999999999998,percent,ok,,process,
0.1,ffbe55b9-da45-4cd6-9d6b-000e22678788,1787665183776,309952,psutil,process_memory_mb,7703.19921875,MiB,ok,,process,
0.1,ffbe55b9-da45-4cd6-9d6b-000e22678788,1787665181000,307176,presentmon,app_fps,35.96646846145339,fps,ok,,process,36
0.1,ffbe55b9-da45-4cd6-9d6b-000e22678788,1787665181000,307176,presentmon,frame_time_avg_ms,27.803675,ms,ok,,process,36
0.1,ffbe55b9-da45-4cd6-9d6b-000e22678788,1787665181000,307176,presentmon,frame_time_p95_ms,49.498,ms,ok,,process,36
0.1,ffbe55b9-da45-4cd6-9d6b-000e22678788,1787665181000,307176,presentmon,gpu_busy_median_ms,20.0848,ms,ok,,process,36
0.1,ffbe55b9-da45-4cd6-9d6b-000e22678788,1787665181000,307176,presentmon,gpu_busy_p95_ms,24.9727,ms,ok,,process,36
0.1,ffbe55b9-da45-4cd6-9d6b-000e22678788,1787665183776,309952,windows_pdh,process_gpu_pct,,percent,unavailable,OSError: PdhCollectQueryData=0x-7FFFF82B,process,
0.1,ffbe55b9-da45-4cd6-9d6b-000e22678788,1787665184766,310942,psutil,process_cpu_pct_raw,584.4,percent,ok,,process,
0.1,ffbe55b9-da45-4cd6-9d6b-000e22678788,1787665184766,310942,psutil,process_cpu_pct,29.22,percent,ok,,process,
0.1,ffbe55b9-da45-4cd6-9d6b-000e22678788,1787665184766,310942,psutil,process_memory_mb,7705.75,MiB,ok,,process,
0.1,ffbe55b9-da45-4cd6-9d6b-000e22678788,1787665182000,308176,presentmon,app_fps,40.63163360969451,fps,ok,,process,41
0.1,ffbe55b9-da45-4cd6-9d6b-000e22678788,1787665182000,308176,presentmon,frame_time_avg_ms,24.611365853658537,ms,ok,,process,41
0.1,ffbe55b9-da45-4cd6-9d6b-000e22678788,1787665182000,308176,presentmon,frame_time_p95_ms,37.5163,ms,ok,,process,41
0.1,ffbe55b9-da45-4cd6-9d6b-000e22678788,1787665182000,308176,presentmon,gpu_busy_median_ms,20.4825,ms,ok,,process,41
0.1,ffbe55b9-da45-4cd6-9d6b-000e22678788,1787665182000,308176,presentmon,gpu_busy_p95_ms,23.7566,ms,ok,,process,41
0.1,ffbe55b9-da45-4cd6-9d6b-000e22678788,1787665184766,310942,windows_pdh,process_gpu_pct,,percent,unavailable,OSError: PdhCollectQueryData=0x-7FFFF82B,process,
0.1,ffbe55b9-da45-4cd6-9d6b-000e22678788,1787665185756,311932,psutil,process_cpu_pct_raw,707.5,percent,ok,,process,
0.1,ffbe55b9-da45-4cd6-9d6b-000e22678788,1787665185756,311932,psutil,process_cpu_pct,35.375,percent,ok,,process,
0.1,ffbe55b9-da45-4cd6-9d6b-000e22678788,1787665185756,311932,psutil,process_memory_mb,7705.40625,MiB,ok,,process,
0.1,ffbe55b9-da45-4cd6-9d6b-000e22678788,1787665183000,309176,presentmon,app_fps,38.77547449249864,fps,ok,,process,39
0.1,ffbe55b9-da45-4cd6-9d6b-000e22678788,1787665183000,309176,presentmon,frame_time_avg_ms,25.789497435897434,ms,ok,,process,39
0.1,ffbe55b9-da45-4cd6-9d6b-000e22678788,1787665183000,309176,presentmon,frame_time_p95_ms,41.3884,ms,ok,,process,39
0.1,ffbe55b9-da45-4cd6-9d6b-000e22678788,1787665183000,309176,presentmon,gpu_busy_median_ms,21.0283,ms,ok,,process,39
0.1,ffbe55b9-da45-4cd6-9d6b-000e22678788,1787665183000,309176,presentmon,gpu_busy_p95_ms,29.8448,ms,ok,,process,39
0.1,ffbe55b9-da45-4cd6-9d6b-000e22678788,1787665185756,311932,windows_pdh,process_gpu_pct,,percent,unavailable,OSError: PdhCollectQueryData=0x-7FFFF82B,process,
0.1,ffbe55b9-da45-4cd6-9d6b-000e22678788,1787665186761,312937,psutil,process_cpu_pct_raw,578.8,percent,ok,,process,
0.1,ffbe55b9-da45-4cd6-9d6b-000e22678788,1787665186761,312937,psutil,process_cpu_pct,28.939999999999998,percent,ok,,process,
0.1,ffbe55b9-da45-4cd6-9d6b-000e22678788,1787665186761,312937,psutil,process_memory_mb,7705.6171875,MiB,ok,,process,
0.1,ffbe55b9-da45-4cd6-9d6b-000e22678788,1787665184000,310176,presentmon,app_fps,32.80680075038101,fps,ok,,process,33
0.1,ffbe55b9-da45-4cd6-9d6b-000e22678788,1787665184000,310176,presentmon,frame_time_avg_ms,30.48148484848485,ms,ok,,process,33
0.1,ffbe55b9-da45-4cd6-9d6b-000e22678788,1787665184000,310176,presentmon,frame_time_p95_ms,47.5395,ms,ok,,process,33
0.1,ffbe55b9-da45-4cd6-9d6b-000e22678788,1787665184000,310176,presentmon,gpu_busy_median_ms,24.1729,ms,ok,,process,33
0.1,ffbe55b9-da45-4cd6-9d6b-000e22678788,1787665184000,310176,presentmon,gpu_busy_p95_ms,30.1557,ms,ok,,process,33
0.1,ffbe55b9-da45-4cd6-9d6b-000e22678788,1787665186761,312937,windows_pdh,process_gpu_pct,,percent,unavailable,OSError: PdhCollectQueryData=0x-7FFFF82B,process,
0.1,ffbe55b9-da45-4cd6-9d6b-000e22678788,1787665186761,312937,nvidia-smi,device_gpu_util_pct,80.0,percent,ok,,device,
0.1,ffbe55b9-da45-4cd6-9d6b-000e22678788,1787665186761,312937,nvidia-smi,device_vram_used_mb,4853.0,MiB,ok,,device,
0.1,ffbe55b9-da45-4cd6-9d6b-000e22678788,1787665186761,312937,nvidia-smi,device_gpu_temperature_c,64.0,celsius,ok,,device,
0.1,ffbe55b9-da45-4cd6-9d6b-000e22678788,1787665186761,312937,nvidia-smi,device_gpu_power_w,145.42,watt,ok,,device,
0.1,ffbe55b9-da45-4cd6-9d6b-000e22678788,1787665186761,312937,nvidia-smi,device_gpu_clock_mhz,1965.0,MHz,ok,,device,
0.1,ffbe55b9-da45-4cd6-9d6b-000e22678788,1787665187767,313943,psutil,process_cpu_pct_raw,610.9,percent,ok,,process,
0.1,ffbe55b9-da45-4cd6-9d6b-000e22678788,1787665187767,313943,psutil,process_cpu_pct,30.544999999999998,percent,ok,,process,
0.1,ffbe55b9-da45-4cd6-9d6b-000e22678788,1787665187767,313943,psutil,process_memory_mb,7703.58203125,MiB,ok,,process,
0.1,ffbe55b9-da45-4cd6-9d6b-000e22678788,1787665185000,311176,presentmon,app_fps,34.958301429599175,fps,ok,,process,34
0.1,ffbe55b9-da45-4cd6-9d6b-000e22678788,1787665185000,311176,presentmon,frame_time_avg_ms,28.605508823529412,ms,ok,,process,34
0.1,ffbe55b9-da45-4cd6-9d6b-000e22678788,1787665185000,311176,presentmon,frame_time_p95_ms,46.6616,ms,ok,,process,34
0.1,ffbe55b9-da45-4cd6-9d6b-000e22678788,1787665185000,311176,presentmon,gpu_busy_median_ms,26.3363,ms,ok,,process,34
0.1,ffbe55b9-da45-4cd6-9d6b-000e22678788,1787665185000,311176,presentmon,gpu_busy_p95_ms,32.452,ms,ok,,process,34
0.1,ffbe55b9-da45-4cd6-9d6b-000e22678788,1787665187767,313943,windows_pdh,process_gpu_pct,,percent,unavailable,OSError: PdhCollectQueryData=0x-7FFFF82B,process,
0.1,ffbe55b9-da45-4cd6-9d6b-000e22678788,1787665188772,314948,psutil,process_cpu_pct_raw,706.2,percent,ok,,process,
0.1,ffbe55b9-da45-4cd6-9d6b-000e22678788,1787665188772,314948,psutil,process_cpu_pct,35.31,percent,ok,,process,
0.1,ffbe55b9-da45-4cd6-9d6b-000e22678788,1787665188772,314948,psutil,process_memory_mb,7704.6171875,MiB,ok,,process,
0.1,ffbe55b9-da45-4cd6-9d6b-000e22678788,1787665186000,312176,presentmon,app_fps,38.055488708085264,fps,ok,,process,38
0.1,ffbe55b9-da45-4cd6-9d6b-000e22678788,1787665186000,312176,presentmon,frame_time_avg_ms,26.27741842105263,ms,ok,,process,38
0.1,ffbe55b9-da45-4cd6-9d6b-000e22678788,1787665186000,312176,presentmon,frame_time_p95_ms,39.5652,ms,ok,,process,38
0.1,ffbe55b9-da45-4cd6-9d6b-000e22678788,1787665186000,312176,presentmon,gpu_busy_median_ms,21.5585,ms,ok,,process,38
0.1,ffbe55b9-da45-4cd6-9d6b-000e22678788,1787665186000,312176,presentmon,gpu_busy_p95_ms,32.2203,ms,ok,,process,38
0.1,ffbe55b9-da45-4cd6-9d6b-000e22678788,1787665188772,314948,windows_pdh,process_gpu_pct,,percent,unavailable,OSError: PdhCollectQueryData=0x-7FFFF82B,process,
0.1,ffbe55b9-da45-4cd6-9d6b-000e22678788,1787665189763,315939,psutil,process_cpu_pct_raw,575.0,percent,ok,,process,
0.1,ffbe55b9-da45-4cd6-9d6b-000e22678788,1787665189763,315939,psutil,process_cpu_pct,28.75,percent,ok,,process,
0.1,ffbe55b9-da45-4cd6-9d6b-000e22678788,1787665189763,315939,psutil,process_memory_mb,7705.7890625,MiB,ok,,process,
0.1,ffbe55b9-da45-4cd6-9d6b-000e22678788,1787665187000,313176,presentmon,app_fps,33.19459619310703,fps,ok,,process,34
0.1,ffbe55b9-da45-4cd6-9d6b-000e22678788,1787665187000,313176,presentmon,frame_time_avg_ms,30.125385294117645,ms,ok,,process,34
0.1,ffbe55b9-da45-4cd6-9d6b-000e22678788,1787665187000,313176,presentmon,frame_time_p95_ms,40.3739,ms,ok,,process,34
0.1,ffbe55b9-da45-4cd6-9d6b-000e22678788,1787665187000,313176,presentmon,gpu_busy_median_ms,22.376600000000003,ms,ok,,process,34
0.1,ffbe55b9-da45-4cd6-9d6b-000e22678788,1787665187000,313176,presentmon,gpu_busy_p95_ms,25.636,ms,ok,,process,34
0.1,ffbe55b9-da45-4cd6-9d6b-000e22678788,1787665189763,315939,windows_pdh,process_gpu_pct,,percent,unavailable,OSError: PdhCollectQueryData=0x-7FFFF82B,process,
0.1,ffbe55b9-da45-4cd6-9d6b-000e22678788,1787665190753,316929,psutil,process_cpu_pct_raw,515.5,percent,ok,,process,
0.1,ffbe55b9-da45-4cd6-9d6b-000e22678788,1787665190753,316929,psutil,process_cpu_pct,25.775,percent,ok,,process,
0.1,ffbe55b9-da45-4cd6-9d6b-000e22678788,1787665190753,316929,psutil,process_memory_mb,7701.08984375,MiB,ok,,process,
0.1,ffbe55b9-da45-4cd6-9d6b-000e22678788,1787665188000,314176,presentmon,app_fps,33.11315759344407,fps,ok,,process,33
0.1,ffbe55b9-da45-4cd6-9d6b-000e22678788,1787665188000,314176,presentmon,frame_time_avg_ms,30.199475757575758,ms,ok,,process,33
0.1,ffbe55b9-da45-4cd6-9d6b-000e22678788,1787665188000,314176,presentmon,frame_time_p95_ms,46.3585,ms,ok,,process,33
0.1,ffbe55b9-da45-4cd6-9d6b-000e22678788,1787665188000,314176,presentmon,gpu_busy_median_ms,23.0129,ms,ok,,process,33
0.1,ffbe55b9-da45-4cd6-9d6b-000e22678788,1787665188000,314176,presentmon,gpu_busy_p95_ms,24.4112,ms,ok,,process,33
0.1,ffbe55b9-da45-4cd6-9d6b-000e22678788,1787665190753,316929,windows_pdh,process_gpu_pct,,percent,unavailable,OSError: PdhCollectQueryData=0x-7FFFF82B,process,
0.1,ffbe55b9-da45-4cd6-9d6b-000e22678788,1787665191758,317934,psutil,process_cpu_pct_raw,685.9,percent,ok,,process,
0.1,ffbe55b9-da45-4cd6-9d6b-000e22678788,1787665191758,317934,psutil,process_cpu_pct,34.295,percent,ok,,process,
0.1,ffbe55b9-da45-4cd6-9d6b-000e22678788,1787665191758,317934,psutil,process_memory_mb,7701.16015625,MiB,ok,,process,
0.1,ffbe55b9-da45-4cd6-9d6b-000e22678788,1787665189000,315176,presentmon,app_fps,32.336323634861465,fps,ok,,process,32
0.1,ffbe55b9-da45-4cd6-9d6b-000e22678788,1787665189000,315176,presentmon,frame_time_avg_ms,30.924975,ms,ok,,process,32
0.1,ffbe55b9-da45-4cd6-9d6b-000e22678788,1787665189000,315176,presentmon,frame_time_p95_ms,44.4191,ms,ok,,process,32
0.1,ffbe55b9-da45-4cd6-9d6b-000e22678788,1787665189000,315176,presentmon,gpu_busy_median_ms,22.40175,ms,ok,,process,32
0.1,ffbe55b9-da45-4cd6-9d6b-000e22678788,1787665189000,315176,presentmon,gpu_busy_p95_ms,27.0773,ms,ok,,process,32
0.1,ffbe55b9-da45-4cd6-9d6b-000e22678788,1787665191758,317934,windows_pdh,process_gpu_pct,,percent,unavailable,OSError: PdhCollectQueryData=0x-7FFFF82B,process,
0.1,ffbe55b9-da45-4cd6-9d6b-000e22678788,1787665192764,318940,psutil,process_cpu_pct_raw,728.1,percent,ok,,process,
0.1,ffbe55b9-da45-4cd6-9d6b-000e22678788,1787665192764,318940,psutil,process_cpu_pct,36.405,percent,ok,,process,
0.1,ffbe55b9-da45-4cd6-9d6b-000e22678788,1787665192764,318940,psutil,process_memory_mb,7703.25390625,MiB,ok,,process,
0.1,ffbe55b9-da45-4cd6-9d6b-000e22678788,1787665190000,316176,presentmon,app_fps,46.96518001553648,fps,ok,,process,47
0.1,ffbe55b9-da45-4cd6-9d6b-000e22678788,1787665190000,316176,presentmon,frame_time_avg_ms,21.292370212765956,ms,ok,,process,47
0.1,ffbe55b9-da45-4cd6-9d6b-000e22678788,1787665190000,316176,presentmon,frame_time_p95_ms,25.7685,ms,ok,,process,47
0.1,ffbe55b9-da45-4cd6-9d6b-000e22678788,1787665190000,316176,presentmon,gpu_busy_median_ms,19.9375,ms,ok,,process,47
0.1,ffbe55b9-da45-4cd6-9d6b-000e22678788,1787665190000,316176,presentmon,gpu_busy_p95_ms,21.4256,ms,ok,,process,47
0.1,ffbe55b9-da45-4cd6-9d6b-000e22678788,1787665192764,318940,windows_pdh,process_gpu_pct,,percent,unavailable,OSError: PdhCollectQueryData=0x-7FFFF82B,process,
0.1,ffbe55b9-da45-4cd6-9d6b-000e22678788,1787665192764,318940,nvidia-smi,device_gpu_util_pct,93.0,percent,ok,,device,
0.1,ffbe55b9-da45-4cd6-9d6b-000e22678788,1787665192764,318940,nvidia-smi,device_vram_used_mb,4819.0,MiB,ok,,device,
0.1,ffbe55b9-da45-4cd6-9d6b-000e22678788,1787665192764,318940,nvidia-smi,device_gpu_temperature_c,63.0,celsius,ok,,device,
0.1,ffbe55b9-da45-4cd6-9d6b-000e22678788,1787665192764,318940,nvidia-smi,device_gpu_power_w,121.11,watt,ok,,device,
0.1,ffbe55b9-da45-4cd6-9d6b-000e22678788,1787665192764,318940,nvidia-smi,device_gpu_clock_mhz,1965.0,MHz,ok,,device,
0.1,ffbe55b9-da45-4cd6-9d6b-000e22678788,1787665193769,319945,psutil,process_cpu_pct_raw,565.6,percent,ok,,process,
0.1,ffbe55b9-da45-4cd6-9d6b-000e22678788,1787665193769,319945,psutil,process_cpu_pct,28.28,percent,ok,,process,
0.1,ffbe55b9-da45-4cd6-9d6b-000e22678788,1787665193769,319945,psutil,process_memory_mb,7704.08984375,MiB,ok,,process,
0.1,ffbe55b9-da45-4cd6-9d6b-000e22678788,1787665191000,317176,presentmon,app_fps,41.34511178256021,fps,ok,,process,41
0.1,ffbe55b9-da45-4cd6-9d6b-000e22678788,1787665191000,317176,presentmon,frame_time_avg_ms,24.186656097560977,ms,ok,,process,41
0.1,ffbe55b9-da45-4cd6-9d6b-000e22678788,1787665191000,317176,presentmon,frame_time_p95_ms,30.271,ms,ok,,process,41
0.1,ffbe55b9-da45-4cd6-9d6b-000e22678788,1787665191000,317176,presentmon,gpu_busy_median_ms,20.499,ms,ok,,process,41
0.1,ffbe55b9-da45-4cd6-9d6b-000e22678788,1787665191000,317176,presentmon,gpu_busy_p95_ms,21.6978,ms,ok,,process,41
0.1,ffbe55b9-da45-4cd6-9d6b-000e22678788,1787665193769,319945,windows_pdh,process_gpu_pct,,percent,unavailable,OSError: PdhCollectQueryData=0x-7FFFF82B,process,
0.1,ffbe55b9-da45-4cd6-9d6b-000e22678788,1787665194759,320935,psutil,process_cpu_pct_raw,636.1,percent,ok,,process,
0.1,ffbe55b9-da45-4cd6-9d6b-000e22678788,1787665194759,320935,psutil,process_cpu_pct,31.805,percent,ok,,process,
0.1,ffbe55b9-da45-4cd6-9d6b-000e22678788,1787665194759,320935,psutil,process_memory_mb,7706.83984375,MiB,ok,,process,
0.1,ffbe55b9-da45-4cd6-9d6b-000e22678788,1787665194759,320935,windows_pdh,process_gpu_pct,,percent,unavailable,OSError: PdhCollectQueryData=0x-7FFFF82B,process,
0.1,ffbe55b9-da45-4cd6-9d6b-000e22678788,1787665195765,321941,psutil,process_cpu_pct_raw,735.8,percent,ok,,process,
0.1,ffbe55b9-da45-4cd6-9d6b-000e22678788,1787665195765,321941,psutil,process_cpu_pct,36.79,percent,ok,,process,
0.1,ffbe55b9-da45-4cd6-9d6b-000e22678788,1787665195765,321941,psutil,process_memory_mb,7705.734375,MiB,ok,,process,
0.1,ffbe55b9-da45-4cd6-9d6b-000e22678788,1787665192000,318176,presentmon,app_fps,37.06555413905033,fps,ok,,process,37
0.1,ffbe55b9-da45-4cd6-9d6b-000e22678788,1787665192000,318176,presentmon,frame_time_avg_ms,26.979227027027026,ms,ok,,process,37
0.1,ffbe55b9-da45-4cd6-9d6b-000e22678788,1787665192000,318176,presentmon,frame_time_p95_ms,41.99,ms,ok,,process,37
0.1,ffbe55b9-da45-4cd6-9d6b-000e22678788,1787665192000,318176,presentmon,gpu_busy_median_ms,19.8573,ms,ok,,process,37
0.1,ffbe55b9-da45-4cd6-9d6b-000e22678788,1787665192000,318176,presentmon,gpu_busy_p95_ms,21.8509,ms,ok,,process,37
0.1,ffbe55b9-da45-4cd6-9d6b-000e22678788,1787665193000,319176,presentmon,app_fps,49.90039001557773,fps,ok,,process,51
0.1,ffbe55b9-da45-4cd6-9d6b-000e22678788,1787665193000,319176,presentmon,frame_time_avg_ms,20.039923529411766,ms,ok,,process,51
0.1,ffbe55b9-da45-4cd6-9d6b-000e22678788,1787665193000,319176,presentmon,frame_time_p95_ms,25.6577,ms,ok,,process,51
0.1,ffbe55b9-da45-4cd6-9d6b-000e22678788,1787665193000,319176,presentmon,gpu_busy_median_ms,18.7296,ms,ok,,process,51
0.1,ffbe55b9-da45-4cd6-9d6b-000e22678788,1787665193000,319176,presentmon,gpu_busy_p95_ms,20.1482,ms,ok,,process,51
0.1,ffbe55b9-da45-4cd6-9d6b-000e22678788,1787665195765,321941,windows_pdh,process_gpu_pct,,percent,unavailable,OSError: PdhCollectQueryData=0x-7FFFF82B,process,
0.1,ffbe55b9-da45-4cd6-9d6b-000e22678788,1787665196755,322931,psutil,process_cpu_pct_raw,663.1,percent,ok,,process,
0.1,ffbe55b9-da45-4cd6-9d6b-000e22678788,1787665196755,322931,psutil,process_cpu_pct,33.155,percent,ok,,process,
0.1,ffbe55b9-da45-4cd6-9d6b-000e22678788,1787665196755,322931,psutil,process_memory_mb,7822.8125,MiB,ok,,process,
0.1,ffbe55b9-da45-4cd6-9d6b-000e22678788,1787665194000,320176,presentmon,app_fps,43.435098064330006,fps,ok,,process,43
0.1,ffbe55b9-da45-4cd6-9d6b-000e22678788,1787665194000,320176,presentmon,frame_time_avg_ms,23.022855813953488,ms,ok,,process,43
0.1,ffbe55b9-da45-4cd6-9d6b-000e22678788,1787665194000,320176,presentmon,frame_time_p95_ms,33.2919,ms,ok,,process,43
0.1,ffbe55b9-da45-4cd6-9d6b-000e22678788,1787665194000,320176,presentmon,gpu_busy_median_ms,18.6254,ms,ok,,process,43
0.1,ffbe55b9-da45-4cd6-9d6b-000e22678788,1787665194000,320176,presentmon,gpu_busy_p95_ms,19.6588,ms,ok,,process,43
0.1,ffbe55b9-da45-4cd6-9d6b-000e22678788,1787665196755,322931,windows_pdh,process_gpu_pct,,percent,unavailable,OSError: PdhCollectQueryData=0x-7FFFF82B,process,
0.1,ffbe55b9-da45-4cd6-9d6b-000e22678788,1787665197760,323936,psutil,process_cpu_pct_raw,540.3,percent,ok,,process,
0.1,ffbe55b9-da45-4cd6-9d6b-000e22678788,1787665197760,323936,psutil,process_cpu_pct,27.014999999999997,percent,ok,,process,
0.1,ffbe55b9-da45-4cd6-9d6b-000e22678788,1787665197760,323936,psutil,process_memory_mb,7824.1015625,MiB,ok,,process,
0.1,ffbe55b9-da45-4cd6-9d6b-000e22678788,1787665195000,321176,presentmon,app_fps,24.4827217108761,fps,ok,,process,25
0.1,ffbe55b9-da45-4cd6-9d6b-000e22678788,1787665195000,321176,presentmon,frame_time_avg_ms,40.845132,ms,ok,,process,25
0.1,ffbe55b9-da45-4cd6-9d6b-000e22678788,1787665195000,321176,presentmon,frame_time_p95_ms,53.0526,ms,ok,,process,25
0.1,ffbe55b9-da45-4cd6-9d6b-000e22678788,1787665195000,321176,presentmon,gpu_busy_median_ms,19.4394,ms,ok,,process,25
0.1,ffbe55b9-da45-4cd6-9d6b-000e22678788,1787665195000,321176,presentmon,gpu_busy_p95_ms,22.1727,ms,ok,,process,25
0.1,ffbe55b9-da45-4cd6-9d6b-000e22678788,1787665197760,323936,windows_pdh,process_gpu_pct,,percent,unavailable,OSError: PdhCollectQueryData=0x-7FFFF82B,process,
0.1,ffbe55b9-da45-4cd6-9d6b-000e22678788,1787665197760,323936,nvidia-smi,device_gpu_util_pct,47.0,percent,ok,,device,
0.1,ffbe55b9-da45-4cd6-9d6b-000e22678788,1787665197760,323936,nvidia-smi,device_vram_used_mb,4948.0,MiB,ok,,device,
0.1,ffbe55b9-da45-4cd6-9d6b-000e22678788,1787665197760,323936,nvidia-smi,device_gpu_temperature_c,63.0,celsius,ok,,device,
0.1,ffbe55b9-da45-4cd6-9d6b-000e22678788,1787665197760,323936,nvidia-smi,device_gpu_power_w,134.43,watt,ok,,device,
0.1,ffbe55b9-da45-4cd6-9d6b-000e22678788,1787665197760,323936,nvidia-smi,device_gpu_clock_mhz,1965.0,MHz,ok,,device,
0.1,ffbe55b9-da45-4cd6-9d6b-000e22678788,1787665198766,324942,psutil,process_cpu_pct_raw,581.3,percent,ok,,process,
0.1,ffbe55b9-da45-4cd6-9d6b-000e22678788,1787665198766,324942,psutil,process_cpu_pct,29.064999999999998,percent,ok,,process,
0.1,ffbe55b9-da45-4cd6-9d6b-000e22678788,1787665198766,324942,psutil,process_memory_mb,7825.4296875,MiB,ok,,process,
0.1,ffbe55b9-da45-4cd6-9d6b-000e22678788,1787665196000,322176,presentmon,app_fps,45.95539895771113,fps,ok,,process,45
0.1,ffbe55b9-da45-4cd6-9d6b-000e22678788,1787665196000,322176,presentmon,frame_time_avg_ms,21.76022888888889,ms,ok,,process,45
0.1,ffbe55b9-da45-4cd6-9d6b-000e22678788,1787665196000,322176,presentmon,frame_time_p95_ms,33.8002,ms,ok,,process,45
0.1,ffbe55b9-da45-4cd6-9d6b-000e22678788,1787665196000,322176,presentmon,gpu_busy_median_ms,17.6401,ms,ok,,process,45
0.1,ffbe55b9-da45-4cd6-9d6b-000e22678788,1787665196000,322176,presentmon,gpu_busy_p95_ms,18.9569,ms,ok,,process,45
0.1,ffbe55b9-da45-4cd6-9d6b-000e22678788,1787665198766,324942,windows_pdh,process_gpu_pct,,percent,unavailable,OSError: PdhCollectQueryData=0x-7FFFF82B,process,
0.1,ffbe55b9-da45-4cd6-9d6b-000e22678788,1787665199756,325932,psutil,process_cpu_pct_raw,625.0,percent,ok,,process,
0.1,ffbe55b9-da45-4cd6-9d6b-000e22678788,1787665199756,325932,psutil,process_cpu_pct,31.25,percent,ok,,process,
0.1,ffbe55b9-da45-4cd6-9d6b-000e22678788,1787665199756,325932,psutil,process_memory_mb,7827.4375,MiB,ok,,process,
0.1,ffbe55b9-da45-4cd6-9d6b-000e22678788,1787665197000,323176,presentmon,app_fps,45.82327338154938,fps,ok,,process,46
0.1,ffbe55b9-da45-4cd6-9d6b-000e22678788,1787665197000,323176,presentmon,frame_time_avg_ms,21.822971739130434,ms,ok,,process,46
0.1,ffbe55b9-da45-4cd6-9d6b-000e22678788,1787665197000,323176,presentmon,frame_time_p95_ms,29.4656,ms,ok,,process,46
0.1,ffbe55b9-da45-4cd6-9d6b-000e22678788,1787665197000,323176,presentmon,gpu_busy_median_ms,18.6662,ms,ok,,process,46
0.1,ffbe55b9-da45-4cd6-9d6b-000e22678788,1787665197000,323176,presentmon,gpu_busy_p95_ms,19.6154,ms,ok,,process,46
0.1,ffbe55b9-da45-4cd6-9d6b-000e22678788,1787665199756,325932,windows_pdh,process_gpu_pct,,percent,unavailable,OSError: PdhCollectQueryData=0x-7FFFF82B,process,
0.1,ffbe55b9-da45-4cd6-9d6b-000e22678788,1787665200761,326937,psutil,process_cpu_pct_raw,592.7,percent,ok,,process,
0.1,ffbe55b9-da45-4cd6-9d6b-000e22678788,1787665200761,326937,psutil,process_cpu_pct,29.635,percent,ok,,process,
0.1,ffbe55b9-da45-4cd6-9d6b-000e22678788,1787665200761,326937,psutil,process_memory_mb,7829.6953125,MiB,ok,,process,
0.1,ffbe55b9-da45-4cd6-9d6b-000e22678788,1787665198000,324176,presentmon,app_fps,38.006141792513674,fps,ok,,process,38
0.1,ffbe55b9-da45-4cd6-9d6b-000e22678788,1787665198000,324176,presentmon,frame_time_avg_ms,26.311536842105262,ms,ok,,process,38
0.1,ffbe55b9-da45-4cd6-9d6b-000e22678788,1787665198000,324176,presentmon,frame_time_p95_ms,40.2672,ms,ok,,process,38
0.1,ffbe55b9-da45-4cd6-9d6b-000e22678788,1787665198000,324176,presentmon,gpu_busy_median_ms,18.8095,ms,ok,,process,38
0.1,ffbe55b9-da45-4cd6-9d6b-000e22678788,1787665198000,324176,presentmon,gpu_busy_p95_ms,20.1041,ms,ok,,process,38
0.1,ffbe55b9-da45-4cd6-9d6b-000e22678788,1787665200761,326937,windows_pdh,process_gpu_pct,,percent,unavailable,OSError: PdhCollectQueryData=0x-7FFFF82B,process,
0.1,ffbe55b9-da45-4cd6-9d6b-000e22678788,1787665201767,327943,psutil,process_cpu_pct_raw,535.9,percent,ok,,process,
0.1,ffbe55b9-da45-4cd6-9d6b-000e22678788,1787665201767,327943,psutil,process_cpu_pct,26.794999999999998,percent,ok,,process,
0.1,ffbe55b9-da45-4cd6-9d6b-000e22678788,1787665201767,327943,psutil,process_memory_mb,7833.64453125,MiB,ok,,process,
0.1,ffbe55b9-da45-4cd6-9d6b-000e22678788,1787665201767,327943,windows_pdh,process_gpu_pct,,percent,unavailable,OSError: PdhCollectQueryData=0x-7FFFF82B,process,
0.1,ffbe55b9-da45-4cd6-9d6b-000e22678788,1787665202757,328933,psutil,process_cpu_pct_raw,620.2,percent,ok,,process,
0.1,ffbe55b9-da45-4cd6-9d6b-000e22678788,1787665202757,328933,psutil,process_cpu_pct,31.01,percent,ok,,process,
0.1,ffbe55b9-da45-4cd6-9d6b-000e22678788,1787665202757,328933,psutil,process_memory_mb,7829.71875,MiB,ok,,process,
0.1,ffbe55b9-da45-4cd6-9d6b-000e22678788,1787665199000,325176,presentmon,app_fps,52.021698250340215,fps,ok,,process,52
0.1,ffbe55b9-da45-4cd6-9d6b-000e22678788,1787665199000,325176,presentmon,frame_time_avg_ms,19.222748076923075,ms,ok,,process,52
0.1,ffbe55b9-da45-4cd6-9d6b-000e22678788,1787665199000,325176,presentmon,frame_time_p95_ms,25.994,ms,ok,,process,52
0.1,ffbe55b9-da45-4cd6-9d6b-000e22678788,1787665199000,325176,presentmon,gpu_busy_median_ms,18.1145,ms,ok,,process,52
0.1,ffbe55b9-da45-4cd6-9d6b-000e22678788,1787665199000,325176,presentmon,gpu_busy_p95_ms,19.6663,ms,ok,,process,52
0.1,ffbe55b9-da45-4cd6-9d6b-000e22678788,1787665200000,326176,presentmon,app_fps,39.19819696133617,fps,ok,,process,40
0.1,ffbe55b9-da45-4cd6-9d6b-000e22678788,1787665200000,326176,presentmon,frame_time_avg_ms,25.511377500000002,ms,ok,,process,40
0.1,ffbe55b9-da45-4cd6-9d6b-000e22678788,1787665200000,326176,presentmon,frame_time_p95_ms,41.1034,ms,ok,,process,40
0.1,ffbe55b9-da45-4cd6-9d6b-000e22678788,1787665200000,326176,presentmon,gpu_busy_median_ms,18.3174,ms,ok,,process,40
0.1,ffbe55b9-da45-4cd6-9d6b-000e22678788,1787665200000,326176,presentmon,gpu_busy_p95_ms,20.247,ms,ok,,process,40
0.1,ffbe55b9-da45-4cd6-9d6b-000e22678788,1787665202757,328933,windows_pdh,process_gpu_pct,,percent,unavailable,OSError: PdhCollectQueryData=0x-7FFFF82B,process,
0.1,ffbe55b9-da45-4cd6-9d6b-000e22678788,1787665203762,329938,psutil,process_cpu_pct_raw,780.5,percent,ok,,process,
0.1,ffbe55b9-da45-4cd6-9d6b-000e22678788,1787665203762,329938,psutil,process_cpu_pct,39.025,percent,ok,,process,
0.1,ffbe55b9-da45-4cd6-9d6b-000e22678788,1787665203762,329938,psutil,process_memory_mb,7840.00390625,MiB,ok,,process,
0.1,ffbe55b9-da45-4cd6-9d6b-000e22678788,1787665201000,327176,presentmon,app_fps,35.04113520086094,fps,ok,,process,34
0.1,ffbe55b9-da45-4cd6-9d6b-000e22678788,1787665201000,327176,presentmon,frame_time_avg_ms,28.537888235294115,ms,ok,,process,34
0.1,ffbe55b9-da45-4cd6-9d6b-000e22678788,1787665201000,327176,presentmon,frame_time_p95_ms,45.6934,ms,ok,,process,34
0.1,ffbe55b9-da45-4cd6-9d6b-000e22678788,1787665201000,327176,presentmon,gpu_busy_median_ms,20.6106,ms,ok,,process,34
0.1,ffbe55b9-da45-4cd6-9d6b-000e22678788,1787665201000,327176,presentmon,gpu_busy_p95_ms,26.0081,ms,ok,,process,34
0.1,ffbe55b9-da45-4cd6-9d6b-000e22678788,1787665203762,329938,windows_pdh,process_gpu_pct,,percent,unavailable,OSError: PdhCollectQueryData=0x-7FFFF82B,process,
0.1,ffbe55b9-da45-4cd6-9d6b-000e22678788,1787665203762,329938,nvidia-smi,device_gpu_util_pct,79.0,percent,ok,,device,
0.1,ffbe55b9-da45-4cd6-9d6b-000e22678788,1787665203762,329938,nvidia-smi,device_vram_used_mb,4944.0,MiB,ok,,device,
0.1,ffbe55b9-da45-4cd6-9d6b-000e22678788,1787665203762,329938,nvidia-smi,device_gpu_temperature_c,61.0,celsius,ok,,device,
0.1,ffbe55b9-da45-4cd6-9d6b-000e22678788,1787665203762,329938,nvidia-smi,device_gpu_power_w,134.63,watt,ok,,device,
0.1,ffbe55b9-da45-4cd6-9d6b-000e22678788,1787665203762,329938,nvidia-smi,device_gpu_clock_mhz,1965.0,MHz,ok,,device,
0.1,ffbe55b9-da45-4cd6-9d6b-000e22678788,1787665204768,330944,psutil,process_cpu_pct_raw,664.1,percent,ok,,process,
0.1,ffbe55b9-da45-4cd6-9d6b-000e22678788,1787665204768,330944,psutil,process_cpu_pct,33.205,percent,ok,,process,
0.1,ffbe55b9-da45-4cd6-9d6b-000e22678788,1787665204768,330944,psutil,process_memory_mb,7851.16015625,MiB,ok,,process,
0.1,ffbe55b9-da45-4cd6-9d6b-000e22678788,1787665202000,328176,presentmon,app_fps,45.52239271237953,fps,ok,,process,46
0.1,ffbe55b9-da45-4cd6-9d6b-000e22678788,1787665202000,328176,presentmon,frame_time_avg_ms,21.967210869565218,ms,ok,,process,46
0.1,ffbe55b9-da45-4cd6-9d6b-000e22678788,1787665202000,328176,presentmon,frame_time_p95_ms,35.5941,ms,ok,,process,46
0.1,ffbe55b9-da45-4cd6-9d6b-000e22678788,1787665202000,328176,presentmon,gpu_busy_median_ms,18.2577,ms,ok,,process,46
0.1,ffbe55b9-da45-4cd6-9d6b-000e22678788,1787665202000,328176,presentmon,gpu_busy_p95_ms,19.4394,ms,ok,,process,46
0.1,ffbe55b9-da45-4cd6-9d6b-000e22678788,1787665204768,330944,windows_pdh,process_gpu_pct,,percent,unavailable,OSError: PdhCollectQueryData=0x-7FFFF82B,process,
0.1,ffbe55b9-da45-4cd6-9d6b-000e22678788,1787665205758,331934,psutil,process_cpu_pct_raw,796.3,percent,ok,,process,
0.1,ffbe55b9-da45-4cd6-9d6b-000e22678788,1787665205758,331934,psutil,process_cpu_pct,39.815,percent,ok,,process,
0.1,ffbe55b9-da45-4cd6-9d6b-000e22678788,1787665205758,331934,psutil,process_memory_mb,7855.484375,MiB,ok,,process,
0.1,ffbe55b9-da45-4cd6-9d6b-000e22678788,1787665203000,329176,presentmon,app_fps,42.72589203961982,fps,ok,,process,43
0.1,ffbe55b9-da45-4cd6-9d6b-000e22678788,1787665203000,329176,presentmon,frame_time_avg_ms,23.405011627906976,ms,ok,,process,43
0.1,ffbe55b9-da45-4cd6-9d6b-000e22678788,1787665203000,329176,presentmon,frame_time_p95_ms,35.4079,ms,ok,,process,43
0.1,ffbe55b9-da45-4cd6-9d6b-000e22678788,1787665203000,329176,presentmon,gpu_busy_median_ms,17.7385,ms,ok,,process,43
0.1,ffbe55b9-da45-4cd6-9d6b-000e22678788,1787665203000,329176,presentmon,gpu_busy_p95_ms,19.1027,ms,ok,,process,43
0.1,ffbe55b9-da45-4cd6-9d6b-000e22678788,1787665205758,331934,windows_pdh,process_gpu_pct,,percent,unavailable,OSError: PdhCollectQueryData=0x-7FFFF82B,process,
0.1,ffbe55b9-da45-4cd6-9d6b-000e22678788,1787665206764,332940,psutil,process_cpu_pct_raw,583.4,percent,ok,,process,
0.1,ffbe55b9-da45-4cd6-9d6b-000e22678788,1787665206764,332940,psutil,process_cpu_pct,29.169999999999998,percent,ok,,process,
0.1,ffbe55b9-da45-4cd6-9d6b-000e22678788,1787665206764,332940,psutil,process_memory_mb,7853.375,MiB,ok,,process,
0.1,ffbe55b9-da45-4cd6-9d6b-000e22678788,1787665204000,330176,presentmon,app_fps,37.92551142552158,fps,ok,,process,37
0.1,ffbe55b9-da45-4cd6-9d6b-000e22678788,1787665204000,330176,presentmon,frame_time_avg_ms,26.367475675675674,ms,ok,,process,37
0.1,ffbe55b9-da45-4cd6-9d6b-000e22678788,1787665204000,330176,presentmon,frame_time_p95_ms,42.0813,ms,ok,,process,37
0.1,ffbe55b9-da45-4cd6-9d6b-000e22678788,1787665204000,330176,presentmon,gpu_busy_median_ms,17.7963,ms,ok,,process,37
0.1,ffbe55b9-da45-4cd6-9d6b-000e22678788,1787665204000,330176,presentmon,gpu_busy_p95_ms,19.0784,ms,ok,,process,37
0.1,ffbe55b9-da45-4cd6-9d6b-000e22678788,1787665206764,332940,windows_pdh,process_gpu_pct,,percent,unavailable,OSError: PdhCollectQueryData=0x-7FFFF82B,process,
0.1,ffbe55b9-da45-4cd6-9d6b-000e22678788,1787665207754,333930,psutil,process_cpu_pct_raw,705.9,percent,ok,,process,
0.1,ffbe55b9-da45-4cd6-9d6b-000e22678788,1787665207754,333930,psutil,process_cpu_pct,35.295,percent,ok,,process,
0.1,ffbe55b9-da45-4cd6-9d6b-000e22678788,1787665207754,333930,psutil,process_memory_mb,7854.47265625,MiB,ok,,process,
0.1,ffbe55b9-da45-4cd6-9d6b-000e22678788,1787665205000,331176,presentmon,app_fps,51.90629796741793,fps,ok,,process,53
0.1,ffbe55b9-da45-4cd6-9d6b-000e22678788,1787665205000,331176,presentmon,frame_time_avg_ms,19.265484905660376,ms,ok,,process,53
0.1,ffbe55b9-da45-4cd6-9d6b-000e22678788,1787665205000,331176,presentmon,frame_time_p95_ms,24.0597,ms,ok,,process,53
0.1,ffbe55b9-da45-4cd6-9d6b-000e22678788,1787665205000,331176,presentmon,gpu_busy_median_ms,17.8949,ms,ok,,process,53
0.1,ffbe55b9-da45-4cd6-9d6b-000e22678788,1787665205000,331176,presentmon,gpu_busy_p95_ms,19.9138,ms,ok,,process,53
0.1,ffbe55b9-da45-4cd6-9d6b-000e22678788,1787665207754,333930,windows_pdh,process_gpu_pct,,percent,unavailable,OSError: PdhCollectQueryData=0x-7FFFF82B,process,
0.1,ffbe55b9-da45-4cd6-9d6b-000e22678788,1787665208759,334935,psutil,process_cpu_pct_raw,657.3,percent,ok,,process,
0.1,ffbe55b9-da45-4cd6-9d6b-000e22678788,1787665208759,334935,psutil,process_cpu_pct,32.864999999999995,percent,ok,,process,
0.1,ffbe55b9-da45-4cd6-9d6b-000e22678788,1787665208759,334935,psutil,process_memory_mb,7898.453125,MiB,ok,,process,
0.1,ffbe55b9-da45-4cd6-9d6b-000e22678788,1787665206000,332176,presentmon,app_fps,40.542846966178764,fps,ok,,process,41
0.1,ffbe55b9-da45-4cd6-9d6b-000e22678788,1787665206000,332176,presentmon,frame_time_avg_ms,24.665263414634147,ms,ok,,process,41
0.1,ffbe55b9-da45-4cd6-9d6b-000e22678788,1787665206000,332176,presentmon,frame_time_p95_ms,36.3913,ms,ok,,process,41
0.1,ffbe55b9-da45-4cd6-9d6b-000e22678788,1787665206000,332176,presentmon,gpu_busy_median_ms,18.345,ms,ok,,process,41
0.1,ffbe55b9-da45-4cd6-9d6b-000e22678788,1787665206000,332176,presentmon,gpu_busy_p95_ms,19.6532,ms,ok,,process,41
0.1,ffbe55b9-da45-4cd6-9d6b-000e22678788,1787665208759,334935,windows_pdh,process_gpu_pct,,percent,unavailable,OSError: PdhCollectQueryData=0x-7FFFF82B,process,
0.1,ffbe55b9-da45-4cd6-9d6b-000e22678788,1787665208759,334935,nvidia-smi,device_gpu_util_pct,67.0,percent,ok,,device,
0.1,ffbe55b9-da45-4cd6-9d6b-000e22678788,1787665208759,334935,nvidia-smi,device_vram_used_mb,4983.0,MiB,ok,,device,
0.1,ffbe55b9-da45-4cd6-9d6b-000e22678788,1787665208759,334935,nvidia-smi,device_gpu_temperature_c,63.0,celsius,ok,,device,
0.1,ffbe55b9-da45-4cd6-9d6b-000e22678788,1787665208759,334935,nvidia-smi,device_gpu_power_w,120.43,watt,ok,,device,
0.1,ffbe55b9-da45-4cd6-9d6b-000e22678788,1787665208759,334935,nvidia-smi,device_gpu_clock_mhz,1965.0,MHz,ok,,device,
0.1,ffbe55b9-da45-4cd6-9d6b-000e22678788,1787665209765,335941,psutil,process_cpu_pct_raw,637.5,percent,ok,,process,
0.1,ffbe55b9-da45-4cd6-9d6b-000e22678788,1787665209765,335941,psutil,process_cpu_pct,31.875,percent,ok,,process,
0.1,ffbe55b9-da45-4cd6-9d6b-000e22678788,1787665209765,335941,psutil,process_memory_mb,7883.72265625,MiB,ok,,process,
0.1,ffbe55b9-da45-4cd6-9d6b-000e22678788,1787665207000,333176,presentmon,app_fps,37.59985683600457,fps,ok,,process,37
0.1,ffbe55b9-da45-4cd6-9d6b-000e22678788,1787665207000,333176,presentmon,frame_time_avg_ms,26.595845945945946,ms,ok,,process,37
0.1,ffbe55b9-da45-4cd6-9d6b-000e22678788,1787665207000,333176,presentmon,frame_time_p95_ms,44.2498,ms,ok,,process,37
0.1,ffbe55b9-da45-4cd6-9d6b-000e22678788,1787665207000,333176,presentmon,gpu_busy_median_ms,18.6417,ms,ok,,process,37
0.1,ffbe55b9-da45-4cd6-9d6b-000e22678788,1787665207000,333176,presentmon,gpu_busy_p95_ms,19.9242,ms,ok,,process,37
0.1,ffbe55b9-da45-4cd6-9d6b-000e22678788,1787665209765,335941,windows_pdh,process_gpu_pct,,percent,unavailable,OSError: PdhCollectQueryData=0x-7FFFF82B,process,
0.1,ffbe55b9-da45-4cd6-9d6b-000e22678788,1787665210755,336931,psutil,process_cpu_pct_raw,604.4,percent,ok,,process,
0.1,ffbe55b9-da45-4cd6-9d6b-000e22678788,1787665210755,336931,psutil,process_cpu_pct,30.22,percent,ok,,process,
0.1,ffbe55b9-da45-4cd6-9d6b-000e22678788,1787665210755,336931,psutil,process_memory_mb,7869.0,MiB,ok,,process,
0.1,ffbe55b9-da45-4cd6-9d6b-000e22678788,1787665208000,334176,presentmon,app_fps,53.52393509586642,fps,ok,,process,53
0.1,ffbe55b9-da45-4cd6-9d6b-000e22678788,1787665208000,334176,presentmon,frame_time_avg_ms,18.683230188679243,ms,ok,,process,53
0.1,ffbe55b9-da45-4cd6-9d6b-000e22678788,1787665208000,334176,presentmon,frame_time_p95_ms,27.2811,ms,ok,,process,53
0.1,ffbe55b9-da45-4cd6-9d6b-000e22678788,1787665208000,334176,presentmon,gpu_busy_median_ms,17.4478,ms,ok,,process,53
0.1,ffbe55b9-da45-4cd6-9d6b-000e22678788,1787665208000,334176,presentmon,gpu_busy_p95_ms,18.6349,ms,ok,,process,53
0.1,ffbe55b9-da45-4cd6-9d6b-000e22678788,1787665210755,336931,windows_pdh,process_gpu_pct,,percent,unavailable,OSError: PdhCollectQueryData=0x-7FFFF82B,process,
0.1,ffbe55b9-da45-4cd6-9d6b-000e22678788,1787665211760,337936,psutil,process_cpu_pct_raw,603.4,percent,ok,,process,
0.1,ffbe55b9-da45-4cd6-9d6b-000e22678788,1787665211760,337936,psutil,process_cpu_pct,30.169999999999998,percent,ok,,process,
0.1,ffbe55b9-da45-4cd6-9d6b-000e22678788,1787665211760,337936,psutil,process_memory_mb,7867.546875,MiB,ok,,process,
0.1,ffbe55b9-da45-4cd6-9d6b-000e22678788,1787665209000,335176,presentmon,app_fps,38.92331717283779,fps,ok,,process,39
0.1,ffbe55b9-da45-4cd6-9d6b-000e22678788,1787665209000,335176,presentmon,frame_time_avg_ms,25.691541025641026,ms,ok,,process,39
0.1,ffbe55b9-da45-4cd6-9d6b-000e22678788,1787665209000,335176,presentmon,frame_time_p95_ms,35.7239,ms,ok,,process,39
0.1,ffbe55b9-da45-4cd6-9d6b-000e22678788,1787665209000,335176,presentmon,gpu_busy_median_ms,17.2815,ms,ok,,process,39
0.1,ffbe55b9-da45-4cd6-9d6b-000e22678788,1787665209000,335176,presentmon,gpu_busy_p95_ms,19.0732,ms,ok,,process,39
0.1,ffbe55b9-da45-4cd6-9d6b-000e22678788,1787665211760,337936,windows_pdh,process_gpu_pct,,percent,unavailable,OSError: PdhCollectQueryData=0x-7FFFF82B,process,
0.1,ffbe55b9-da45-4cd6-9d6b-000e22678788,1787665212750,338926,psutil,process_cpu_pct_raw,561.5,percent,ok,,process,
0.1,ffbe55b9-da45-4cd6-9d6b-000e22678788,1787665212750,338926,psutil,process_cpu_pct,28.075,percent,ok,,process,
0.1,ffbe55b9-da45-4cd6-9d6b-000e22678788,1787665212750,338926,psutil,process_memory_mb,7867.1875,MiB,ok,,process,
0.1,ffbe55b9-da45-4cd6-9d6b-000e22678788,1787665210000,336176,presentmon,app_fps,43.43225078953267,fps,ok,,process,43
0.1,ffbe55b9-da45-4cd6-9d6b-000e22678788,1787665210000,336176,presentmon,frame_time_avg_ms,23.024365116279068,ms,ok,,process,43
0.1,ffbe55b9-da45-4cd6-9d6b-000e22678788,1787665210000,336176,presentmon,frame_time_p95_ms,34.2588,ms,ok,,process,43
0.1,ffbe55b9-da45-4cd6-9d6b-000e22678788,1787665210000,336176,presentmon,gpu_busy_median_ms,16.6453,ms,ok,,process,43
0.1,ffbe55b9-da45-4cd6-9d6b-000e22678788,1787665210000,336176,presentmon,gpu_busy_p95_ms,18.257,ms,ok,,process,43
0.1,ffbe55b9-da45-4cd6-9d6b-000e22678788,1787665212750,338926,windows_pdh,process_gpu_pct,,percent,unavailable,OSError: PdhCollectQueryData=0x-7FFFF82B,process,
0.1,ffbe55b9-da45-4cd6-9d6b-000e22678788,1787665213756,339932,psutil,process_cpu_pct_raw,656.2,percent,ok,,process,
0.1,ffbe55b9-da45-4cd6-9d6b-000e22678788,1787665213756,339932,psutil,process_cpu_pct,32.81,percent,ok,,process,
0.1,ffbe55b9-da45-4cd6-9d6b-000e22678788,1787665213756,339932,psutil,process_memory_mb,7866.93359375,MiB,ok,,process,
0.1,ffbe55b9-da45-4cd6-9d6b-000e22678788,1787665211000,337176,presentmon,app_fps,60.99269307536957,fps,ok,,process,61
0.1,ffbe55b9-da45-4cd6-9d6b-000e22678788,1787665211000,337176,presentmon,frame_time_avg_ms,16.395406557377047,ms,ok,,process,61
0.1,ffbe55b9-da45-4cd6-9d6b-000e22678788,1787665211000,337176,presentmon,frame_time_p95_ms,20.2757,ms,ok,,process,61
0.1,ffbe55b9-da45-4cd6-9d6b-000e22678788,1787665211000,337176,presentmon,gpu_busy_median_ms,15.9692,ms,ok,,process,61
0.1,ffbe55b9-da45-4cd6-9d6b-000e22678788,1787665211000,337176,presentmon,gpu_busy_p95_ms,16.4425,ms,ok,,process,61
0.1,ffbe55b9-da45-4cd6-9d6b-000e22678788,1787665213756,339932,windows_pdh,process_gpu_pct,,percent,unavailable,OSError: PdhCollectQueryData=0x-7FFFF82B,process,
0.1,ffbe55b9-da45-4cd6-9d6b-000e22678788,1787665214761,340937,psutil,process_cpu_pct_raw,572.7,percent,ok,,process,
0.1,ffbe55b9-da45-4cd6-9d6b-000e22678788,1787665214761,340937,psutil,process_cpu_pct,28.635,percent,ok,,process,
0.1,ffbe55b9-da45-4cd6-9d6b-000e22678788,1787665214761,340937,psutil,process_memory_mb,7865.00390625,MiB,ok,,process,
0.1,ffbe55b9-da45-4cd6-9d6b-000e22678788,1787665212000,338176,presentmon,app_fps,40.220072464798854,fps,ok,,process,41
0.1,ffbe55b9-da45-4cd6-9d6b-000e22678788,1787665212000,338176,presentmon,frame_time_avg_ms,24.86320731707317,ms,ok,,process,41
0.1,ffbe55b9-da45-4cd6-9d6b-000e22678788,1787665212000,338176,presentmon,frame_time_p95_ms,36.9051,ms,ok,,process,41
0.1,ffbe55b9-da45-4cd6-9d6b-000e22678788,1787665212000,338176,presentmon,gpu_busy_median_ms,16.5074,ms,ok,,process,41
0.1,ffbe55b9-da45-4cd6-9d6b-000e22678788,1787665212000,338176,presentmon,gpu_busy_p95_ms,17.4688,ms,ok,,process,41
0.1,ffbe55b9-da45-4cd6-9d6b-000e22678788,1787665214761,340937,windows_pdh,process_gpu_pct,,percent,unavailable,OSError: PdhCollectQueryData=0x-7FFFF82B,process,
0.1,ffbe55b9-da45-4cd6-9d6b-000e22678788,1787665214761,340937,nvidia-smi,device_gpu_util_pct,65.0,percent,ok,,device,
0.1,ffbe55b9-da45-4cd6-9d6b-000e22678788,1787665214761,340937,nvidia-smi,device_vram_used_mb,4969.0,MiB,ok,,device,
0.1,ffbe55b9-da45-4cd6-9d6b-000e22678788,1787665214761,340937,nvidia-smi,device_gpu_temperature_c,63.0,celsius,ok,,device,
0.1,ffbe55b9-da45-4cd6-9d6b-000e22678788,1787665214761,340937,nvidia-smi,device_gpu_power_w,133.5,watt,ok,,device,
0.1,ffbe55b9-da45-4cd6-9d6b-000e22678788,1787665214761,340937,nvidia-smi,device_gpu_clock_mhz,1965.0,MHz,ok,,device,
0.1,ffbe55b9-da45-4cd6-9d6b-000e22678788,1787665215751,341927,psutil,process_cpu_pct_raw,586.9,percent,ok,,process,
0.1,ffbe55b9-da45-4cd6-9d6b-000e22678788,1787665215751,341927,psutil,process_cpu_pct,29.345,percent,ok,,process,
0.1,ffbe55b9-da45-4cd6-9d6b-000e22678788,1787665215751,341927,psutil,process_memory_mb,7868.4609375,MiB,ok,,process,
0.1,ffbe55b9-da45-4cd6-9d6b-000e22678788,1787665213000,339176,presentmon,app_fps,41.58419557148602,fps,ok,,process,41
0.1,ffbe55b9-da45-4cd6-9d6b-000e22678788,1787665213000,339176,presentmon,frame_time_avg_ms,24.04759756097561,ms,ok,,process,41
0.1,ffbe55b9-da45-4cd6-9d6b-000e22678788,1787665213000,339176,presentmon,frame_time_p95_ms,40.1353,ms,ok,,process,41
0.1,ffbe55b9-da45-4cd6-9d6b-000e22678788,1787665213000,339176,presentmon,gpu_busy_median_ms,17.0301,ms,ok,,process,41
0.1,ffbe55b9-da45-4cd6-9d6b-000e22678788,1787665213000,339176,presentmon,gpu_busy_p95_ms,18.2079,ms,ok,,process,41
0.1,ffbe55b9-da45-4cd6-9d6b-000e22678788,1787665215751,341927,windows_pdh,process_gpu_pct,,percent,unavailable,OSError: PdhCollectQueryData=0x-7FFFF82B,process,
0.1,ffbe55b9-da45-4cd6-9d6b-000e22678788,1787665216757,342933,psutil,process_cpu_pct_raw,535.9,percent,ok,,process,
0.1,ffbe55b9-da45-4cd6-9d6b-000e22678788,1787665216757,342933,psutil,process_cpu_pct,26.794999999999998,percent,ok,,process,
0.1,ffbe55b9-da45-4cd6-9d6b-000e22678788,1787665216757,342933,psutil,process_memory_mb,7869.7734375,MiB,ok,,process,
0.1,ffbe55b9-da45-4cd6-9d6b-000e22678788,1787665214000,340176,presentmon,app_fps,54.80599226797061,fps,ok,,process,55
0.1,ffbe55b9-da45-4cd6-9d6b-000e22678788,1787665214000,340176,presentmon,frame_time_avg_ms,18.24618,ms,ok,,process,55
0.1,ffbe55b9-da45-4cd6-9d6b-000e22678788,1787665214000,340176,presentmon,frame_time_p95_ms,24.2467,ms,ok,,process,55
0.1,ffbe55b9-da45-4cd6-9d6b-000e22678788,1787665214000,340176,presentmon,gpu_busy_median_ms,16.7768,ms,ok,,process,55
0.1,ffbe55b9-da45-4cd6-9d6b-000e22678788,1787665214000,340176,presentmon,gpu_busy_p95_ms,17.684,ms,ok,,process,55
0.1,ffbe55b9-da45-4cd6-9d6b-000e22678788,1787665216757,342933,windows_pdh,process_gpu_pct,,percent,unavailable,OSError: PdhCollectQueryData=0x-7FFFF82B,process,
0.1,ffbe55b9-da45-4cd6-9d6b-000e22678788,1787665217747,343923,psutil,process_cpu_pct_raw,681.2,percent,ok,,process,
0.1,ffbe55b9-da45-4cd6-9d6b-000e22678788,1787665217747,343923,psutil,process_cpu_pct,34.06,percent,ok,,process,
0.1,ffbe55b9-da45-4cd6-9d6b-000e22678788,1787665217747,343923,psutil,process_memory_mb,7880.12109375,MiB,ok,,process,
0.1,ffbe55b9-da45-4cd6-9d6b-000e22678788,1787665215000,341176,presentmon,app_fps,32.601685645458055,fps,ok,,process,33
0.1,ffbe55b9-da45-4cd6-9d6b-000e22678788,1787665215000,341176,presentmon,frame_time_avg_ms,30.673260606060605,ms,ok,,process,33
0.1,ffbe55b9-da45-4cd6-9d6b-000e22678788,1787665215000,341176,presentmon,frame_time_p95_ms,45.1399,ms,ok,,process,33
0.1,ffbe55b9-da45-4cd6-9d6b-000e22678788,1787665215000,341176,presentmon,gpu_busy_median_ms,18.8937,ms,ok,,process,33
0.1,ffbe55b9-da45-4cd6-9d6b-000e22678788,1787665215000,341176,presentmon,gpu_busy_p95_ms,20.4326,ms,ok,,process,33
0.1,ffbe55b9-da45-4cd6-9d6b-000e22678788,1787665217747,343923,windows_pdh,process_gpu_pct,,percent,unavailable,OSError: PdhCollectQueryData=0x-7FFFF82B,process,
0.1,ffbe55b9-da45-4cd6-9d6b-000e22678788,1787665218752,344928,psutil,process_cpu_pct_raw,714.1,percent,ok,,process,
0.1,ffbe55b9-da45-4cd6-9d6b-000e22678788,1787665218752,344928,psutil,process_cpu_pct,35.705,percent,ok,,process,
0.1,ffbe55b9-da45-4cd6-9d6b-000e22678788,1787665218752,344928,psutil,process_memory_mb,7872.5625,MiB,ok,,process,
0.1,ffbe55b9-da45-4cd6-9d6b-000e22678788,1787665216000,342176,presentmon,app_fps,36.4649536849507,fps,ok,,process,36
0.1,ffbe55b9-da45-4cd6-9d6b-000e22678788,1787665216000,342176,presentmon,frame_time_avg_ms,27.423591666666667,ms,ok,,process,36
0.1,ffbe55b9-da45-4cd6-9d6b-000e22678788,1787665216000,342176,presentmon,frame_time_p95_ms,47.836,ms,ok,,process,36
0.1,ffbe55b9-da45-4cd6-9d6b-000e22678788,1787665216000,342176,presentmon,gpu_busy_median_ms,20.6107,ms,ok,,process,36
0.1,ffbe55b9-da45-4cd6-9d6b-000e22678788,1787665216000,342176,presentmon,gpu_busy_p95_ms,22.9525,ms,ok,,process,36
0.1,ffbe55b9-da45-4cd6-9d6b-000e22678788,1787665218752,344928,windows_pdh,process_gpu_pct,,percent,unavailable,OSError: PdhCollectQueryData=0x-7FFFF82B,process,
0.1,ffbe55b9-da45-4cd6-9d6b-000e22678788,1787665219758,345934,psutil,process_cpu_pct_raw,665.0,percent,ok,,process,
0.1,ffbe55b9-da45-4cd6-9d6b-000e22678788,1787665219758,345934,psutil,process_cpu_pct,33.25,percent,ok,,process,
0.1,ffbe55b9-da45-4cd6-9d6b-000e22678788,1787665219758,345934,psutil,process_memory_mb,7872.734375,MiB,ok,,process,
0.1,ffbe55b9-da45-4cd6-9d6b-000e22678788,1787665217000,343176,presentmon,app_fps,50.010777322513,fps,ok,,process,50
0.1,ffbe55b9-da45-4cd6-9d6b-000e22678788,1787665217000,343176,presentmon,frame_time_avg_ms,19.99569,ms,ok,,process,50
0.1,ffbe55b9-da45-4cd6-9d6b-000e22678788,1787665217000,343176,presentmon,frame_time_p95_ms,26.7222,ms,ok,,process,50
0.1,ffbe55b9-da45-4cd6-9d6b-000e22678788,1787665217000,343176,presentmon,gpu_busy_median_ms,18.15445,ms,ok,,process,50
0.1,ffbe55b9-da45-4cd6-9d6b-000e22678788,1787665217000,343176,presentmon,gpu_busy_p95_ms,19.4523,ms,ok,,process,50
0.1,ffbe55b9-da45-4cd6-9d6b-000e22678788,1787665219758,345934,windows_pdh,process_gpu_pct,,percent,unavailable,OSError: PdhCollectQueryData=0x-7FFFF82B,process,
0.1,ffbe55b9-da45-4cd6-9d6b-000e22678788,1787665219758,345934,nvidia-smi,device_gpu_util_pct,76.0,percent,ok,,device,
0.1,ffbe55b9-da45-4cd6-9d6b-000e22678788,1787665219758,345934,nvidia-smi,device_vram_used_mb,5060.0,MiB,ok,,device,
0.1,ffbe55b9-da45-4cd6-9d6b-000e22678788,1787665219758,345934,nvidia-smi,device_gpu_temperature_c,61.0,celsius,ok,,device,
0.1,ffbe55b9-da45-4cd6-9d6b-000e22678788,1787665219758,345934,nvidia-smi,device_gpu_power_w,90.44,watt,ok,,device,
0.1,ffbe55b9-da45-4cd6-9d6b-000e22678788,1787665219758,345934,nvidia-smi,device_gpu_clock_mhz,1965.0,MHz,ok,,device,
0.1,ffbe55b9-da45-4cd6-9d6b-000e22678788,1787665220764,346940,psutil,process_cpu_pct_raw,675.0,percent,ok,,process,
0.1,ffbe55b9-da45-4cd6-9d6b-000e22678788,1787665220764,346940,psutil,process_cpu_pct,33.75,percent,ok,,process,
0.1,ffbe55b9-da45-4cd6-9d6b-000e22678788,1787665220764,346940,psutil,process_memory_mb,7875.84765625,MiB,ok,,process,
0.1,ffbe55b9-da45-4cd6-9d6b-000e22678788,1787665218000,344176,presentmon,app_fps,30.632308152324388,fps,ok,,process,31
0.1,ffbe55b9-da45-4cd6-9d6b-000e22678788,1787665218000,344176,presentmon,frame_time_avg_ms,32.645270967741936,ms,ok,,process,31
0.1,ffbe55b9-da45-4cd6-9d6b-000e22678788,1787665218000,344176,presentmon,frame_time_p95_ms,50.6656,ms,ok,,process,31
0.1,ffbe55b9-da45-4cd6-9d6b-000e22678788,1787665218000,344176,presentmon,gpu_busy_median_ms,19.0429,ms,ok,,process,31
0.1,ffbe55b9-da45-4cd6-9d6b-000e22678788,1787665218000,344176,presentmon,gpu_busy_p95_ms,21.0566,ms,ok,,process,31
0.1,ffbe55b9-da45-4cd6-9d6b-000e22678788,1787665220764,346940,windows_pdh,process_gpu_pct,,percent,unavailable,OSError: PdhCollectQueryData=0x-7FFFF82B,process,
0.1,ffbe55b9-da45-4cd6-9d6b-000e22678788,1787665221754,347930,psutil,process_cpu_pct_raw,744.0,percent,ok,,process,
0.1,ffbe55b9-da45-4cd6-9d6b-000e22678788,1787665221754,347930,psutil,process_cpu_pct,37.2,percent,ok,,process,
0.1,ffbe55b9-da45-4cd6-9d6b-000e22678788,1787665221754,347930,psutil,process_memory_mb,7878.09765625,MiB,ok,,process,
0.1,ffbe55b9-da45-4cd6-9d6b-000e22678788,1787665219000,345176,presentmon,app_fps,42.02008980493574,fps,ok,,process,42
0.1,ffbe55b9-da45-4cd6-9d6b-000e22678788,1787665219000,345176,presentmon,frame_time_avg_ms,23.798140476190476,ms,ok,,process,42
0.1,ffbe55b9-da45-4cd6-9d6b-000e22678788,1787665219000,345176,presentmon,frame_time_p95_ms,34.8965,ms,ok,,process,42
0.1,ffbe55b9-da45-4cd6-9d6b-000e22678788,1787665219000,345176,presentmon,gpu_busy_median_ms,19.96065,ms,ok,,process,42
0.1,ffbe55b9-da45-4cd6-9d6b-000e22678788,1787665219000,345176,presentmon,gpu_busy_p95_ms,21.6511,ms,ok,,process,42
0.1,ffbe55b9-da45-4cd6-9d6b-000e22678788,1787665221754,347930,windows_pdh,process_gpu_pct,,percent,unavailable,OSError: PdhCollectQueryData=0x-7FFFF82B,process,
0.1,ffbe55b9-da45-4cd6-9d6b-000e22678788,1787665222759,348935,psutil,process_cpu_pct_raw,692.7,percent,ok,,process,
0.1,ffbe55b9-da45-4cd6-9d6b-000e22678788,1787665222759,348935,psutil,process_cpu_pct,34.635000000000005,percent,ok,,process,
0.1,ffbe55b9-da45-4cd6-9d6b-000e22678788,1787665222759,348935,psutil,process_memory_mb,7874.8984375,MiB,ok,,process,
0.1,ffbe55b9-da45-4cd6-9d6b-000e22678788,1787665220000,346176,presentmon,app_fps,48.72252087886901,fps,ok,,process,48
0.1,ffbe55b9-da45-4cd6-9d6b-000e22678788,1787665220000,346176,presentmon,frame_time_avg_ms,20.524389583333335,ms,ok,,process,48
0.1,ffbe55b9-da45-4cd6-9d6b-000e22678788,1787665220000,346176,presentmon,frame_time_p95_ms,27.942,ms,ok,,process,48
0.1,ffbe55b9-da45-4cd6-9d6b-000e22678788,1787665220000,346176,presentmon,gpu_busy_median_ms,19.44595,ms,ok,,process,48
0.1,ffbe55b9-da45-4cd6-9d6b-000e22678788,1787665220000,346176,presentmon,gpu_busy_p95_ms,20.3094,ms,ok,,process,48
0.1,ffbe55b9-da45-4cd6-9d6b-000e22678788,1787665222759,348935,windows_pdh,process_gpu_pct,,percent,unavailable,OSError: PdhCollectQueryData=0x-7FFFF82B,process,
0.1,ffbe55b9-da45-4cd6-9d6b-000e22678788,1787665223749,349925,psutil,process_cpu_pct_raw,594.9,percent,ok,,process,
0.1,ffbe55b9-da45-4cd6-9d6b-000e22678788,1787665223749,349925,psutil,process_cpu_pct,29.744999999999997,percent,ok,,process,
0.1,ffbe55b9-da45-4cd6-9d6b-000e22678788,1787665223749,349925,psutil,process_memory_mb,7877.8671875,MiB,ok,,process,
0.1,ffbe55b9-da45-4cd6-9d6b-000e22678788,1787665221000,347176,presentmon,app_fps,38.46398134161578,fps,ok,,process,39
0.1,ffbe55b9-da45-4cd6-9d6b-000e22678788,1787665221000,347176,presentmon,frame_time_avg_ms,25.99834871794872,ms,ok,,process,39
0.1,ffbe55b9-da45-4cd6-9d6b-000e22678788,1787665221000,347176,presentmon,frame_time_p95_ms,38.1159,ms,ok,,process,39
0.1,ffbe55b9-da45-4cd6-9d6b-000e22678788,1787665221000,347176,presentmon,gpu_busy_median_ms,19.3387,ms,ok,,process,39
0.1,ffbe55b9-da45-4cd6-9d6b-000e22678788,1787665221000,347176,presentmon,gpu_busy_p95_ms,21.0001,ms,ok,,process,39
0.1,ffbe55b9-da45-4cd6-9d6b-000e22678788,1787665223749,349925,windows_pdh,process_gpu_pct,,percent,unavailable,OSError: PdhCollectQueryData=0x-7FFFF82B,process,
0.1,ffbe55b9-da45-4cd6-9d6b-000e22678788,1787665224755,350931,psutil,process_cpu_pct_raw,575.0,percent,ok,,process,
0.1,ffbe55b9-da45-4cd6-9d6b-000e22678788,1787665224755,350931,psutil,process_cpu_pct,28.75,percent,ok,,process,
0.1,ffbe55b9-da45-4cd6-9d6b-000e22678788,1787665224755,350931,psutil,process_memory_mb,7876.87890625,MiB,ok,,process,
0.1,ffbe55b9-da45-4cd6-9d6b-000e22678788,1787665222000,348176,presentmon,app_fps,42.584938194045776,fps,ok,,process,42
0.1,ffbe55b9-da45-4cd6-9d6b-000e22678788,1787665222000,348176,presentmon,frame_time_avg_ms,23.48248095238095,ms,ok,,process,42
0.1,ffbe55b9-da45-4cd6-9d6b-000e22678788,1787665222000,348176,presentmon,frame_time_p95_ms,38.4272,ms,ok,,process,42
0.1,ffbe55b9-da45-4cd6-9d6b-000e22678788,1787665222000,348176,presentmon,gpu_busy_median_ms,18.0671,ms,ok,,process,42
0.1,ffbe55b9-da45-4cd6-9d6b-000e22678788,1787665222000,348176,presentmon,gpu_busy_p95_ms,19.6213,ms,ok,,process,42
0.1,ffbe55b9-da45-4cd6-9d6b-000e22678788,1787665224755,350931,windows_pdh,process_gpu_pct,,percent,unavailable,OSError: PdhCollectQueryData=0x-7FFFF82B,process,
0.1,ffbe55b9-da45-4cd6-9d6b-000e22678788,1787665225760,351936,psutil,process_cpu_pct_raw,560.3,percent,ok,,process,
0.1,ffbe55b9-da45-4cd6-9d6b-000e22678788,1787665225760,351936,psutil,process_cpu_pct,28.014999999999997,percent,ok,,process,
0.1,ffbe55b9-da45-4cd6-9d6b-000e22678788,1787665225760,351936,psutil,process_memory_mb,7873.26953125,MiB,ok,,process,
0.1,ffbe55b9-da45-4cd6-9d6b-000e22678788,1787665223000,349176,presentmon,app_fps,50.90908450095439,fps,ok,,process,52
0.1,ffbe55b9-da45-4cd6-9d6b-000e22678788,1787665223000,349176,presentmon,frame_time_avg_ms,19.642859615384616,ms,ok,,process,52
0.1,ffbe55b9-da45-4cd6-9d6b-000e22678788,1787665223000,349176,presentmon,frame_time_p95_ms,26.183,ms,ok,,process,52
0.1,ffbe55b9-da45-4cd6-9d6b-000e22678788,1787665223000,349176,presentmon,gpu_busy_median_ms,17.57075,ms,ok,,process,52
0.1,ffbe55b9-da45-4cd6-9d6b-000e22678788,1787665223000,349176,presentmon,gpu_busy_p95_ms,18.1547,ms,ok,,process,52
0.1,ffbe55b9-da45-4cd6-9d6b-000e22678788,1787665225760,351936,windows_pdh,process_gpu_pct,,percent,unavailable,OSError: PdhCollectQueryData=0x-7FFFF82B,process,
0.1,ffbe55b9-da45-4cd6-9d6b-000e22678788,1787665225760,351936,nvidia-smi,device_gpu_util_pct,80.0,percent,ok,,device,
0.1,ffbe55b9-da45-4cd6-9d6b-000e22678788,1787665225760,351936,nvidia-smi,device_vram_used_mb,5033.0,MiB,ok,,device,
0.1,ffbe55b9-da45-4cd6-9d6b-000e22678788,1787665225760,351936,nvidia-smi,device_gpu_temperature_c,63.0,celsius,ok,,device,
0.1,ffbe55b9-da45-4cd6-9d6b-000e22678788,1787665225760,351936,nvidia-smi,device_gpu_power_w,112.42,watt,ok,,device,
0.1,ffbe55b9-da45-4cd6-9d6b-000e22678788,1787665225760,351936,nvidia-smi,device_gpu_clock_mhz,1965.0,MHz,ok,,device,
0.1,ffbe55b9-da45-4cd6-9d6b-000e22678788,1787665226750,352926,psutil,process_cpu_pct_raw,485.4,percent,ok,,process,
0.1,ffbe55b9-da45-4cd6-9d6b-000e22678788,1787665226750,352926,psutil,process_cpu_pct,24.27,percent,ok,,process,
0.1,ffbe55b9-da45-4cd6-9d6b-000e22678788,1787665226750,352926,psutil,process_memory_mb,7875.0625,MiB,ok,,process,
0.1,ffbe55b9-da45-4cd6-9d6b-000e22678788,1787665224000,350176,presentmon,app_fps,38.778473987450674,fps,ok,,process,38
0.1,ffbe55b9-da45-4cd6-9d6b-000e22678788,1787665224000,350176,presentmon,frame_time_avg_ms,25.78750263157895,ms,ok,,process,38
0.1,ffbe55b9-da45-4cd6-9d6b-000e22678788,1787665224000,350176,presentmon,frame_time_p95_ms,37.6708,ms,ok,,process,38
0.1,ffbe55b9-da45-4cd6-9d6b-000e22678788,1787665224000,350176,presentmon,gpu_busy_median_ms,17.74785,ms,ok,,process,38
0.1,ffbe55b9-da45-4cd6-9d6b-000e22678788,1787665224000,350176,presentmon,gpu_busy_p95_ms,18.5749,ms,ok,,process,38
0.1,ffbe55b9-da45-4cd6-9d6b-000e22678788,1787665226750,352926,windows_pdh,process_gpu_pct,,percent,unavailable,OSError: PdhCollectQueryData=0x-7FFFF82B,process,
0.1,ffbe55b9-da45-4cd6-9d6b-000e22678788,1787665227755,353931,psutil,process_cpu_pct_raw,614.1,percent,ok,,process,
0.1,ffbe55b9-da45-4cd6-9d6b-000e22678788,1787665227755,353931,psutil,process_cpu_pct,30.705000000000002,percent,ok,,process,
0.1,ffbe55b9-da45-4cd6-9d6b-000e22678788,1787665227755,353931,psutil,process_memory_mb,7875.7421875,MiB,ok,,process,
0.1,ffbe55b9-da45-4cd6-9d6b-000e22678788,1787665225000,351176,presentmon,app_fps,45.36317362340519,fps,ok,,process,46
0.1,ffbe55b9-da45-4cd6-9d6b-000e22678788,1787665225000,351176,presentmon,frame_time_avg_ms,22.04431304347826,ms,ok,,process,46
0.1,ffbe55b9-da45-4cd6-9d6b-000e22678788,1787665225000,351176,presentmon,frame_time_p95_ms,38.4236,ms,ok,,process,46
0.1,ffbe55b9-da45-4cd6-9d6b-000e22678788,1787665225000,351176,presentmon,gpu_busy_median_ms,17.777900000000002,ms,ok,,process,46
0.1,ffbe55b9-da45-4cd6-9d6b-000e22678788,1787665225000,351176,presentmon,gpu_busy_p95_ms,18.7199,ms,ok,,process,46
0.1,ffbe55b9-da45-4cd6-9d6b-000e22678788,1787665227755,353931,windows_pdh,process_gpu_pct,,percent,unavailable,OSError: PdhCollectQueryData=0x-7FFFF82B,process,
0.1,ffbe55b9-da45-4cd6-9d6b-000e22678788,1787665228761,354937,psutil,process_cpu_pct_raw,543.4,percent,ok,,process,
0.1,ffbe55b9-da45-4cd6-9d6b-000e22678788,1787665228761,354937,psutil,process_cpu_pct,27.169999999999998,percent,ok,,process,
0.1,ffbe55b9-da45-4cd6-9d6b-000e22678788,1787665228761,354937,psutil,process_memory_mb,7874.8671875,MiB,ok,,process,
0.1,ffbe55b9-da45-4cd6-9d6b-000e22678788,1787665226000,352176,presentmon,app_fps,43.626715214745914,fps,ok,,process,43
0.1,ffbe55b9-da45-4cd6-9d6b-000e22678788,1787665226000,352176,presentmon,frame_time_avg_ms,22.92173488372093,ms,ok,,process,43
0.1,ffbe55b9-da45-4cd6-9d6b-000e22678788,1787665226000,352176,presentmon,frame_time_p95_ms,35.4329,ms,ok,,process,43
0.1,ffbe55b9-da45-4cd6-9d6b-000e22678788,1787665226000,352176,presentmon,gpu_busy_median_ms,18.0449,ms,ok,,process,43
0.1,ffbe55b9-da45-4cd6-9d6b-000e22678788,1787665226000,352176,presentmon,gpu_busy_p95_ms,19.2015,ms,ok,,process,43
0.1,ffbe55b9-da45-4cd6-9d6b-000e22678788,1787665228761,354937,windows_pdh,process_gpu_pct,,percent,unavailable,OSError: PdhCollectQueryData=0x-7FFFF82B,process,
0.1,ffbe55b9-da45-4cd6-9d6b-000e22678788,1787665229751,355927,psutil,process_cpu_pct_raw,534.6,percent,ok,,process,
0.1,ffbe55b9-da45-4cd6-9d6b-000e22678788,1787665229751,355927,psutil,process_cpu_pct,26.73,percent,ok,,process,
0.1,ffbe55b9-da45-4cd6-9d6b-000e22678788,1787665229751,355927,psutil,process_memory_mb,7881.49609375,MiB,ok,,process,
0.1,ffbe55b9-da45-4cd6-9d6b-000e22678788,1787665227000,353176,presentmon,app_fps,37.026719357637084,fps,ok,,process,38
0.1,ffbe55b9-da45-4cd6-9d6b-000e22678788,1787665227000,353176,presentmon,frame_time_avg_ms,27.00752368421053,ms,ok,,process,38
0.1,ffbe55b9-da45-4cd6-9d6b-000e22678788,1787665227000,353176,presentmon,frame_time_p95_ms,40.3464,ms,ok,,process,38
0.1,ffbe55b9-da45-4cd6-9d6b-000e22678788,1787665227000,353176,presentmon,gpu_busy_median_ms,19.094549999999998,ms,ok,,process,38
0.1,ffbe55b9-da45-4cd6-9d6b-000e22678788,1787665227000,353176,presentmon,gpu_busy_p95_ms,19.936,ms,ok,,process,38
0.1,ffbe55b9-da45-4cd6-9d6b-000e22678788,1787665229751,355927,windows_pdh,process_gpu_pct,,percent,unavailable,OSError: PdhCollectQueryData=0x-7FFFF82B,process,
0.1,ffbe55b9-da45-4cd6-9d6b-000e22678788,1787665230756,356932,psutil,process_cpu_pct_raw,494.2,percent,ok,,process,
0.1,ffbe55b9-da45-4cd6-9d6b-000e22678788,1787665230756,356932,psutil,process_cpu_pct,24.71,percent,ok,,process,
0.1,ffbe55b9-da45-4cd6-9d6b-000e22678788,1787665230756,356932,psutil,process_memory_mb,7892.5078125,MiB,ok,,process,
0.1,ffbe55b9-da45-4cd6-9d6b-000e22678788,1787665228000,354176,presentmon,app_fps,40.03285979250455,fps,ok,,process,39
0.1,ffbe55b9-da45-4cd6-9d6b-000e22678788,1787665228000,354176,presentmon,frame_time_avg_ms,24.979479487179486,ms,ok,,process,39
0.1,ffbe55b9-da45-4cd6-9d6b-000e22678788,1787665228000,354176,presentmon,frame_time_p95_ms,41.5599,ms,ok,,process,39
0.1,ffbe55b9-da45-4cd6-9d6b-000e22678788,1787665228000,354176,presentmon,gpu_busy_median_ms,18.3362,ms,ok,,process,39
0.1,ffbe55b9-da45-4cd6-9d6b-000e22678788,1787665228000,354176,presentmon,gpu_busy_p95_ms,20.2192,ms,ok,,process,39
0.1,ffbe55b9-da45-4cd6-9d6b-000e22678788,1787665230756,356932,windows_pdh,process_gpu_pct,,percent,unavailable,OSError: PdhCollectQueryData=0x-7FFFF82B,process,
0.1,ffbe55b9-da45-4cd6-9d6b-000e22678788,1787665231746,357922,psutil,process_cpu_pct_raw,468.0,percent,ok,,process,
0.1,ffbe55b9-da45-4cd6-9d6b-000e22678788,1787665231746,357922,psutil,process_cpu_pct,23.4,percent,ok,,process,
0.1,ffbe55b9-da45-4cd6-9d6b-000e22678788,1787665231746,357922,psutil,process_memory_mb,7893.40625,MiB,ok,,process,
0.1,ffbe55b9-da45-4cd6-9d6b-000e22678788,1787665229000,355176,presentmon,app_fps,38.10843373735627,fps,ok,,process,38
0.1,ffbe55b9-da45-4cd6-9d6b-000e22678788,1787665229000,355176,presentmon,frame_time_avg_ms,26.240910526315787,ms,ok,,process,38
0.1,ffbe55b9-da45-4cd6-9d6b-000e22678788,1787665229000,355176,presentmon,frame_time_p95_ms,37.3598,ms,ok,,process,38
0.1,ffbe55b9-da45-4cd6-9d6b-000e22678788,1787665229000,355176,presentmon,gpu_busy_median_ms,21.26615,ms,ok,,process,38
0.1,ffbe55b9-da45-4cd6-9d6b-000e22678788,1787665229000,355176,presentmon,gpu_busy_p95_ms,23.808,ms,ok,,process,38
0.1,ffbe55b9-da45-4cd6-9d6b-000e22678788,1787665231746,357922,windows_pdh,process_gpu_pct,,percent,unavailable,OSError: PdhCollectQueryData=0x-7FFFF82B,process,
0.1,ffbe55b9-da45-4cd6-9d6b-000e22678788,1787665231746,357922,nvidia-smi,device_gpu_util_pct,72.0,percent,ok,,device,
0.1,ffbe55b9-da45-4cd6-9d6b-000e22678788,1787665231746,357922,nvidia-smi,device_vram_used_mb,5093.0,MiB,ok,,device,
0.1,ffbe55b9-da45-4cd6-9d6b-000e22678788,1787665231746,357922,nvidia-smi,device_gpu_temperature_c,63.0,celsius,ok,,device,
0.1,ffbe55b9-da45-4cd6-9d6b-000e22678788,1787665231746,357922,nvidia-smi,device_gpu_power_w,121.11,watt,ok,,device,
0.1,ffbe55b9-da45-4cd6-9d6b-000e22678788,1787665231746,357922,nvidia-smi,device_gpu_clock_mhz,1965.0,MHz,ok,,device,
0.1,ffbe55b9-da45-4cd6-9d6b-000e22678788,1787665232752,358928,psutil,process_cpu_pct_raw,703.1,percent,ok,,process,
0.1,ffbe55b9-da45-4cd6-9d6b-000e22678788,1787665232752,358928,psutil,process_cpu_pct,35.155,percent,ok,,process,
0.1,ffbe55b9-da45-4cd6-9d6b-000e22678788,1787665232752,358928,psutil,process_memory_mb,7895.69921875,MiB,ok,,process,
0.1,ffbe55b9-da45-4cd6-9d6b-000e22678788,1787665230000,356176,presentmon,app_fps,33.955679494863666,fps,ok,,process,35
0.1,ffbe55b9-da45-4cd6-9d6b-000e22678788,1787665230000,356176,presentmon,frame_time_avg_ms,29.450154285714287,ms,ok,,process,35
0.1,ffbe55b9-da45-4cd6-9d6b-000e22678788,1787665230000,356176,presentmon,frame_time_p95_ms,39.9765,ms,ok,,process,35
0.1,ffbe55b9-da45-4cd6-9d6b-000e22678788,1787665230000,356176,presentmon,gpu_busy_median_ms,20.6666,ms,ok,,process,35
0.1,ffbe55b9-da45-4cd6-9d6b-000e22678788,1787665230000,356176,presentmon,gpu_busy_p95_ms,23.3507,ms,ok,,process,35
0.1,ffbe55b9-da45-4cd6-9d6b-000e22678788,1787665232752,358928,windows_pdh,process_gpu_pct,,percent,unavailable,OSError: PdhCollectQueryData=0x-7FFFF82B,process,
0.1,ffbe55b9-da45-4cd6-9d6b-000e22678788,1787665233757,359933,psutil,process_cpu_pct_raw,551.1,percent,ok,,process,
0.1,ffbe55b9-da45-4cd6-9d6b-000e22678788,1787665233757,359933,psutil,process_cpu_pct,27.555,percent,ok,,process,
0.1,ffbe55b9-da45-4cd6-9d6b-000e22678788,1787665233757,359933,psutil,process_memory_mb,7896.83203125,MiB,ok,,process,
0.1,ffbe55b9-da45-4cd6-9d6b-000e22678788,1787665231000,357176,presentmon,app_fps,43.11072630796147,fps,ok,,process,42
0.1,ffbe55b9-da45-4cd6-9d6b-000e22678788,1787665231000,357176,presentmon,frame_time_avg_ms,23.196083333333334,ms,ok,,process,42
0.1,ffbe55b9-da45-4cd6-9d6b-000e22678788,1787665231000,357176,presentmon,frame_time_p95_ms,30.3147,ms,ok,,process,42
0.1,ffbe55b9-da45-4cd6-9d6b-000e22678788,1787665231000,357176,presentmon,gpu_busy_median_ms,19.92135,ms,ok,,process,42
0.1,ffbe55b9-da45-4cd6-9d6b-000e22678788,1787665231000,357176,presentmon,gpu_busy_p95_ms,21.735,ms,ok,,process,42
0.1,ffbe55b9-da45-4cd6-9d6b-000e22678788,1787665233757,359933,windows_pdh,process_gpu_pct,,percent,unavailable,OSError: PdhCollectQueryData=0x-7FFFF82B,process,
0.1,ffbe55b9-da45-4cd6-9d6b-000e22678788,1787665234763,360939,psutil,process_cpu_pct_raw,668.8,percent,ok,,process,
0.1,ffbe55b9-da45-4cd6-9d6b-000e22678788,1787665234763,360939,psutil,process_cpu_pct,33.44,percent,ok,,process,
0.1,ffbe55b9-da45-4cd6-9d6b-000e22678788,1787665234763,360939,psutil,process_memory_mb,7898.296875,MiB,ok,,process,
0.1,ffbe55b9-da45-4cd6-9d6b-000e22678788,1787665232000,358176,presentmon,app_fps,40.67274304220809,fps,ok,,process,41
0.1,ffbe55b9-da45-4cd6-9d6b-000e22678788,1787665232000,358176,presentmon,frame_time_avg_ms,24.58649024390244,ms,ok,,process,41
0.1,ffbe55b9-da45-4cd6-9d6b-000e22678788,1787665232000,358176,presentmon,frame_time_p95_ms,33.6754,ms,ok,,process,41
0.1,ffbe55b9-da45-4cd6-9d6b-000e22678788,1787665232000,358176,presentmon,gpu_busy_median_ms,19.0986,ms,ok,,process,41
0.1,ffbe55b9-da45-4cd6-9d6b-000e22678788,1787665232000,358176,presentmon,gpu_busy_p95_ms,20.2894,ms,ok,,process,41
0.1,ffbe55b9-da45-4cd6-9d6b-000e22678788,1787665234763,360939,windows_pdh,process_gpu_pct,,percent,unavailable,OSError: PdhCollectQueryData=0x-7FFFF82B,process,
0.1,ffbe55b9-da45-4cd6-9d6b-000e22678788,1787665235768,361944,psutil,process_cpu_pct_raw,648.4,percent,ok,,process,
0.1,ffbe55b9-da45-4cd6-9d6b-000e22678788,1787665235768,361944,psutil,process_cpu_pct,32.42,percent,ok,,process,
0.1,ffbe55b9-da45-4cd6-9d6b-000e22678788,1787665235768,361944,psutil,process_memory_mb,7897.94921875,MiB,ok,,process,
0.1,ffbe55b9-da45-4cd6-9d6b-000e22678788,1787665233000,359176,presentmon,app_fps,37.60412531483291,fps,ok,,process,37
0.1,ffbe55b9-da45-4cd6-9d6b-000e22678788,1787665233000,359176,presentmon,frame_time_avg_ms,26.592827027027027,ms,ok,,process,37
0.1,ffbe55b9-da45-4cd6-9d6b-000e22678788,1787665233000,359176,presentmon,frame_time_p95_ms,40.3772,ms,ok,,process,37
0.1,ffbe55b9-da45-4cd6-9d6b-000e22678788,1787665233000,359176,presentmon,gpu_busy_median_ms,18.8566,ms,ok,,process,37
0.1,ffbe55b9-da45-4cd6-9d6b-000e22678788,1787665233000,359176,presentmon,gpu_busy_p95_ms,19.8655,ms,ok,,process,37
0.1,ffbe55b9-da45-4cd6-9d6b-000e22678788,1787665235768,361944,windows_pdh,process_gpu_pct,,percent,unavailable,OSError: PdhCollectQueryData=0x-7FFFF82B,process,
0.1,ffbe55b9-da45-4cd6-9d6b-000e22678788,1787665236759,362935,psutil,process_cpu_pct_raw,643.8,percent,ok,,process,
0.1,ffbe55b9-da45-4cd6-9d6b-000e22678788,1787665236759,362935,psutil,process_cpu_pct,32.19,percent,ok,,process,
0.1,ffbe55b9-da45-4cd6-9d6b-000e22678788,1787665236759,362935,psutil,process_memory_mb,7897.21875,MiB,ok,,process,
0.1,ffbe55b9-da45-4cd6-9d6b-000e22678788,1787665234000,360176,presentmon,app_fps,48.34322346891832,fps,ok,,process,49
0.1,ffbe55b9-da45-4cd6-9d6b-000e22678788,1787665234000,360176,presentmon,frame_time_avg_ms,20.68542244897959,ms,ok,,process,49
0.1,ffbe55b9-da45-4cd6-9d6b-000e22678788,1787665234000,360176,presentmon,frame_time_p95_ms,30.3395,ms,ok,,process,49
0.1,ffbe55b9-da45-4cd6-9d6b-000e22678788,1787665234000,360176,presentmon,gpu_busy_median_ms,18.5581,ms,ok,,process,49
0.1,ffbe55b9-da45-4cd6-9d6b-000e22678788,1787665234000,360176,presentmon,gpu_busy_p95_ms,20.1785,ms,ok,,process,49
0.1,ffbe55b9-da45-4cd6-9d6b-000e22678788,1787665236759,362935,windows_pdh,process_gpu_pct,,percent,unavailable,OSError: PdhCollectQueryData=0x-7FFFF82B,process,
0.1,ffbe55b9-da45-4cd6-9d6b-000e22678788,1787665236759,362935,nvidia-smi,device_gpu_util_pct,91.0,percent,ok,,device,
0.1,ffbe55b9-da45-4cd6-9d6b-000e22678788,1787665236759,362935,nvidia-smi,device_vram_used_mb,5053.0,MiB,ok,,device,
0.1,ffbe55b9-da45-4cd6-9d6b-000e22678788,1787665236759,362935,nvidia-smi,device_gpu_temperature_c,63.0,celsius,ok,,device,
0.1,ffbe55b9-da45-4cd6-9d6b-000e22678788,1787665236759,362935,nvidia-smi,device_gpu_power_w,106.34,watt,ok,,device,
0.1,ffbe55b9-da45-4cd6-9d6b-000e22678788,1787665236759,362935,nvidia-smi,device_gpu_clock_mhz,1965.0,MHz,ok,,device,
0.1,ffbe55b9-da45-4cd6-9d6b-000e22678788,1787665237764,363940,psutil,process_cpu_pct_raw,537.5,percent,ok,,process,
0.1,ffbe55b9-da45-4cd6-9d6b-000e22678788,1787665237764,363940,psutil,process_cpu_pct,26.875,percent,ok,,process,
0.1,ffbe55b9-da45-4cd6-9d6b-000e22678788,1787665237764,363940,psutil,process_memory_mb,7897.28125,MiB,ok,,process,
0.1,ffbe55b9-da45-4cd6-9d6b-000e22678788,1787665235000,361176,presentmon,app_fps,41.723034154674444,fps,ok,,process,42
0.1,ffbe55b9-da45-4cd6-9d6b-000e22678788,1787665235000,361176,presentmon,frame_time_avg_ms,23.96757619047619,ms,ok,,process,42
0.1,ffbe55b9-da45-4cd6-9d6b-000e22678788,1787665235000,361176,presentmon,frame_time_p95_ms,36.5374,ms,ok,,process,42
0.1,ffbe55b9-da45-4cd6-9d6b-000e22678788,1787665235000,361176,presentmon,gpu_busy_median_ms,18.997500000000002,ms,ok,,process,42
0.1,ffbe55b9-da45-4cd6-9d6b-000e22678788,1787665235000,361176,presentmon,gpu_busy_p95_ms,20.7535,ms,ok,,process,42
0.1,ffbe55b9-da45-4cd6-9d6b-000e22678788,1787665237764,363940,windows_pdh,process_gpu_pct,,percent,unavailable,OSError: PdhCollectQueryData=0x-7FFFF82B,process,
0.1,ffbe55b9-da45-4cd6-9d6b-000e22678788,1787665238770,364946,psutil,process_cpu_pct_raw,604.7,percent,ok,,process,
0.1,ffbe55b9-da45-4cd6-9d6b-000e22678788,1787665238770,364946,psutil,process_cpu_pct,30.235000000000003,percent,ok,,process,
0.1,ffbe55b9-da45-4cd6-9d6b-000e22678788,1787665238770,364946,psutil,process_memory_mb,7883.69921875,MiB,ok,,process,
0.1,ffbe55b9-da45-4cd6-9d6b-000e22678788,1787665236000,362176,presentmon,app_fps,34.245452815392056,fps,ok,,process,35
0.1,ffbe55b9-da45-4cd6-9d6b-000e22678788,1787665236000,362176,presentmon,frame_time_avg_ms,29.200957142857142,ms,ok,,process,35
0.1,ffbe55b9-da45-4cd6-9d6b-000e22678788,1787665236000,362176,presentmon,frame_time_p95_ms,41.2729,ms,ok,,process,35
0.1,ffbe55b9-da45-4cd6-9d6b-000e22678788,1787665236000,362176,presentmon,gpu_busy_median_ms,19.1887,ms,ok,,process,35
0.1,ffbe55b9-da45-4cd6-9d6b-000e22678788,1787665236000,362176,presentmon,gpu_busy_p95_ms,20.2813,ms,ok,,process,35
0.1,ffbe55b9-da45-4cd6-9d6b-000e22678788,1787665238770,364946,windows_pdh,process_gpu_pct,,percent,unavailable,OSError: PdhCollectQueryData=0x-7FFFF82B,process,
0.1,ffbe55b9-da45-4cd6-9d6b-000e22678788,1787665239760,365936,psutil,process_cpu_pct_raw,639.1,percent,ok,,process,
0.1,ffbe55b9-da45-4cd6-9d6b-000e22678788,1787665239760,365936,psutil,process_cpu_pct,31.955000000000002,percent,ok,,process,
0.1,ffbe55b9-da45-4cd6-9d6b-000e22678788,1787665239760,365936,psutil,process_memory_mb,7874.0078125,MiB,ok,,process,
0.1,ffbe55b9-da45-4cd6-9d6b-000e22678788,1787665237000,363176,presentmon,app_fps,43.5755932272323,fps,ok,,process,42
0.1,ffbe55b9-da45-4cd6-9d6b-000e22678788,1787665237000,363176,presentmon,frame_time_avg_ms,22.94862619047619,ms,ok,,process,42
0.1,ffbe55b9-da45-4cd6-9d6b-000e22678788,1787665237000,363176,presentmon,frame_time_p95_ms,35.0959,ms,ok,,process,42
0.1,ffbe55b9-da45-4cd6-9d6b-000e22678788,1787665237000,363176,presentmon,gpu_busy_median_ms,18.0895,ms,ok,,process,42
0.1,ffbe55b9-da45-4cd6-9d6b-000e22678788,1787665237000,363176,presentmon,gpu_busy_p95_ms,19.2687,ms,ok,,process,42
0.1,ffbe55b9-da45-4cd6-9d6b-000e22678788,1787665239760,365936,windows_pdh,process_gpu_pct,,percent,unavailable,OSError: PdhCollectQueryData=0x-7FFFF82B,process,
0.1,ffbe55b9-da45-4cd6-9d6b-000e22678788,1787665240750,366926,psutil,process_cpu_pct_raw,563.1,percent,ok,,process,
0.1,ffbe55b9-da45-4cd6-9d6b-000e22678788,1787665240750,366926,psutil,process_cpu_pct,28.155,percent,ok,,process,
0.1,ffbe55b9-da45-4cd6-9d6b-000e22678788,1787665240750,366926,psutil,process_memory_mb,7875.6484375,MiB,ok,,process,
0.1,ffbe55b9-da45-4cd6-9d6b-000e22678788,1787665238000,364176,presentmon,app_fps,42.685319555703394,fps,ok,,process,43
0.1,ffbe55b9-da45-4cd6-9d6b-000e22678788,1787665238000,364176,presentmon,frame_time_avg_ms,23.427258139534885,ms,ok,,process,43
0.1,ffbe55b9-da45-4cd6-9d6b-000e22678788,1787665238000,364176,presentmon,frame_time_p95_ms,38.3991,ms,ok,,process,43
0.1,ffbe55b9-da45-4cd6-9d6b-000e22678788,1787665238000,364176,presentmon,gpu_busy_median_ms,18.2158,ms,ok,,process,43
0.1,ffbe55b9-da45-4cd6-9d6b-000e22678788,1787665238000,364176,presentmon,gpu_busy_p95_ms,19.8283,ms,ok,,process,43
0.1,ffbe55b9-da45-4cd6-9d6b-000e22678788,1787665240750,366926,windows_pdh,process_gpu_pct,,percent,unavailable,OSError: PdhCollectQueryData=0x-7FFFF82B,process,
0.1,ffbe55b9-da45-4cd6-9d6b-000e22678788,1787665241771,367947,psutil,process_cpu_pct_raw,660.4,percent,ok,,process,
0.1,ffbe55b9-da45-4cd6-9d6b-000e22678788,1787665241771,367947,psutil,process_cpu_pct,33.019999999999996,percent,ok,,process,
0.1,ffbe55b9-da45-4cd6-9d6b-000e22678788,1787665241771,367947,psutil,process_memory_mb,7878.58984375,MiB,ok,,process,
0.1,ffbe55b9-da45-4cd6-9d6b-000e22678788,1787665239000,365176,presentmon,app_fps,35.36414102370701,fps,ok,,process,35
0.1,ffbe55b9-da45-4cd6-9d6b-000e22678788,1787665239000,365176,presentmon,frame_time_avg_ms,28.277231428571426,ms,ok,,process,35
0.1,ffbe55b9-da45-4cd6-9d6b-000e22678788,1787665239000,365176,presentmon,frame_time_p95_ms,54.867,ms,ok,,process,35
0.1,ffbe55b9-da45-4cd6-9d6b-000e22678788,1787665239000,365176,presentmon,gpu_busy_median_ms,18.6829,ms,ok,,process,35
0.1,ffbe55b9-da45-4cd6-9d6b-000e22678788,1787665239000,365176,presentmon,gpu_busy_p95_ms,20.451,ms,ok,,process,35
0.1,ffbe55b9-da45-4cd6-9d6b-000e22678788,1787665241771,367947,windows_pdh,process_gpu_pct,,percent,unavailable,OSError: PdhCollectQueryData=0x-7FFFF82B,process,
0.1,ffbe55b9-da45-4cd6-9d6b-000e22678788,1787665241771,367947,nvidia-smi,device_gpu_util_pct,75.0,percent,ok,,device,
0.1,ffbe55b9-da45-4cd6-9d6b-000e22678788,1787665241771,367947,nvidia-smi,device_vram_used_mb,5004.0,MiB,ok,,device,
0.1,ffbe55b9-da45-4cd6-9d6b-000e22678788,1787665241771,367947,nvidia-smi,device_gpu_temperature_c,64.0,celsius,ok,,device,
0.1,ffbe55b9-da45-4cd6-9d6b-000e22678788,1787665241771,367947,nvidia-smi,device_gpu_power_w,146.94,watt,ok,,device,
0.1,ffbe55b9-da45-4cd6-9d6b-000e22678788,1787665241771,367947,nvidia-smi,device_gpu_clock_mhz,1965.0,MHz,ok,,device,
0.1,ffbe55b9-da45-4cd6-9d6b-000e22678788,1787665242761,368937,psutil,process_cpu_pct_raw,659.4,percent,ok,,process,
0.1,ffbe55b9-da45-4cd6-9d6b-000e22678788,1787665242761,368937,psutil,process_cpu_pct,32.97,percent,ok,,process,
0.1,ffbe55b9-da45-4cd6-9d6b-000e22678788,1787665242761,368937,psutil,process_memory_mb,7880.9375,MiB,ok,,process,
0.1,ffbe55b9-da45-4cd6-9d6b-000e22678788,1787665240000,366176,presentmon,app_fps,50.99776119828339,fps,ok,,process,51
0.1,ffbe55b9-da45-4cd6-9d6b-000e22678788,1787665240000,366176,presentmon,frame_time_avg_ms,19.608703921568626,ms,ok,,process,51
0.1,ffbe55b9-da45-4cd6-9d6b-000e22678788,1787665240000,366176,presentmon,frame_time_p95_ms,28.4776,ms,ok,,process,51
0.1,ffbe55b9-da45-4cd6-9d6b-000e22678788,1787665240000,366176,presentmon,gpu_busy_median_ms,18.1969,ms,ok,,process,51
0.1,ffbe55b9-da45-4cd6-9d6b-000e22678788,1787665240000,366176,presentmon,gpu_busy_p95_ms,19.3141,ms,ok,,process,51
0.1,ffbe55b9-da45-4cd6-9d6b-000e22678788,1787665242761,368937,windows_pdh,process_gpu_pct,,percent,unavailable,OSError: PdhCollectQueryData=0x-7FFFF82B,process,
0.1,ffbe55b9-da45-4cd6-9d6b-000e22678788,1787665243751,369927,psutil,process_cpu_pct_raw,625.0,percent,ok,,process,
0.1,ffbe55b9-da45-4cd6-9d6b-000e22678788,1787665243751,369927,psutil,process_cpu_pct,31.25,percent,ok,,process,
0.1,ffbe55b9-da45-4cd6-9d6b-000e22678788,1787665243751,369927,psutil,process_memory_mb,7884.3125,MiB,ok,,process,
0.1,ffbe55b9-da45-4cd6-9d6b-000e22678788,1787665241000,367176,presentmon,app_fps,43.080038697623856,fps,ok,,process,44
0.1,ffbe55b9-da45-4cd6-9d6b-000e22678788,1787665241000,367176,presentmon,frame_time_avg_ms,23.21260681818182,ms,ok,,process,44
0.1,ffbe55b9-da45-4cd6-9d6b-000e22678788,1787665241000,367176,presentmon,frame_time_p95_ms,37.7429,ms,ok,,process,44
0.1,ffbe55b9-da45-4cd6-9d6b-000e22678788,1787665241000,367176,presentmon,gpu_busy_median_ms,17.634700000000002,ms,ok,,process,44
0.1,ffbe55b9-da45-4cd6-9d6b-000e22678788,1787665241000,367176,presentmon,gpu_busy_p95_ms,18.9208,ms,ok,,process,44
0.1,ffbe55b9-da45-4cd6-9d6b-000e22678788,1787665243751,369927,windows_pdh,process_gpu_pct,,percent,unavailable,OSError: PdhCollectQueryData=0x-7FFFF82B,process,
0.1,ffbe55b9-da45-4cd6-9d6b-000e22678788,1787665244772,370948,psutil,process_cpu_pct_raw,659.3,percent,ok,,process,
0.1,ffbe55b9-da45-4cd6-9d6b-000e22678788,1787665244772,370948,psutil,process_cpu_pct,32.964999999999996,percent,ok,,process,
0.1,ffbe55b9-da45-4cd6-9d6b-000e22678788,1787665244772,370948,psutil,process_memory_mb,7878.0703125,MiB,ok,,process,
0.1,ffbe55b9-da45-4cd6-9d6b-000e22678788,1787665242000,368176,presentmon,app_fps,42.962185400446955,fps,ok,,process,42
0.1,ffbe55b9-da45-4cd6-9d6b-000e22678788,1787665242000,368176,presentmon,frame_time_avg_ms,23.276283333333332,ms,ok,,process,42
0.1,ffbe55b9-da45-4cd6-9d6b-000e22678788,1787665242000,368176,presentmon,frame_time_p95_ms,31.0007,ms,ok,,process,42
0.1,ffbe55b9-da45-4cd6-9d6b-000e22678788,1787665242000,368176,presentmon,gpu_busy_median_ms,17.88015,ms,ok,,process,42
0.1,ffbe55b9-da45-4cd6-9d6b-000e22678788,1787665242000,368176,presentmon,gpu_busy_p95_ms,19.0932,ms,ok,,process,42
0.1,ffbe55b9-da45-4cd6-9d6b-000e22678788,1787665244772,370948,windows_pdh,process_gpu_pct,,percent,unavailable,OSError: PdhCollectQueryData=0x-7FFFF82B,process,
0.1,ffbe55b9-da45-4cd6-9d6b-000e22678788,1787665245746,371922,psutil,process_cpu_pct_raw,528.9,percent,ok,,process,
0.1,ffbe55b9-da45-4cd6-9d6b-000e22678788,1787665245746,371922,psutil,process_cpu_pct,26.445,percent,ok,,process,
0.1,ffbe55b9-da45-4cd6-9d6b-000e22678788,1787665245746,371922,psutil,process_memory_mb,7876.78515625,MiB,ok,,process,
0.1,ffbe55b9-da45-4cd6-9d6b-000e22678788,1787665243000,369176,presentmon,app_fps,54.70598269600035,fps,ok,,process,55
0.1,ffbe55b9-da45-4cd6-9d6b-000e22678788,1787665243000,369176,presentmon,frame_time_avg_ms,18.279536363636364,ms,ok,,process,55
0.1,ffbe55b9-da45-4cd6-9d6b-000e22678788,1787665243000,369176,presentmon,frame_time_p95_ms,26.1276,ms,ok,,process,55
0.1,ffbe55b9-da45-4cd6-9d6b-000e22678788,1787665243000,369176,presentmon,gpu_busy_median_ms,17.8675,ms,ok,,process,55
0.1,ffbe55b9-da45-4cd6-9d6b-000e22678788,1787665243000,369176,presentmon,gpu_busy_p95_ms,18.7985,ms,ok,,process,55
0.1,ffbe55b9-da45-4cd6-9d6b-000e22678788,1787665245746,371922,windows_pdh,process_gpu_pct,,percent,unavailable,OSError: PdhCollectQueryData=0x-7FFFF82B,process,
0.1,ffbe55b9-da45-4cd6-9d6b-000e22678788,1787665246751,372927,psutil,process_cpu_pct_raw,526.6,percent,ok,,process,
0.1,ffbe55b9-da45-4cd6-9d6b-000e22678788,1787665246751,372927,psutil,process_cpu_pct,26.330000000000002,percent,ok,,process,
0.1,ffbe55b9-da45-4cd6-9d6b-000e22678788,1787665246751,372927,psutil,process_memory_mb,7876.765625,MiB,ok,,process,
0.1,ffbe55b9-da45-4cd6-9d6b-000e22678788,1787665244000,370176,presentmon,app_fps,43.318666682943984,fps,ok,,process,44
0.1,ffbe55b9-da45-4cd6-9d6b-000e22678788,1787665244000,370176,presentmon,frame_time_avg_ms,23.084736363636363,ms,ok,,process,44
0.1,ffbe55b9-da45-4cd6-9d6b-000e22678788,1787665244000,370176,presentmon,frame_time_p95_ms,33.4232,ms,ok,,process,44
0.1,ffbe55b9-da45-4cd6-9d6b-000e22678788,1787665244000,370176,presentmon,gpu_busy_median_ms,17.71725,ms,ok,,process,44
0.1,ffbe55b9-da45-4cd6-9d6b-000e22678788,1787665244000,370176,presentmon,gpu_busy_p95_ms,18.3414,ms,ok,,process,44
0.1,ffbe55b9-da45-4cd6-9d6b-000e22678788,1787665246751,372927,windows_pdh,process_gpu_pct,,percent,unavailable,OSError: PdhCollectQueryData=0x-7FFFF82B,process,
0.1,ffbe55b9-da45-4cd6-9d6b-000e22678788,1787665247757,373933,psutil,process_cpu_pct_raw,640.4,percent,ok,,process,
0.1,ffbe55b9-da45-4cd6-9d6b-000e22678788,1787665247757,373933,psutil,process_cpu_pct,32.019999999999996,percent,ok,,process,
0.1,ffbe55b9-da45-4cd6-9d6b-000e22678788,1787665247757,373933,psutil,process_memory_mb,7875.9453125,MiB,ok,,process,
0.1,ffbe55b9-da45-4cd6-9d6b-000e22678788,1787665245000,371176,presentmon,app_fps,40.38156133489731,fps,ok,,process,40
0.1,ffbe55b9-da45-4cd6-9d6b-000e22678788,1787665245000,371176,presentmon,frame_time_avg_ms,24.7637775,ms,ok,,process,40
0.1,ffbe55b9-da45-4cd6-9d6b-000e22678788,1787665245000,371176,presentmon,frame_time_p95_ms,30.6302,ms,ok,,process,40
0.1,ffbe55b9-da45-4cd6-9d6b-000e22678788,1787665245000,371176,presentmon,gpu_busy_median_ms,17.633,ms,ok,,process,40
0.1,ffbe55b9-da45-4cd6-9d6b-000e22678788,1787665245000,371176,presentmon,gpu_busy_p95_ms,19.0848,ms,ok,,process,40
0.1,ffbe55b9-da45-4cd6-9d6b-000e22678788,1787665247757,373933,windows_pdh,process_gpu_pct,,percent,unavailable,OSError: PdhCollectQueryData=0x-7FFFF82B,process,
0.1,ffbe55b9-da45-4cd6-9d6b-000e22678788,1787665247757,373933,nvidia-smi,device_gpu_util_pct,81.0,percent,ok,,device,
0.1,ffbe55b9-da45-4cd6-9d6b-000e22678788,1787665247757,373933,nvidia-smi,device_vram_used_mb,4996.0,MiB,ok,,device,
0.1,ffbe55b9-da45-4cd6-9d6b-000e22678788,1787665247757,373933,nvidia-smi,device_gpu_temperature_c,64.0,celsius,ok,,device,
0.1,ffbe55b9-da45-4cd6-9d6b-000e22678788,1787665247757,373933,nvidia-smi,device_gpu_power_w,147.22,watt,ok,,device,
0.1,ffbe55b9-da45-4cd6-9d6b-000e22678788,1787665247757,373933,nvidia-smi,device_gpu_clock_mhz,1965.0,MHz,ok,,device,
0.1,ffbe55b9-da45-4cd6-9d6b-000e22678788,1787665248762,374938,psutil,process_cpu_pct_raw,592.2,percent,ok,,process,
0.1,ffbe55b9-da45-4cd6-9d6b-000e22678788,1787665248762,374938,psutil,process_cpu_pct,29.610000000000003,percent,ok,,process,
0.1,ffbe55b9-da45-4cd6-9d6b-000e22678788,1787665248762,374938,psutil,process_memory_mb,7875.39453125,MiB,ok,,process,
0.1,ffbe55b9-da45-4cd6-9d6b-000e22678788,1787665246000,372176,presentmon,app_fps,51.638881404626176,fps,ok,,process,51
0.1,ffbe55b9-da45-4cd6-9d6b-000e22678788,1787665246000,372176,presentmon,frame_time_avg_ms,19.36525294117647,ms,ok,,process,51
0.1,ffbe55b9-da45-4cd6-9d6b-000e22678788,1787665246000,372176,presentmon,frame_time_p95_ms,24.7326,ms,ok,,process,51
0.1,ffbe55b9-da45-4cd6-9d6b-000e22678788,1787665246000,372176,presentmon,gpu_busy_median_ms,18.1308,ms,ok,,process,51
0.1,ffbe55b9-da45-4cd6-9d6b-000e22678788,1787665246000,372176,presentmon,gpu_busy_p95_ms,19.7628,ms,ok,,process,51
0.1,ffbe55b9-da45-4cd6-9d6b-000e22678788,1787665248762,374938,windows_pdh,process_gpu_pct,,percent,unavailable,OSError: PdhCollectQueryData=0x-7FFFF82B,process,
0.1,ffbe55b9-da45-4cd6-9d6b-000e22678788,1787665249752,375928,psutil,process_cpu_pct_raw,672.6,percent,ok,,process,
0.1,ffbe55b9-da45-4cd6-9d6b-000e22678788,1787665249752,375928,psutil,process_cpu_pct,33.63,percent,ok,,process,
0.1,ffbe55b9-da45-4cd6-9d6b-000e22678788,1787665249752,375928,psutil,process_memory_mb,7876.61328125,MiB,ok,,process,
0.1,ffbe55b9-da45-4cd6-9d6b-000e22678788,1787665247000,373176,presentmon,app_fps,38.85826835201287,fps,ok,,process,39
0.1,ffbe55b9-da45-4cd6-9d6b-000e22678788,1787665247000,373176,presentmon,frame_time_avg_ms,25.734548717948716,ms,ok,,process,39
0.1,ffbe55b9-da45-4cd6-9d6b-000e22678788,1787665247000,373176,presentmon,frame_time_p95_ms,35.6583,ms,ok,,process,39
0.1,ffbe55b9-da45-4cd6-9d6b-000e22678788,1787665247000,373176,presentmon,gpu_busy_median_ms,18.0948,ms,ok,,process,39
0.1,ffbe55b9-da45-4cd6-9d6b-000e22678788,1787665247000,373176,presentmon,gpu_busy_p95_ms,19.0284,ms,ok,,process,39
0.1,ffbe55b9-da45-4cd6-9d6b-000e22678788,1787665249752,375928,windows_pdh,process_gpu_pct,,percent,unavailable,OSError: PdhCollectQueryData=0x-7FFFF82B,process,
0.1,ffbe55b9-da45-4cd6-9d6b-000e22678788,1787665250758,376934,psutil,process_cpu_pct_raw,682.0,percent,ok,,process,
0.1,ffbe55b9-da45-4cd6-9d6b-000e22678788,1787665250758,376934,psutil,process_cpu_pct,34.1,percent,ok,,process,
0.1,ffbe55b9-da45-4cd6-9d6b-000e22678788,1787665250758,376934,psutil,process_memory_mb,7876.0703125,MiB,ok,,process,
0.1,ffbe55b9-da45-4cd6-9d6b-000e22678788,1787665248000,374176,presentmon,app_fps,43.883217980310796,fps,ok,,process,44
0.1,ffbe55b9-da45-4cd6-9d6b-000e22678788,1787665248000,374176,presentmon,frame_time_avg_ms,22.787754545454547,ms,ok,,process,44
0.1,ffbe55b9-da45-4cd6-9d6b-000e22678788,1787665248000,374176,presentmon,frame_time_p95_ms,31.1239,ms,ok,,process,44
0.1,ffbe55b9-da45-4cd6-9d6b-000e22678788,1787665248000,374176,presentmon,gpu_busy_median_ms,17.5432,ms,ok,,process,44
0.1,ffbe55b9-da45-4cd6-9d6b-000e22678788,1787665248000,374176,presentmon,gpu_busy_p95_ms,18.2817,ms,ok,,process,44
0.1,ffbe55b9-da45-4cd6-9d6b-000e22678788,1787665250758,376934,windows_pdh,process_gpu_pct,,percent,unavailable,OSError: PdhCollectQueryData=0x-7FFFF82B,process,
0.1,ffbe55b9-da45-4cd6-9d6b-000e22678788,1787665251763,377939,psutil,process_cpu_pct_raw,617.2,percent,ok,,process,
0.1,ffbe55b9-da45-4cd6-9d6b-000e22678788,1787665251763,377939,psutil,process_cpu_pct,30.860000000000003,percent,ok,,process,
0.1,ffbe55b9-da45-4cd6-9d6b-000e22678788,1787665251763,377939,psutil,process_memory_mb,7878.2421875,MiB,ok,,process,
0.1,ffbe55b9-da45-4cd6-9d6b-000e22678788,1787665249000,375176,presentmon,app_fps,52.2434230051502,fps,ok,,process,52
0.1,ffbe55b9-da45-4cd6-9d6b-000e22678788,1787665249000,375176,presentmon,frame_time_avg_ms,19.141165384615384,ms,ok,,process,52
0.1,ffbe55b9-da45-4cd6-9d6b-000e22678788,1787665249000,375176,presentmon,frame_time_p95_ms,25.9743,ms,ok,,process,52
0.1,ffbe55b9-da45-4cd6-9d6b-000e22678788,1787665249000,375176,presentmon,gpu_busy_median_ms,17.88185,ms,ok,,process,52
0.1,ffbe55b9-da45-4cd6-9d6b-000e22678788,1787665249000,375176,presentmon,gpu_busy_p95_ms,20.2716,ms,ok,,process,52
0.1,ffbe55b9-da45-4cd6-9d6b-000e22678788,1787665251763,377939,windows_pdh,process_gpu_pct,,percent,unavailable,OSError: PdhCollectQueryData=0x-7FFFF82B,process,
0.1,ffbe55b9-da45-4cd6-9d6b-000e22678788,1787665252754,378930,psutil,process_cpu_pct_raw,655.1,percent,ok,,process,
0.1,ffbe55b9-da45-4cd6-9d6b-000e22678788,1787665252754,378930,psutil,process_cpu_pct,32.755,percent,ok,,process,
0.1,ffbe55b9-da45-4cd6-9d6b-000e22678788,1787665252754,378930,psutil,process_memory_mb,7879.6171875,MiB,ok,,process,
0.1,ffbe55b9-da45-4cd6-9d6b-000e22678788,1787665250000,376176,presentmon,app_fps,34.769920482185285,fps,ok,,process,35
0.1,ffbe55b9-da45-4cd6-9d6b-000e22678788,1787665250000,376176,presentmon,frame_time_avg_ms,28.76049142857143,ms,ok,,process,35
0.1,ffbe55b9-da45-4cd6-9d6b-000e22678788,1787665250000,376176,presentmon,frame_time_p95_ms,42.8957,ms,ok,,process,35
0.1,ffbe55b9-da45-4cd6-9d6b-000e22678788,1787665250000,376176,presentmon,gpu_busy_median_ms,18.7282,ms,ok,,process,35
0.1,ffbe55b9-da45-4cd6-9d6b-000e22678788,1787665250000,376176,presentmon,gpu_busy_p95_ms,19.7218,ms,ok,,process,35
0.1,ffbe55b9-da45-4cd6-9d6b-000e22678788,1787665252754,378930,windows_pdh,process_gpu_pct,,percent,unavailable,OSError: PdhCollectQueryData=0x-7FFFF82B,process,
0.1,ffbe55b9-da45-4cd6-9d6b-000e22678788,1787665253759,379935,psutil,process_cpu_pct_raw,674.3,percent,ok,,process,
0.1,ffbe55b9-da45-4cd6-9d6b-000e22678788,1787665253759,379935,psutil,process_cpu_pct,33.714999999999996,percent,ok,,process,
0.1,ffbe55b9-da45-4cd6-9d6b-000e22678788,1787665253759,379935,psutil,process_memory_mb,7881.515625,MiB,ok,,process,
0.1,ffbe55b9-da45-4cd6-9d6b-000e22678788,1787665251000,377176,presentmon,app_fps,43.552045436661224,fps,ok,,process,44
0.1,ffbe55b9-da45-4cd6-9d6b-000e22678788,1787665251000,377176,presentmon,frame_time_avg_ms,22.96103409090909,ms,ok,,process,44
0.1,ffbe55b9-da45-4cd6-9d6b-000e22678788,1787665251000,377176,presentmon,frame_time_p95_ms,34.1891,ms,ok,,process,44
0.1,ffbe55b9-da45-4cd6-9d6b-000e22678788,1787665251000,377176,presentmon,gpu_busy_median_ms,17.75525,ms,ok,,process,44
0.1,ffbe55b9-da45-4cd6-9d6b-000e22678788,1787665251000,377176,presentmon,gpu_busy_p95_ms,18.949,ms,ok,,process,44
0.1,ffbe55b9-da45-4cd6-9d6b-000e22678788,1787665253759,379935,windows_pdh,process_gpu_pct,,percent,unavailable,OSError: PdhCollectQueryData=0x-7FFFF82B,process,
0.1,ffbe55b9-da45-4cd6-9d6b-000e22678788,1787665253759,379935,nvidia-smi,device_gpu_util_pct,84.0,percent,ok,,device,
0.1,ffbe55b9-da45-4cd6-9d6b-000e22678788,1787665253759,379935,nvidia-smi,device_vram_used_mb,5012.0,MiB,ok,,device,
0.1,ffbe55b9-da45-4cd6-9d6b-000e22678788,1787665253759,379935,nvidia-smi,device_gpu_temperature_c,64.0,celsius,ok,,device,
0.1,ffbe55b9-da45-4cd6-9d6b-000e22678788,1787665253759,379935,nvidia-smi,device_gpu_power_w,134.4,watt,ok,,device,
0.1,ffbe55b9-da45-4cd6-9d6b-000e22678788,1787665253759,379935,nvidia-smi,device_gpu_clock_mhz,1965.0,MHz,ok,,device,
0.1,ffbe55b9-da45-4cd6-9d6b-000e22678788,1787665254749,380925,psutil,process_cpu_pct_raw,694.8,percent,ok,,process,
0.1,ffbe55b9-da45-4cd6-9d6b-000e22678788,1787665254749,380925,psutil,process_cpu_pct,34.739999999999995,percent,ok,,process,
0.1,ffbe55b9-da45-4cd6-9d6b-000e22678788,1787665254749,380925,psutil,process_memory_mb,7879.75390625,MiB,ok,,process,
0.1,ffbe55b9-da45-4cd6-9d6b-000e22678788,1787665252000,378176,presentmon,app_fps,51.17020746107778,fps,ok,,process,51
0.1,ffbe55b9-da45-4cd6-9d6b-000e22678788,1787665252000,378176,presentmon,frame_time_avg_ms,19.542621568627453,ms,ok,,process,51
0.1,ffbe55b9-da45-4cd6-9d6b-000e22678788,1787665252000,378176,presentmon,frame_time_p95_ms,26.4338,ms,ok,,process,51
0.1,ffbe55b9-da45-4cd6-9d6b-000e22678788,1787665252000,378176,presentmon,gpu_busy_median_ms,17.448,ms,ok,,process,51
0.1,ffbe55b9-da45-4cd6-9d6b-000e22678788,1787665252000,378176,presentmon,gpu_busy_p95_ms,19.4929,ms,ok,,process,51
0.1,ffbe55b9-da45-4cd6-9d6b-000e22678788,1787665254749,380925,windows_pdh,process_gpu_pct,,percent,unavailable,OSError: PdhCollectQueryData=0x-7FFFF82B,process,
0.1,ffbe55b9-da45-4cd6-9d6b-000e22678788,1787665255755,381931,psutil,process_cpu_pct_raw,609.6,percent,ok,,process,
0.1,ffbe55b9-da45-4cd6-9d6b-000e22678788,1787665255755,381931,psutil,process_cpu_pct,30.48,percent,ok,,process,
0.1,ffbe55b9-da45-4cd6-9d6b-000e22678788,1787665255755,381931,psutil,process_memory_mb,7888.51953125,MiB,ok,,process,
0.1,ffbe55b9-da45-4cd6-9d6b-000e22678788,1787665253000,379176,presentmon,app_fps,40.97326494462363,fps,ok,,process,41
0.1,ffbe55b9-da45-4cd6-9d6b-000e22678788,1787665253000,379176,presentmon,frame_time_avg_ms,24.406158536585366,ms,ok,,process,41
0.1,ffbe55b9-da45-4cd6-9d6b-000e22678788,1787665253000,379176,presentmon,frame_time_p95_ms,34.384,ms,ok,,process,41
0.1,ffbe55b9-da45-4cd6-9d6b-000e22678788,1787665253000,379176,presentmon,gpu_busy_median_ms,18.1473,ms,ok,,process,41
0.1,ffbe55b9-da45-4cd6-9d6b-000e22678788,1787665253000,379176,presentmon,gpu_busy_p95_ms,19.3372,ms,ok,,process,41
0.1,ffbe55b9-da45-4cd6-9d6b-000e22678788,1787665255755,381931,windows_pdh,process_gpu_pct,,percent,unavailable,OSError: PdhCollectQueryData=0x-7FFFF82B,process,
0.1,ffbe55b9-da45-4cd6-9d6b-000e22678788,1787665256745,382921,psutil,process_cpu_pct_raw,563.1,percent,ok,,process,
0.1,ffbe55b9-da45-4cd6-9d6b-000e22678788,1787665256745,382921,psutil,process_cpu_pct,28.155,percent,ok,,process,
0.1,ffbe55b9-da45-4cd6-9d6b-000e22678788,1787665256745,382921,psutil,process_memory_mb,7885.765625,MiB,ok,,process,
0.1,ffbe55b9-da45-4cd6-9d6b-000e22678788,1787665254000,380176,presentmon,app_fps,38.69787752325437,fps,ok,,process,38
0.1,ffbe55b9-da45-4cd6-9d6b-000e22678788,1787665254000,380176,presentmon,frame_time_avg_ms,25.84121052631579,ms,ok,,process,38
0.1,ffbe55b9-da45-4cd6-9d6b-000e22678788,1787665254000,380176,presentmon,frame_time_p95_ms,40.041,ms,ok,,process,38
0.1,ffbe55b9-da45-4cd6-9d6b-000e22678788,1787665254000,380176,presentmon,gpu_busy_median_ms,18.17945,ms,ok,,process,38
0.1,ffbe55b9-da45-4cd6-9d6b-000e22678788,1787665254000,380176,presentmon,gpu_busy_p95_ms,19.5635,ms,ok,,process,38
0.1,ffbe55b9-da45-4cd6-9d6b-000e22678788,1787665256745,382921,windows_pdh,process_gpu_pct,,percent,unavailable,OSError: PdhCollectQueryData=0x-7FFFF82B,process,
0.1,ffbe55b9-da45-4cd6-9d6b-000e22678788,1787665257750,383926,psutil,process_cpu_pct_raw,689.1,percent,ok,,process,
0.1,ffbe55b9-da45-4cd6-9d6b-000e22678788,1787665257750,383926,psutil,process_cpu_pct,34.455,percent,ok,,process,
0.1,ffbe55b9-da45-4cd6-9d6b-000e22678788,1787665257750,383926,psutil,process_memory_mb,7888.41015625,MiB,ok,,process,
0.1,ffbe55b9-da45-4cd6-9d6b-000e22678788,1787665255000,381176,presentmon,app_fps,52.2993147013571,fps,ok,,process,53
0.1,ffbe55b9-da45-4cd6-9d6b-000e22678788,1787665255000,381176,presentmon,frame_time_avg_ms,19.120709433962265,ms,ok,,process,53
0.1,ffbe55b9-da45-4cd6-9d6b-000e22678788,1787665255000,381176,presentmon,frame_time_p95_ms,25.119,ms,ok,,process,53
0.1,ffbe55b9-da45-4cd6-9d6b-000e22678788,1787665255000,381176,presentmon,gpu_busy_median_ms,17.4664,ms,ok,,process,53
0.1,ffbe55b9-da45-4cd6-9d6b-000e22678788,1787665255000,381176,presentmon,gpu_busy_p95_ms,18.5968,ms,ok,,process,53
0.1,ffbe55b9-da45-4cd6-9d6b-000e22678788,1787665257750,383926,windows_pdh,process_gpu_pct,,percent,unavailable,OSError: PdhCollectQueryData=0x-7FFFF82B,process,
0.1,ffbe55b9-da45-4cd6-9d6b-000e22678788,1787665258756,384932,psutil,process_cpu_pct_raw,572.7,percent,ok,,process,
0.1,ffbe55b9-da45-4cd6-9d6b-000e22678788,1787665258756,384932,psutil,process_cpu_pct,28.635,percent,ok,,process,
0.1,ffbe55b9-da45-4cd6-9d6b-000e22678788,1787665258756,384932,psutil,process_memory_mb,7889.6953125,MiB,ok,,process,
0.1,ffbe55b9-da45-4cd6-9d6b-000e22678788,1787665256000,382176,presentmon,app_fps,36.68648100200497,fps,ok,,process,37
0.1,ffbe55b9-da45-4cd6-9d6b-000e22678788,1787665256000,382176,presentmon,frame_time_avg_ms,27.257997297297297,ms,ok,,process,37
0.1,ffbe55b9-da45-4cd6-9d6b-000e22678788,1787665256000,382176,presentmon,frame_time_p95_ms,39.9366,ms,ok,,process,37
0.1,ffbe55b9-da45-4cd6-9d6b-000e22678788,1787665256000,382176,presentmon,gpu_busy_median_ms,17.8978,ms,ok,,process,37
0.1,ffbe55b9-da45-4cd6-9d6b-000e22678788,1787665256000,382176,presentmon,gpu_busy_p95_ms,18.97,ms,ok,,process,37
0.1,ffbe55b9-da45-4cd6-9d6b-000e22678788,1787665258756,384932,windows_pdh,process_gpu_pct,,percent,unavailable,OSError: PdhCollectQueryData=0x-7FFFF82B,process,
0.1,ffbe55b9-da45-4cd6-9d6b-000e22678788,1787665258756,384932,nvidia-smi,device_gpu_util_pct,64.0,percent,ok,,device,
0.1,ffbe55b9-da45-4cd6-9d6b-000e22678788,1787665258756,384932,nvidia-smi,device_vram_used_mb,5085.0,MiB,ok,,device,
0.1,ffbe55b9-da45-4cd6-9d6b-000e22678788,1787665258756,384932,nvidia-smi,device_gpu_temperature_c,62.0,celsius,ok,,device,
0.1,ffbe55b9-da45-4cd6-9d6b-000e22678788,1787665258756,384932,nvidia-smi,device_gpu_power_w,129.37,watt,ok,,device,
0.1,ffbe55b9-da45-4cd6-9d6b-000e22678788,1787665258756,384932,nvidia-smi,device_gpu_clock_mhz,1965.0,MHz,ok,,device,
0.1,ffbe55b9-da45-4cd6-9d6b-000e22678788,1787665259761,385937,psutil,process_cpu_pct_raw,687.5,percent,ok,,process,
0.1,ffbe55b9-da45-4cd6-9d6b-000e22678788,1787665259761,385937,psutil,process_cpu_pct,34.375,percent,ok,,process,
0.1,ffbe55b9-da45-4cd6-9d6b-000e22678788,1787665259761,385937,psutil,process_memory_mb,7889.04296875,MiB,ok,,process,
0.1,ffbe55b9-da45-4cd6-9d6b-000e22678788,1787665257000,383176,presentmon,app_fps,37.46505371172363,fps,ok,,process,37
0.1,ffbe55b9-da45-4cd6-9d6b-000e22678788,1787665257000,383176,presentmon,frame_time_avg_ms,26.69154054054054,ms,ok,,process,37
0.1,ffbe55b9-da45-4cd6-9d6b-000e22678788,1787665257000,383176,presentmon,frame_time_p95_ms,45.9119,ms,ok,,process,37
0.1,ffbe55b9-da45-4cd6-9d6b-000e22678788,1787665257000,383176,presentmon,gpu_busy_median_ms,18.1985,ms,ok,,process,37
0.1,ffbe55b9-da45-4cd6-9d6b-000e22678788,1787665257000,383176,presentmon,gpu_busy_p95_ms,21.1831,ms,ok,,process,37
0.1,ffbe55b9-da45-4cd6-9d6b-000e22678788,1787665259761,385937,windows_pdh,process_gpu_pct,,percent,unavailable,OSError: PdhCollectQueryData=0x-7FFFF82B,process,
0.1,ffbe55b9-da45-4cd6-9d6b-000e22678788,1787665260751,386927,psutil,process_cpu_pct_raw,617.1,percent,ok,,process,
0.1,ffbe55b9-da45-4cd6-9d6b-000e22678788,1787665260751,386927,psutil,process_cpu_pct,30.855,percent,ok,,process,
0.1,ffbe55b9-da45-4cd6-9d6b-000e22678788,1787665260751,386927,psutil,process_memory_mb,7887.6484375,MiB,ok,,process,
0.1,ffbe55b9-da45-4cd6-9d6b-000e22678788,1787665258000,384176,presentmon,app_fps,47.353468883295704,fps,ok,,process,48
0.1,ffbe55b9-da45-4cd6-9d6b-000e22678788,1787665258000,384176,presentmon,frame_time_avg_ms,21.117777083333333,ms,ok,,process,48
0.1,ffbe55b9-da45-4cd6-9d6b-000e22678788,1787665258000,384176,presentmon,frame_time_p95_ms,31.3231,ms,ok,,process,48
0.1,ffbe55b9-da45-4cd6-9d6b-000e22678788,1787665258000,384176,presentmon,gpu_busy_median_ms,17.86275,ms,ok,,process,48
0.1,ffbe55b9-da45-4cd6-9d6b-000e22678788,1787665258000,384176,presentmon,gpu_busy_p95_ms,18.7365,ms,ok,,process,48
0.1,ffbe55b9-da45-4cd6-9d6b-000e22678788,1787665260751,386927,windows_pdh,process_gpu_pct,,percent,unavailable,OSError: PdhCollectQueryData=0x-7FFFF82B,process,
0.1,ffbe55b9-da45-4cd6-9d6b-000e22678788,1787665261757,387933,psutil,process_cpu_pct_raw,640.4,percent,ok,,process,
0.1,ffbe55b9-da45-4cd6-9d6b-000e22678788,1787665261757,387933,psutil,process_cpu_pct,32.019999999999996,percent,ok,,process,
0.1,ffbe55b9-da45-4cd6-9d6b-000e22678788,1787665261757,387933,psutil,process_memory_mb,7891.85546875,MiB,ok,,process,
0.1,ffbe55b9-da45-4cd6-9d6b-000e22678788,1787665259000,385176,presentmon,app_fps,32.419048622494365,fps,ok,,process,32
0.1,ffbe55b9-da45-4cd6-9d6b-000e22678788,1787665259000,385176,presentmon,frame_time_avg_ms,30.8460625,ms,ok,,process,32
0.1,ffbe55b9-da45-4cd6-9d6b-000e22678788,1787665259000,385176,presentmon,frame_time_p95_ms,49.4745,ms,ok,,process,32
0.1,ffbe55b9-da45-4cd6-9d6b-000e22678788,1787665259000,385176,presentmon,gpu_busy_median_ms,19.9972,ms,ok,,process,32
0.1,ffbe55b9-da45-4cd6-9d6b-000e22678788,1787665259000,385176,presentmon,gpu_busy_p95_ms,21.9698,ms,ok,,process,32
0.1,ffbe55b9-da45-4cd6-9d6b-000e22678788,1787665261757,387933,windows_pdh,process_gpu_pct,,percent,unavailable,OSError: PdhCollectQueryData=0x-7FFFF82B,process,
0.1,ffbe55b9-da45-4cd6-9d6b-000e22678788,1787665262762,388938,psutil,process_cpu_pct_raw,593.8,percent,ok,,process,
0.1,ffbe55b9-da45-4cd6-9d6b-000e22678788,1787665262762,388938,psutil,process_cpu_pct,29.689999999999998,percent,ok,,process,
0.1,ffbe55b9-da45-4cd6-9d6b-000e22678788,1787665262762,388938,psutil,process_memory_mb,7889.2421875,MiB,ok,,process,
0.1,ffbe55b9-da45-4cd6-9d6b-000e22678788,1787665260000,386176,presentmon,app_fps,37.308203065524296,fps,ok,,process,37
0.1,ffbe55b9-da45-4cd6-9d6b-000e22678788,1787665260000,386176,presentmon,frame_time_avg_ms,26.80375675675676,ms,ok,,process,37
0.1,ffbe55b9-da45-4cd6-9d6b-000e22678788,1787665260000,386176,presentmon,frame_time_p95_ms,52.3861,ms,ok,,process,37
0.1,ffbe55b9-da45-4cd6-9d6b-000e22678788,1787665260000,386176,presentmon,gpu_busy_median_ms,19.7534,ms,ok,,process,37
0.1,ffbe55b9-da45-4cd6-9d6b-000e22678788,1787665260000,386176,presentmon,gpu_busy_p95_ms,21.2072,ms,ok,,process,37
0.1,ffbe55b9-da45-4cd6-9d6b-000e22678788,1787665262762,388938,windows_pdh,process_gpu_pct,,percent,unavailable,OSError: PdhCollectQueryData=0x-7FFFF82B,process,
0.1,ffbe55b9-da45-4cd6-9d6b-000e22678788,1787665263752,389928,psutil,process_cpu_pct_raw,671.0,percent,ok,,process,
0.1,ffbe55b9-da45-4cd6-9d6b-000e22678788,1787665263752,389928,psutil,process_cpu_pct,33.55,percent,ok,,process,
0.1,ffbe55b9-da45-4cd6-9d6b-000e22678788,1787665263752,389928,psutil,process_memory_mb,7888.671875,MiB,ok,,process,
0.1,ffbe55b9-da45-4cd6-9d6b-000e22678788,1787665261000,387176,presentmon,app_fps,50.61603116779458,fps,ok,,process,52
0.1,ffbe55b9-da45-4cd6-9d6b-000e22678788,1787665261000,387176,presentmon,frame_time_avg_ms,19.756586538461537,ms,ok,,process,52
0.1,ffbe55b9-da45-4cd6-9d6b-000e22678788,1787665261000,387176,presentmon,frame_time_p95_ms,28.3608,ms,ok,,process,52
0.1,ffbe55b9-da45-4cd6-9d6b-000e22678788,1787665261000,387176,presentmon,gpu_busy_median_ms,17.71565,ms,ok,,process,52
0.1,ffbe55b9-da45-4cd6-9d6b-000e22678788,1787665261000,387176,presentmon,gpu_busy_p95_ms,19.1717,ms,ok,,process,52
0.1,ffbe55b9-da45-4cd6-9d6b-000e22678788,1787665263752,389928,windows_pdh,process_gpu_pct,,percent,unavailable,OSError: PdhCollectQueryData=0x-7FFFF82B,process,
0.1,ffbe55b9-da45-4cd6-9d6b-000e22678788,1787665264758,390934,psutil,process_cpu_pct_raw,615.8,percent,ok,,process,
0.1,ffbe55b9-da45-4cd6-9d6b-000e22678788,1787665264758,390934,psutil,process_cpu_pct,30.79,percent,ok,,process,
0.1,ffbe55b9-da45-4cd6-9d6b-000e22678788,1787665264758,390934,psutil,process_memory_mb,7889.95703125,MiB,ok,,process,
0.1,ffbe55b9-da45-4cd6-9d6b-000e22678788,1787665264758,390934,windows_pdh,process_gpu_pct,,percent,unavailable,OSError: PdhCollectQueryData=0x-7FFFF82B,process,
0.1,ffbe55b9-da45-4cd6-9d6b-000e22678788,1787665264758,390934,nvidia-smi,device_gpu_util_pct,68.0,percent,ok,,device,
0.1,ffbe55b9-da45-4cd6-9d6b-000e22678788,1787665264758,390934,nvidia-smi,device_vram_used_mb,5069.0,MiB,ok,,device,
0.1,ffbe55b9-da45-4cd6-9d6b-000e22678788,1787665264758,390934,nvidia-smi,device_gpu_temperature_c,63.0,celsius,ok,,device,
0.1,ffbe55b9-da45-4cd6-9d6b-000e22678788,1787665264758,390934,nvidia-smi,device_gpu_power_w,143.3,watt,ok,,device,
0.1,ffbe55b9-da45-4cd6-9d6b-000e22678788,1787665264758,390934,nvidia-smi,device_gpu_clock_mhz,1965.0,MHz,ok,,device,
0.1,ffbe55b9-da45-4cd6-9d6b-000e22678788,1787665265748,391924,psutil,process_cpu_pct_raw,631.3,percent,ok,,process,
0.1,ffbe55b9-da45-4cd6-9d6b-000e22678788,1787665265748,391924,psutil,process_cpu_pct,31.564999999999998,percent,ok,,process,
0.1,ffbe55b9-da45-4cd6-9d6b-000e22678788,1787665265748,391924,psutil,process_memory_mb,7891.61328125,MiB,ok,,process,
0.1,ffbe55b9-da45-4cd6-9d6b-000e22678788,1787665262000,388176,presentmon,app_fps,36.33420565705415,fps,ok,,process,36
0.1,ffbe55b9-da45-4cd6-9d6b-000e22678788,1787665262000,388176,presentmon,frame_time_avg_ms,27.522275,ms,ok,,process,36
0.1,ffbe55b9-da45-4cd6-9d6b-000e22678788,1787665262000,388176,presentmon,frame_time_p95_ms,37.108,ms,ok,,process,36
0.1,ffbe55b9-da45-4cd6-9d6b-000e22678788,1787665262000,388176,presentmon,gpu_busy_median_ms,19.20945,ms,ok,,process,36
0.1,ffbe55b9-da45-4cd6-9d6b-000e22678788,1787665262000,388176,presentmon,gpu_busy_p95_ms,19.7573,ms,ok,,process,36
0.1,ffbe55b9-da45-4cd6-9d6b-000e22678788,1787665263000,389176,presentmon,app_fps,40.964262777153216,fps,ok,,process,41
0.1,ffbe55b9-da45-4cd6-9d6b-000e22678788,1787665263000,389176,presentmon,frame_time_avg_ms,24.411521951219513,ms,ok,,process,41
0.1,ffbe55b9-da45-4cd6-9d6b-000e22678788,1787665263000,389176,presentmon,frame_time_p95_ms,35.8945,ms,ok,,process,41
0.1,ffbe55b9-da45-4cd6-9d6b-000e22678788,1787665263000,389176,presentmon,gpu_busy_median_ms,18.4836,ms,ok,,process,41
0.1,ffbe55b9-da45-4cd6-9d6b-000e22678788,1787665263000,389176,presentmon,gpu_busy_p95_ms,19.384,ms,ok,,process,41
0.1,ffbe55b9-da45-4cd6-9d6b-000e22678788,1787665265748,391924,windows_pdh,process_gpu_pct,,percent,unavailable,OSError: PdhCollectQueryData=0x-7FFFF82B,process,
0.1,ffbe55b9-da45-4cd6-9d6b-000e22678788,1787665266753,392929,psutil,process_cpu_pct_raw,592.7,percent,ok,,process,
0.1,ffbe55b9-da45-4cd6-9d6b-000e22678788,1787665266753,392929,psutil,process_cpu_pct,29.635,percent,ok,,process,
0.1,ffbe55b9-da45-4cd6-9d6b-000e22678788,1787665266753,392929,psutil,process_memory_mb,7890.21484375,MiB,ok,,process,
0.1,ffbe55b9-da45-4cd6-9d6b-000e22678788,1787665264000,390176,presentmon,app_fps,46.316014553263706,fps,ok,,process,48
0.1,ffbe55b9-da45-4cd6-9d6b-000e22678788,1787665264000,390176,presentmon,frame_time_avg_ms,21.59080416666667,ms,ok,,process,48
0.1,ffbe55b9-da45-4cd6-9d6b-000e22678788,1787665264000,390176,presentmon,frame_time_p95_ms,42.4655,ms,ok,,process,48
0.1,ffbe55b9-da45-4cd6-9d6b-000e22678788,1787665264000,390176,presentmon,gpu_busy_median_ms,17.424100000000003,ms,ok,,process,48
0.1,ffbe55b9-da45-4cd6-9d6b-000e22678788,1787665264000,390176,presentmon,gpu_busy_p95_ms,20.0804,ms,ok,,process,48
0.1,ffbe55b9-da45-4cd6-9d6b-000e22678788,1787665266753,392929,windows_pdh,process_gpu_pct,,percent,unavailable,OSError: PdhCollectQueryData=0x-7FFFF82B,process,
0.1,ffbe55b9-da45-4cd6-9d6b-000e22678788,1787665267759,393935,psutil,process_cpu_pct_raw,531.2,percent,ok,,process,
0.1,ffbe55b9-da45-4cd6-9d6b-000e22678788,1787665267759,393935,psutil,process_cpu_pct,26.560000000000002,percent,ok,,process,
0.1,ffbe55b9-da45-4cd6-9d6b-000e22678788,1787665267759,393935,psutil,process_memory_mb,7903.0390625,MiB,ok,,process,
0.1,ffbe55b9-da45-4cd6-9d6b-000e22678788,1787665265000,391176,presentmon,app_fps,28.649584072253855,fps,ok,,process,29
0.1,ffbe55b9-da45-4cd6-9d6b-000e22678788,1787665265000,391176,presentmon,frame_time_avg_ms,34.90452068965517,ms,ok,,process,29
0.1,ffbe55b9-da45-4cd6-9d6b-000e22678788,1787665265000,391176,presentmon,frame_time_p95_ms,63.6932,ms,ok,,process,29
0.1,ffbe55b9-da45-4cd6-9d6b-000e22678788,1787665265000,391176,presentmon,gpu_busy_median_ms,18.7962,ms,ok,,process,29
0.1,ffbe55b9-da45-4cd6-9d6b-000e22678788,1787665265000,391176,presentmon,gpu_busy_p95_ms,22.5435,ms,ok,,process,29
0.1,ffbe55b9-da45-4cd6-9d6b-000e22678788,1787665267759,393935,windows_pdh,process_gpu_pct,,percent,unavailable,OSError: PdhCollectQueryData=0x-7FFFF82B,process,
0.1,ffbe55b9-da45-4cd6-9d6b-000e22678788,1787665268749,394925,psutil,process_cpu_pct_raw,675.8,percent,ok,,process,
0.1,ffbe55b9-da45-4cd6-9d6b-000e22678788,1787665268749,394925,psutil,process_cpu_pct,33.79,percent,ok,,process,
0.1,ffbe55b9-da45-4cd6-9d6b-000e22678788,1787665268749,394925,psutil,process_memory_mb,7902.79296875,MiB,ok,,process,
0.1,ffbe55b9-da45-4cd6-9d6b-000e22678788,1787665268749,394925,windows_pdh,process_gpu_pct,,percent,unavailable,OSError: PdhCollectQueryData=0x-7FFFF82B,process,
0.1,ffbe55b9-da45-4cd6-9d6b-000e22678788,1787665269755,395931,psutil,process_cpu_pct_raw,677.3,percent,ok,,process,
0.1,ffbe55b9-da45-4cd6-9d6b-000e22678788,1787665269755,395931,psutil,process_cpu_pct,33.864999999999995,percent,ok,,process,
0.1,ffbe55b9-da45-4cd6-9d6b-000e22678788,1787665269755,395931,psutil,process_memory_mb,7978.35546875,MiB,ok,,process,
0.1,ffbe55b9-da45-4cd6-9d6b-000e22678788,1787665266000,392176,presentmon,app_fps,40.8271582256517,fps,ok,,process,38
0.1,ffbe55b9-da45-4cd6-9d6b-000e22678788,1787665266000,392176,presentmon,frame_time_avg_ms,24.4935,ms,ok,,process,38
0.1,ffbe55b9-da45-4cd6-9d6b-000e22678788,1787665266000,392176,presentmon,frame_time_p95_ms,43.23,ms,ok,,process,38
0.1,ffbe55b9-da45-4cd6-9d6b-000e22678788,1787665266000,392176,presentmon,gpu_busy_median_ms,18.1968,ms,ok,,process,38
0.1,ffbe55b9-da45-4cd6-9d6b-000e22678788,1787665266000,392176,presentmon,gpu_busy_p95_ms,19.3189,ms,ok,,process,38
0.1,ffbe55b9-da45-4cd6-9d6b-000e22678788,1787665267000,393176,presentmon,app_fps,47.10520830511928,fps,ok,,process,48
0.1,ffbe55b9-da45-4cd6-9d6b-000e22678788,1787665267000,393176,presentmon,frame_time_avg_ms,21.229074999999998,ms,ok,,process,48
0.1,ffbe55b9-da45-4cd6-9d6b-000e22678788,1787665267000,393176,presentmon,frame_time_p95_ms,34.3491,ms,ok,,process,48
0.1,ffbe55b9-da45-4cd6-9d6b-000e22678788,1787665267000,393176,presentmon,gpu_busy_median_ms,17.4874,ms,ok,,process,48
0.1,ffbe55b9-da45-4cd6-9d6b-000e22678788,1787665267000,393176,presentmon,gpu_busy_p95_ms,18.8403,ms,ok,,process,48
0.1,ffbe55b9-da45-4cd6-9d6b-000e22678788,1787665269755,395931,windows_pdh,process_gpu_pct,,percent,unavailable,OSError: PdhCollectQueryData=0x-7FFFF82B,process,
0.1,ffbe55b9-da45-4cd6-9d6b-000e22678788,1787665269755,395931,nvidia-smi,device_gpu_util_pct,67.0,percent,ok,,device,
0.1,ffbe55b9-da45-4cd6-9d6b-000e22678788,1787665269755,395931,nvidia-smi,device_vram_used_mb,5076.0,MiB,ok,,device,
0.1,ffbe55b9-da45-4cd6-9d6b-000e22678788,1787665269755,395931,nvidia-smi,device_gpu_temperature_c,62.0,celsius,ok,,device,
0.1,ffbe55b9-da45-4cd6-9d6b-000e22678788,1787665269755,395931,nvidia-smi,device_gpu_power_w,120.19,watt,ok,,device,
0.1,ffbe55b9-da45-4cd6-9d6b-000e22678788,1787665269755,395931,nvidia-smi,device_gpu_clock_mhz,1965.0,MHz,ok,,device,
0.1,ffbe55b9-da45-4cd6-9d6b-000e22678788,1787665270761,396937,psutil,process_cpu_pct_raw,731.2,percent,ok,,process,
0.1,ffbe55b9-da45-4cd6-9d6b-000e22678788,1787665270761,396937,psutil,process_cpu_pct,36.56,percent,ok,,process,
0.1,ffbe55b9-da45-4cd6-9d6b-000e22678788,1787665270761,396937,psutil,process_memory_mb,7981.1171875,MiB,ok,,process,
0.1,ffbe55b9-da45-4cd6-9d6b-000e22678788,1787665268000,394176,presentmon,app_fps,36.311897411627434,fps,ok,,process,36
0.1,ffbe55b9-da45-4cd6-9d6b-000e22678788,1787665268000,394176,presentmon,frame_time_avg_ms,27.539183333333334,ms,ok,,process,36
0.1,ffbe55b9-da45-4cd6-9d6b-000e22678788,1787665268000,394176,presentmon,frame_time_p95_ms,38.2222,ms,ok,,process,36
0.1,ffbe55b9-da45-4cd6-9d6b-000e22678788,1787665268000,394176,presentmon,gpu_busy_median_ms,17.9406,ms,ok,,process,36
0.1,ffbe55b9-da45-4cd6-9d6b-000e22678788,1787665268000,394176,presentmon,gpu_busy_p95_ms,20.4443,ms,ok,,process,36
0.1,ffbe55b9-da45-4cd6-9d6b-000e22678788,1787665270761,396937,windows_pdh,process_gpu_pct,,percent,unavailable,OSError: PdhCollectQueryData=0x-7FFFF82B,process,
0.1,ffbe55b9-da45-4cd6-9d6b-000e22678788,1787665271766,397942,psutil,process_cpu_pct_raw,770.3,percent,ok,,process,
0.1,ffbe55b9-da45-4cd6-9d6b-000e22678788,1787665271766,397942,psutil,process_cpu_pct,38.515,percent,ok,,process,
0.1,ffbe55b9-da45-4cd6-9d6b-000e22678788,1787665271766,397942,psutil,process_memory_mb,7985.59375,MiB,ok,,process,
0.1,ffbe55b9-da45-4cd6-9d6b-000e22678788,1787665271766,397942,windows_pdh,process_gpu_pct,,percent,unavailable,OSError: PdhCollectQueryData=0x-7FFFF82B,process,
0.1,ffbe55b9-da45-4cd6-9d6b-000e22678788,1787665272756,398932,psutil,process_cpu_pct_raw,600.0,percent,ok,,process,
0.1,ffbe55b9-da45-4cd6-9d6b-000e22678788,1787665272756,398932,psutil,process_cpu_pct,30.0,percent,ok,,process,
0.1,ffbe55b9-da45-4cd6-9d6b-000e22678788,1787665272756,398932,psutil,process_memory_mb,7985.5703125,MiB,ok,,process,
0.1,ffbe55b9-da45-4cd6-9d6b-000e22678788,1787665269000,395176,presentmon,app_fps,35.08464169809666,fps,ok,,process,35
0.1,ffbe55b9-da45-4cd6-9d6b-000e22678788,1787665269000,395176,presentmon,frame_time_avg_ms,28.502499999999998,ms,ok,,process,35
0.1,ffbe55b9-da45-4cd6-9d6b-000e22678788,1787665269000,395176,presentmon,frame_time_p95_ms,44.5264,ms,ok,,process,35
0.1,ffbe55b9-da45-4cd6-9d6b-000e22678788,1787665269000,395176,presentmon,gpu_busy_median_ms,18.4042,ms,ok,,process,35
0.1,ffbe55b9-da45-4cd6-9d6b-000e22678788,1787665269000,395176,presentmon,gpu_busy_p95_ms,21.3046,ms,ok,,process,35
0.1,ffbe55b9-da45-4cd6-9d6b-000e22678788,1787665272756,398932,windows_pdh,process_gpu_pct,,percent,unavailable,OSError: PdhCollectQueryData=0x-7FFFF82B,process,
0.1,ffbe55b9-da45-4cd6-9d6b-000e22678788,1787665273746,399922,psutil,process_cpu_pct_raw,533.0,percent,ok,,process,
0.1,ffbe55b9-da45-4cd6-9d6b-000e22678788,1787665273746,399922,psutil,process_cpu_pct,26.65,percent,ok,,process,
0.1,ffbe55b9-da45-4cd6-9d6b-000e22678788,1787665273746,399922,psutil,process_memory_mb,7983.0390625,MiB,ok,,process,
0.1,ffbe55b9-da45-4cd6-9d6b-000e22678788,1787665270000,396176,presentmon,app_fps,53.63323448926859,fps,ok,,process,54
0.1,ffbe55b9-da45-4cd6-9d6b-000e22678788,1787665270000,396176,presentmon,frame_time_avg_ms,18.645155555555554,ms,ok,,process,54
0.1,ffbe55b9-da45-4cd6-9d6b-000e22678788,1787665270000,396176,presentmon,frame_time_p95_ms,24.6161,ms,ok,,process,54
0.1,ffbe55b9-da45-4cd6-9d6b-000e22678788,1787665270000,396176,presentmon,gpu_busy_median_ms,16.99795,ms,ok,,process,54
0.1,ffbe55b9-da45-4cd6-9d6b-000e22678788,1787665270000,396176,presentmon,gpu_busy_p95_ms,18.0276,ms,ok,,process,54
0.1,ffbe55b9-da45-4cd6-9d6b-000e22678788,1787665273746,399922,windows_pdh,process_gpu_pct,,percent,unavailable,OSError: PdhCollectQueryData=0x-7FFFF82B,process,
0.1,ffbe55b9-da45-4cd6-9d6b-000e22678788,1787665274751,400927,psutil,process_cpu_pct_raw,675.0,percent,ok,,process,
0.1,ffbe55b9-da45-4cd6-9d6b-000e22678788,1787665274751,400927,psutil,process_cpu_pct,33.75,percent,ok,,process,
0.1,ffbe55b9-da45-4cd6-9d6b-000e22678788,1787665274751,400927,psutil,process_memory_mb,7982.12109375,MiB,ok,,process,
0.1,ffbe55b9-da45-4cd6-9d6b-000e22678788,1787665271000,397176,presentmon,app_fps,40.28744690492193,fps,ok,,process,40
0.1,ffbe55b9-da45-4cd6-9d6b-000e22678788,1787665271000,397176,presentmon,frame_time_avg_ms,24.821627499999998,ms,ok,,process,40
0.1,ffbe55b9-da45-4cd6-9d6b-000e22678788,1787665271000,397176,presentmon,frame_time_p95_ms,32.8308,ms,ok,,process,40
0.1,ffbe55b9-da45-4cd6-9d6b-000e22678788,1787665271000,397176,presentmon,gpu_busy_median_ms,17.30995,ms,ok,,process,40
0.1,ffbe55b9-da45-4cd6-9d6b-000e22678788,1787665271000,397176,presentmon,gpu_busy_p95_ms,18.6719,ms,ok,,process,40
0.1,ffbe55b9-da45-4cd6-9d6b-000e22678788,1787665272000,398176,presentmon,app_fps,42.6556960184479,fps,ok,,process,43
0.1,ffbe55b9-da45-4cd6-9d6b-000e22678788,1787665272000,398176,presentmon,frame_time_avg_ms,23.443527906976744,ms,ok,,process,43
0.1,ffbe55b9-da45-4cd6-9d6b-000e22678788,1787665272000,398176,presentmon,frame_time_p95_ms,33.2353,ms,ok,,process,43
0.1,ffbe55b9-da45-4cd6-9d6b-000e22678788,1787665272000,398176,presentmon,gpu_busy_median_ms,17.0871,ms,ok,,process,43
0.1,ffbe55b9-da45-4cd6-9d6b-000e22678788,1787665272000,398176,presentmon,gpu_busy_p95_ms,17.7636,ms,ok,,process,43
0.1,ffbe55b9-da45-4cd6-9d6b-000e22678788,1787665274751,400927,windows_pdh,process_gpu_pct,,percent,unavailable,OSError: PdhCollectQueryData=0x-7FFFF82B,process,
0.1,ffbe55b9-da45-4cd6-9d6b-000e22678788,1787665275757,401933,psutil,process_cpu_pct_raw,674.3,percent,ok,,process,
0.1,ffbe55b9-da45-4cd6-9d6b-000e22678788,1787665275757,401933,psutil,process_cpu_pct,33.714999999999996,percent,ok,,process,
0.1,ffbe55b9-da45-4cd6-9d6b-000e22678788,1787665275757,401933,psutil,process_memory_mb,7981.953125,MiB,ok,,process,
0.1,ffbe55b9-da45-4cd6-9d6b-000e22678788,1787665275757,401933,windows_pdh,process_gpu_pct,,percent,unavailable,OSError: PdhCollectQueryData=0x-7FFFF82B,process,
0.1,ffbe55b9-da45-4cd6-9d6b-000e22678788,1787665275757,401933,nvidia-smi,device_gpu_util_pct,77.0,percent,ok,,device,
0.1,ffbe55b9-da45-4cd6-9d6b-000e22678788,1787665275757,401933,nvidia-smi,device_vram_used_mb,5061.0,MiB,ok,,device,
0.1,ffbe55b9-da45-4cd6-9d6b-000e22678788,1787665275757,401933,nvidia-smi,device_gpu_temperature_c,62.0,celsius,ok,,device,
0.1,ffbe55b9-da45-4cd6-9d6b-000e22678788,1787665275757,401933,nvidia-smi,device_gpu_power_w,120.98,watt,ok,,device,
0.1,ffbe55b9-da45-4cd6-9d6b-000e22678788,1787665275757,401933,nvidia-smi,device_gpu_clock_mhz,1965.0,MHz,ok,,device,
0.1,ffbe55b9-da45-4cd6-9d6b-000e22678788,1787665276747,402923,psutil,process_cpu_pct_raw,596.4,percent,ok,,process,
0.1,ffbe55b9-da45-4cd6-9d6b-000e22678788,1787665276747,402923,psutil,process_cpu_pct,29.82,percent,ok,,process,
0.1,ffbe55b9-da45-4cd6-9d6b-000e22678788,1787665276747,402923,psutil,process_memory_mb,7981.07421875,MiB,ok,,process,
0.1,ffbe55b9-da45-4cd6-9d6b-000e22678788,1787665273000,399176,presentmon,app_fps,51.97391429241664,fps,ok,,process,52
0.1,ffbe55b9-da45-4cd6-9d6b-000e22678788,1787665273000,399176,presentmon,frame_time_avg_ms,19.240421153846153,ms,ok,,process,52
0.1,ffbe55b9-da45-4cd6-9d6b-000e22678788,1787665273000,399176,presentmon,frame_time_p95_ms,28.285,ms,ok,,process,52
0.1,ffbe55b9-da45-4cd6-9d6b-000e22678788,1787665273000,399176,presentmon,gpu_busy_median_ms,17.0061,ms,ok,,process,52
0.1,ffbe55b9-da45-4cd6-9d6b-000e22678788,1787665273000,399176,presentmon,gpu_busy_p95_ms,18.429,ms,ok,,process,52
0.1,ffbe55b9-da45-4cd6-9d6b-000e22678788,1787665276747,402923,windows_pdh,process_gpu_pct,,percent,unavailable,OSError: PdhCollectQueryData=0x-7FFFF82B,process,
0.1,ffbe55b9-da45-4cd6-9d6b-000e22678788,1787665277752,403928,psutil,process_cpu_pct_raw,657.3,percent,ok,,process,
0.1,ffbe55b9-da45-4cd6-9d6b-000e22678788,1787665277752,403928,psutil,process_cpu_pct,32.864999999999995,percent,ok,,process,
0.1,ffbe55b9-da45-4cd6-9d6b-000e22678788,1787665277752,403928,psutil,process_memory_mb,7986.98046875,MiB,ok,,process,
0.1,ffbe55b9-da45-4cd6-9d6b-000e22678788,1787665274000,400176,presentmon,app_fps,40.35663969632436,fps,ok,,process,40
0.1,ffbe55b9-da45-4cd6-9d6b-000e22678788,1787665274000,400176,presentmon,frame_time_avg_ms,24.779069999999997,ms,ok,,process,40
0.1,ffbe55b9-da45-4cd6-9d6b-000e22678788,1787665274000,400176,presentmon,frame_time_p95_ms,33.2436,ms,ok,,process,40
0.1,ffbe55b9-da45-4cd6-9d6b-000e22678788,1787665274000,400176,presentmon,gpu_busy_median_ms,17.825499999999998,ms,ok,,process,40
0.1,ffbe55b9-da45-4cd6-9d6b-000e22678788,1787665274000,400176,presentmon,gpu_busy_p95_ms,18.6189,ms,ok,,process,40
0.1,ffbe55b9-da45-4cd6-9d6b-000e22678788,1787665277752,403928,windows_pdh,process_gpu_pct,,percent,unavailable,OSError: PdhCollectQueryData=0x-7FFFF82B,process,
0.1,ffbe55b9-da45-4cd6-9d6b-000e22678788,1787665278758,404934,psutil,process_cpu_pct_raw,717.2,percent,ok,,process,
0.1,ffbe55b9-da45-4cd6-9d6b-000e22678788,1787665278758,404934,psutil,process_cpu_pct,35.86,percent,ok,,process,
0.1,ffbe55b9-da45-4cd6-9d6b-000e22678788,1787665278758,404934,psutil,process_memory_mb,7988.234375,MiB,ok,,process,
0.1,ffbe55b9-da45-4cd6-9d6b-000e22678788,1787665275000,401176,presentmon,app_fps,39.940153673735274,fps,ok,,process,40
0.1,ffbe55b9-da45-4cd6-9d6b-000e22678788,1787665275000,401176,presentmon,frame_time_avg_ms,25.03746,ms,ok,,process,40
0.1,ffbe55b9-da45-4cd6-9d6b-000e22678788,1787665275000,401176,presentmon,frame_time_p95_ms,37.3549,ms,ok,,process,40
0.1,ffbe55b9-da45-4cd6-9d6b-000e22678788,1787665275000,401176,presentmon,gpu_busy_median_ms,18.351,ms,ok,,process,40
0.1,ffbe55b9-da45-4cd6-9d6b-000e22678788,1787665275000,401176,presentmon,gpu_busy_p95_ms,19.7279,ms,ok,,process,40
0.1,ffbe55b9-da45-4cd6-9d6b-000e22678788,1787665276000,402176,presentmon,app_fps,50.07749738197789,fps,ok,,process,51
0.1,ffbe55b9-da45-4cd6-9d6b-000e22678788,1787665276000,402176,presentmon,frame_time_avg_ms,19.969049019607844,ms,ok,,process,51
0.1,ffbe55b9-da45-4cd6-9d6b-000e22678788,1787665276000,402176,presentmon,frame_time_p95_ms,31.1248,ms,ok,,process,51
0.1,ffbe55b9-da45-4cd6-9d6b-000e22678788,1787665276000,402176,presentmon,gpu_busy_median_ms,15.9091,ms,ok,,process,51
0.1,ffbe55b9-da45-4cd6-9d6b-000e22678788,1787665276000,402176,presentmon,gpu_busy_p95_ms,18.4099,ms,ok,,process,51
0.1,ffbe55b9-da45-4cd6-9d6b-000e22678788,1787665278758,404934,windows_pdh,process_gpu_pct,,percent,unavailable,OSError: PdhCollectQueryData=0x-7FFFF82B,process,
0.1,ffbe55b9-da45-4cd6-9d6b-000e22678788,1787665279763,405939,psutil,process_cpu_pct_raw,610.9,percent,ok,,process,
0.1,ffbe55b9-da45-4cd6-9d6b-000e22678788,1787665279763,405939,psutil,process_cpu_pct,30.544999999999998,percent,ok,,process,
0.1,ffbe55b9-da45-4cd6-9d6b-000e22678788,1787665279763,405939,psutil,process_memory_mb,7991.765625,MiB,ok,,process,
0.1,ffbe55b9-da45-4cd6-9d6b-000e22678788,1787665279763,405939,windows_pdh,process_gpu_pct,,percent,unavailable,OSError: PdhCollectQueryData=0x-7FFFF82B,process,
0.1,ffbe55b9-da45-4cd6-9d6b-000e22678788,1787665280753,406929,psutil,process_cpu_pct_raw,634.4,percent,ok,,process,
0.1,ffbe55b9-da45-4cd6-9d6b-000e22678788,1787665280753,406929,psutil,process_cpu_pct,31.72,percent,ok,,process,
0.1,ffbe55b9-da45-4cd6-9d6b-000e22678788,1787665280753,406929,psutil,process_memory_mb,7991.79296875,MiB,ok,,process,
0.1,ffbe55b9-da45-4cd6-9d6b-000e22678788,1787665277000,403176,presentmon,app_fps,36.841587111011684,fps,ok,,process,36
0.1,ffbe55b9-da45-4cd6-9d6b-000e22678788,1787665277000,403176,presentmon,frame_time_avg_ms,27.143238888888888,ms,ok,,process,36
0.1,ffbe55b9-da45-4cd6-9d6b-000e22678788,1787665277000,403176,presentmon,frame_time_p95_ms,41.9584,ms,ok,,process,36
0.1,ffbe55b9-da45-4cd6-9d6b-000e22678788,1787665277000,403176,presentmon,gpu_busy_median_ms,18.404600000000002,ms,ok,,process,36
0.1,ffbe55b9-da45-4cd6-9d6b-000e22678788,1787665277000,403176,presentmon,gpu_busy_p95_ms,20.7331,ms,ok,,process,36
0.1,ffbe55b9-da45-4cd6-9d6b-000e22678788,1787665280753,406929,windows_pdh,process_gpu_pct,,percent,unavailable,OSError: PdhCollectQueryData=0x-7FFFF82B,process,
0.1,ffbe55b9-da45-4cd6-9d6b-000e22678788,1787665280753,406929,nvidia-smi,device_gpu_util_pct,67.0,percent,ok,,device,
0.1,ffbe55b9-da45-4cd6-9d6b-000e22678788,1787665280753,406929,nvidia-smi,device_vram_used_mb,5070.0,MiB,ok,,device,
0.1,ffbe55b9-da45-4cd6-9d6b-000e22678788,1787665280753,406929,nvidia-smi,device_gpu_temperature_c,61.0,celsius,ok,,device,
0.1,ffbe55b9-da45-4cd6-9d6b-000e22678788,1787665280753,406929,nvidia-smi,device_gpu_power_w,133.05,watt,ok,,device,
0.1,ffbe55b9-da45-4cd6-9d6b-000e22678788,1787665280753,406929,nvidia-smi,device_gpu_clock_mhz,1965.0,MHz,ok,,device,
0.1,ffbe55b9-da45-4cd6-9d6b-000e22678788,1787665281759,407935,psutil,process_cpu_pct_raw,623.4,percent,ok,,process,
0.1,ffbe55b9-da45-4cd6-9d6b-000e22678788,1787665281759,407935,psutil,process_cpu_pct,31.169999999999998,percent,ok,,process,
0.1,ffbe55b9-da45-4cd6-9d6b-000e22678788,1787665281759,407935,psutil,process_memory_mb,7994.0546875,MiB,ok,,process,
0.1,ffbe55b9-da45-4cd6-9d6b-000e22678788,1787665278000,404176,presentmon,app_fps,38.88733948876709,fps,ok,,process,39
0.1,ffbe55b9-da45-4cd6-9d6b-000e22678788,1787665278000,404176,presentmon,frame_time_avg_ms,25.715310256410255,ms,ok,,process,39
0.1,ffbe55b9-da45-4cd6-9d6b-000e22678788,1787665278000,404176,presentmon,frame_time_p95_ms,36.3535,ms,ok,,process,39
0.1,ffbe55b9-da45-4cd6-9d6b-000e22678788,1787665278000,404176,presentmon,gpu_busy_median_ms,18.3625,ms,ok,,process,39
0.1,ffbe55b9-da45-4cd6-9d6b-000e22678788,1787665278000,404176,presentmon,gpu_busy_p95_ms,20.5898,ms,ok,,process,39
0.1,ffbe55b9-da45-4cd6-9d6b-000e22678788,1787665281759,407935,windows_pdh,process_gpu_pct,,percent,unavailable,OSError: PdhCollectQueryData=0x-7FFFF82B,process,
0.1,ffbe55b9-da45-4cd6-9d6b-000e22678788,1787665282749,408925,psutil,process_cpu_pct_raw,585.3,percent,ok,,process,
0.1,ffbe55b9-da45-4cd6-9d6b-000e22678788,1787665282749,408925,psutil,process_cpu_pct,29.264999999999997,percent,ok,,process,
0.1,ffbe55b9-da45-4cd6-9d6b-000e22678788,1787665282749,408925,psutil,process_memory_mb,7996.28515625,MiB,ok,,process,
0.1,ffbe55b9-da45-4cd6-9d6b-000e22678788,1787665279000,405176,presentmon,app_fps,39.4100357064776,fps,ok,,process,40
0.1,ffbe55b9-da45-4cd6-9d6b-000e22678788,1787665279000,405176,presentmon,frame_time_avg_ms,25.374247500000003,ms,ok,,process,40
0.1,ffbe55b9-da45-4cd6-9d6b-000e22678788,1787665279000,405176,presentmon,frame_time_p95_ms,41.0055,ms,ok,,process,40
0.1,ffbe55b9-da45-4cd6-9d6b-000e22678788,1787665279000,405176,presentmon,gpu_busy_median_ms,18.402900000000002,ms,ok,,process,40
0.1,ffbe55b9-da45-4cd6-9d6b-000e22678788,1787665279000,405176,presentmon,gpu_busy_p95_ms,20.2254,ms,ok,,process,40
0.1,ffbe55b9-da45-4cd6-9d6b-000e22678788,1787665282749,408925,windows_pdh,process_gpu_pct,,percent,unavailable,OSError: PdhCollectQueryData=0x-7FFFF82B,process,
0.1,ffbe55b9-da45-4cd6-9d6b-000e22678788,1787665283754,409930,psutil,process_cpu_pct_raw,668.1,percent,ok,,process,
0.1,ffbe55b9-da45-4cd6-9d6b-000e22678788,1787665283754,409930,psutil,process_cpu_pct,33.405,percent,ok,,process,
0.1,ffbe55b9-da45-4cd6-9d6b-000e22678788,1787665283754,409930,psutil,process_memory_mb,8001.78125,MiB,ok,,process,
0.1,ffbe55b9-da45-4cd6-9d6b-000e22678788,1787665280000,406176,presentmon,app_fps,50.822036272297154,fps,ok,,process,50
0.1,ffbe55b9-da45-4cd6-9d6b-000e22678788,1787665280000,406176,presentmon,frame_time_avg_ms,19.676504,ms,ok,,process,50
0.1,ffbe55b9-da45-4cd6-9d6b-000e22678788,1787665280000,406176,presentmon,frame_time_p95_ms,28.856,ms,ok,,process,50
0.1,ffbe55b9-da45-4cd6-9d6b-000e22678788,1787665280000,406176,presentmon,gpu_busy_median_ms,18.5177,ms,ok,,process,50
0.1,ffbe55b9-da45-4cd6-9d6b-000e22678788,1787665280000,406176,presentmon,gpu_busy_p95_ms,19.6782,ms,ok,,process,50
0.1,ffbe55b9-da45-4cd6-9d6b-000e22678788,1787665283754,409930,windows_pdh,process_gpu_pct,,percent,unavailable,OSError: PdhCollectQueryData=0x-7FFFF82B,process,
0.1,ffbe55b9-da45-4cd6-9d6b-000e22678788,1787665284745,410921,psutil,process_cpu_pct_raw,591.7,percent,ok,,process,
0.1,ffbe55b9-da45-4cd6-9d6b-000e22678788,1787665284745,410921,psutil,process_cpu_pct,29.585,percent,ok,,process,
0.1,ffbe55b9-da45-4cd6-9d6b-000e22678788,1787665284745,410921,psutil,process_memory_mb,7996.13671875,MiB,ok,,process,
0.1,ffbe55b9-da45-4cd6-9d6b-000e22678788,1787665281000,407176,presentmon,app_fps,42.229436752821755,fps,ok,,process,42
0.1,ffbe55b9-da45-4cd6-9d6b-000e22678788,1787665281000,407176,presentmon,frame_time_avg_ms,23.680164285714287,ms,ok,,process,42
0.1,ffbe55b9-da45-4cd6-9d6b-000e22678788,1787665281000,407176,presentmon,frame_time_p95_ms,31.1776,ms,ok,,process,42
0.1,ffbe55b9-da45-4cd6-9d6b-000e22678788,1787665281000,407176,presentmon,gpu_busy_median_ms,19.999650000000003,ms,ok,,process,42
0.1,ffbe55b9-da45-4cd6-9d6b-000e22678788,1787665281000,407176,presentmon,gpu_busy_p95_ms,20.8652,ms,ok,,process,42
0.1,ffbe55b9-da45-4cd6-9d6b-000e22678788,1787665284745,410921,windows_pdh,process_gpu_pct,,percent,unavailable,OSError: PdhCollectQueryData=0x-7FFFF82B,process,
0.1,ffbe55b9-da45-4cd6-9d6b-000e22678788,1787665285750,411926,psutil,process_cpu_pct_raw,570.3,percent,ok,,process,
0.1,ffbe55b9-da45-4cd6-9d6b-000e22678788,1787665285750,411926,psutil,process_cpu_pct,28.514999999999997,percent,ok,,process,
0.1,ffbe55b9-da45-4cd6-9d6b-000e22678788,1787665285750,411926,psutil,process_memory_mb,7995.1484375,MiB,ok,,process,
0.1,ffbe55b9-da45-4cd6-9d6b-000e22678788,1787665282000,408176,presentmon,app_fps,38.488845044501986,fps,ok,,process,39
0.1,ffbe55b9-da45-4cd6-9d6b-000e22678788,1787665282000,408176,presentmon,frame_time_avg_ms,25.981553846153847,ms,ok,,process,39
0.1,ffbe55b9-da45-4cd6-9d6b-000e22678788,1787665282000,408176,presentmon,frame_time_p95_ms,40.839,ms,ok,,process,39
0.1,ffbe55b9-da45-4cd6-9d6b-000e22678788,1787665282000,408176,presentmon,gpu_busy_median_ms,18.4934,ms,ok,,process,39
0.1,ffbe55b9-da45-4cd6-9d6b-000e22678788,1787665282000,408176,presentmon,gpu_busy_p95_ms,19.9465,ms,ok,,process,39
0.1,ffbe55b9-da45-4cd6-9d6b-000e22678788,1787665285750,411926,windows_pdh,process_gpu_pct,,percent,unavailable,OSError: PdhCollectQueryData=0x-7FFFF82B,process,
0.1,ffbe55b9-da45-4cd6-9d6b-000e22678788,1787665286740,412916,psutil,process_cpu_pct_raw,557.8,percent,ok,,process,
0.1,ffbe55b9-da45-4cd6-9d6b-000e22678788,1787665286740,412916,psutil,process_cpu_pct,27.889999999999997,percent,ok,,process,
0.1,ffbe55b9-da45-4cd6-9d6b-000e22678788,1787665286740,412916,psutil,process_memory_mb,7994.078125,MiB,ok,,process,
0.1,ffbe55b9-da45-4cd6-9d6b-000e22678788,1787665283000,409176,presentmon,app_fps,51.750634393113344,fps,ok,,process,52
0.1,ffbe55b9-da45-4cd6-9d6b-000e22678788,1787665283000,409176,presentmon,frame_time_avg_ms,19.323434615384613,ms,ok,,process,52
0.1,ffbe55b9-da45-4cd6-9d6b-000e22678788,1787665283000,409176,presentmon,frame_time_p95_ms,25.5308,ms,ok,,process,52
0.1,ffbe55b9-da45-4cd6-9d6b-000e22678788,1787665283000,409176,presentmon,gpu_busy_median_ms,17.59915,ms,ok,,process,52
0.1,ffbe55b9-da45-4cd6-9d6b-000e22678788,1787665283000,409176,presentmon,gpu_busy_p95_ms,19.0916,ms,ok,,process,52
0.1,ffbe55b9-da45-4cd6-9d6b-000e22678788,1787665286740,412916,windows_pdh,process_gpu_pct,,percent,unavailable,OSError: PdhCollectQueryData=0x-7FFFF82B,process,
0.1,ffbe55b9-da45-4cd6-9d6b-000e22678788,1787665286740,412916,nvidia-smi,device_gpu_util_pct,70.0,percent,ok,,device,
0.1,ffbe55b9-da45-4cd6-9d6b-000e22678788,1787665286740,412916,nvidia-smi,device_vram_used_mb,5054.0,MiB,ok,,device,
0.1,ffbe55b9-da45-4cd6-9d6b-000e22678788,1787665286740,412916,nvidia-smi,device_gpu_temperature_c,62.0,celsius,ok,,device,
0.1,ffbe55b9-da45-4cd6-9d6b-000e22678788,1787665286740,412916,nvidia-smi,device_gpu_power_w,105.77,watt,ok,,device,
0.1,ffbe55b9-da45-4cd6-9d6b-000e22678788,1787665286740,412916,nvidia-smi,device_gpu_clock_mhz,1965.0,MHz,ok,,device,
0.1,ffbe55b9-da45-4cd6-9d6b-000e22678788,1787665287746,413922,psutil,process_cpu_pct_raw,675.0,percent,ok,,process,
0.1,ffbe55b9-da45-4cd6-9d6b-000e22678788,1787665287746,413922,psutil,process_cpu_pct,33.75,percent,ok,,process,
0.1,ffbe55b9-da45-4cd6-9d6b-000e22678788,1787665287746,413922,psutil,process_memory_mb,7994.83984375,MiB,ok,,process,
0.1,ffbe55b9-da45-4cd6-9d6b-000e22678788,1787665284000,410176,presentmon,app_fps,44.02306808767794,fps,ok,,process,44
0.1,ffbe55b9-da45-4cd6-9d6b-000e22678788,1787665284000,410176,presentmon,frame_time_avg_ms,22.715363636363637,ms,ok,,process,44
0.1,ffbe55b9-da45-4cd6-9d6b-000e22678788,1787665284000,410176,presentmon,frame_time_p95_ms,34.133,ms,ok,,process,44
0.1,ffbe55b9-da45-4cd6-9d6b-000e22678788,1787665284000,410176,presentmon,gpu_busy_median_ms,17.4043,ms,ok,,process,44
0.1,ffbe55b9-da45-4cd6-9d6b-000e22678788,1787665284000,410176,presentmon,gpu_busy_p95_ms,19.1097,ms,ok,,process,44
0.1,ffbe55b9-da45-4cd6-9d6b-000e22678788,1787665287746,413922,windows_pdh,process_gpu_pct,,percent,unavailable,OSError: PdhCollectQueryData=0x-7FFFF82B,process,
0.1,ffbe55b9-da45-4cd6-9d6b-000e22678788,1787665288751,414927,psutil,process_cpu_pct_raw,621.9,percent,ok,,process,
0.1,ffbe55b9-da45-4cd6-9d6b-000e22678788,1787665288751,414927,psutil,process_cpu_pct,31.095,percent,ok,,process,
0.1,ffbe55b9-da45-4cd6-9d6b-000e22678788,1787665288751,414927,psutil,process_memory_mb,7991.99609375,MiB,ok,,process,
0.1,ffbe55b9-da45-4cd6-9d6b-000e22678788,1787665285000,411176,presentmon,app_fps,39.51740533985526,fps,ok,,process,39
0.1,ffbe55b9-da45-4cd6-9d6b-000e22678788,1787665285000,411176,presentmon,frame_time_avg_ms,25.305305128205127,ms,ok,,process,39
0.1,ffbe55b9-da45-4cd6-9d6b-000e22678788,1787665285000,411176,presentmon,frame_time_p95_ms,37.2626,ms,ok,,process,39
0.1,ffbe55b9-da45-4cd6-9d6b-000e22678788,1787665285000,411176,presentmon,gpu_busy_median_ms,17.2264,ms,ok,,process,39
0.1,ffbe55b9-da45-4cd6-9d6b-000e22678788,1787665285000,411176,presentmon,gpu_busy_p95_ms,18.5847,ms,ok,,process,39
0.1,ffbe55b9-da45-4cd6-9d6b-000e22678788,1787665288751,414927,windows_pdh,process_gpu_pct,,percent,unavailable,OSError: PdhCollectQueryData=0x-7FFFF82B,process,
0.1,ffbe55b9-da45-4cd6-9d6b-000e22678788,1787665289757,415933,psutil,process_cpu_pct_raw,626.6,percent,ok,,process,
0.1,ffbe55b9-da45-4cd6-9d6b-000e22678788,1787665289757,415933,psutil,process_cpu_pct,31.330000000000002,percent,ok,,process,
0.1,ffbe55b9-da45-4cd6-9d6b-000e22678788,1787665289757,415933,psutil,process_memory_mb,7992.91015625,MiB,ok,,process,
0.1,ffbe55b9-da45-4cd6-9d6b-000e22678788,1787665286000,412176,presentmon,app_fps,54.12944515514401,fps,ok,,process,54
0.1,ffbe55b9-da45-4cd6-9d6b-000e22678788,1787665286000,412176,presentmon,frame_time_avg_ms,18.474233333333334,ms,ok,,process,54
0.1,ffbe55b9-da45-4cd6-9d6b-000e22678788,1787665286000,412176,presentmon,frame_time_p95_ms,25.9199,ms,ok,,process,54
0.1,ffbe55b9-da45-4cd6-9d6b-000e22678788,1787665286000,412176,presentmon,gpu_busy_median_ms,17.426949999999998,ms,ok,,process,54
0.1,ffbe55b9-da45-4cd6-9d6b-000e22678788,1787665286000,412176,presentmon,gpu_busy_p95_ms,18.0838,ms,ok,,process,54
0.1,ffbe55b9-da45-4cd6-9d6b-000e22678788,1787665289757,415933,windows_pdh,process_gpu_pct,,percent,unavailable,OSError: PdhCollectQueryData=0x-7FFFF82B,process,
0.1,ffbe55b9-da45-4cd6-9d6b-000e22678788,1787665290747,416923,psutil,process_cpu_pct_raw,772.5,percent,ok,,process,
0.1,ffbe55b9-da45-4cd6-9d6b-000e22678788,1787665290747,416923,psutil,process_cpu_pct,38.625,percent,ok,,process,
0.1,ffbe55b9-da45-4cd6-9d6b-000e22678788,1787665290747,416923,psutil,process_memory_mb,7988.07421875,MiB,ok,,process,
0.1,ffbe55b9-da45-4cd6-9d6b-000e22678788,1787665287000,413176,presentmon,app_fps,41.39000650118745,fps,ok,,process,42
0.1,ffbe55b9-da45-4cd6-9d6b-000e22678788,1787665287000,413176,presentmon,frame_time_avg_ms,24.16042142857143,ms,ok,,process,42
0.1,ffbe55b9-da45-4cd6-9d6b-000e22678788,1787665287000,413176,presentmon,frame_time_p95_ms,31.3891,ms,ok,,process,42
0.1,ffbe55b9-da45-4cd6-9d6b-000e22678788,1787665287000,413176,presentmon,gpu_busy_median_ms,17.84665,ms,ok,,process,42
0.1,ffbe55b9-da45-4cd6-9d6b-000e22678788,1787665287000,413176,presentmon,gpu_busy_p95_ms,19.1649,ms,ok,,process,42
0.1,ffbe55b9-da45-4cd6-9d6b-000e22678788,1787665290747,416923,windows_pdh,process_gpu_pct,,percent,unavailable,OSError: PdhCollectQueryData=0x-7FFFF82B,process,
0.1,ffbe55b9-da45-4cd6-9d6b-000e22678788,1787665291753,417929,psutil,process_cpu_pct_raw,661.9,percent,ok,,process,
0.1,ffbe55b9-da45-4cd6-9d6b-000e22678788,1787665291753,417929,psutil,process_cpu_pct,33.095,percent,ok,,process,
0.1,ffbe55b9-da45-4cd6-9d6b-000e22678788,1787665291753,417929,psutil,process_memory_mb,7987.09765625,MiB,ok,,process,
0.1,ffbe55b9-da45-4cd6-9d6b-000e22678788,1787665288000,414176,presentmon,app_fps,41.59551466434652,fps,ok,,process,41
0.1,ffbe55b9-da45-4cd6-9d6b-000e22678788,1787665288000,414176,presentmon,frame_time_avg_ms,24.041053658536587,ms,ok,,process,41
0.1,ffbe55b9-da45-4cd6-9d6b-000e22678788,1787665288000,414176,presentmon,frame_time_p95_ms,36.3651,ms,ok,,process,41
0.1,ffbe55b9-da45-4cd6-9d6b-000e22678788,1787665288000,414176,presentmon,gpu_busy_median_ms,17.9026,ms,ok,,process,41
0.1,ffbe55b9-da45-4cd6-9d6b-000e22678788,1787665288000,414176,presentmon,gpu_busy_p95_ms,18.701,ms,ok,,process,41
0.1,ffbe55b9-da45-4cd6-9d6b-000e22678788,1787665291753,417929,windows_pdh,process_gpu_pct,,percent,unavailable,OSError: PdhCollectQueryData=0x-7FFFF82B,process,
0.1,ffbe55b9-da45-4cd6-9d6b-000e22678788,1787665291753,417929,nvidia-smi,device_gpu_util_pct,78.0,percent,ok,,device,
0.1,ffbe55b9-da45-4cd6-9d6b-000e22678788,1787665291753,417929,nvidia-smi,device_vram_used_mb,5054.0,MiB,ok,,device,
0.1,ffbe55b9-da45-4cd6-9d6b-000e22678788,1787665291753,417929,nvidia-smi,device_gpu_temperature_c,63.0,celsius,ok,,device,
0.1,ffbe55b9-da45-4cd6-9d6b-000e22678788,1787665291753,417929,nvidia-smi,device_gpu_power_w,124.26,watt,ok,,device,
0.1,ffbe55b9-da45-4cd6-9d6b-000e22678788,1787665291753,417929,nvidia-smi,device_gpu_clock_mhz,1965.0,MHz,ok,,device,
0.1,ffbe55b9-da45-4cd6-9d6b-000e22678788,1787665292758,418934,psutil,process_cpu_pct_raw,578.1,percent,ok,,process,
0.1,ffbe55b9-da45-4cd6-9d6b-000e22678788,1787665292758,418934,psutil,process_cpu_pct,28.905,percent,ok,,process,
0.1,ffbe55b9-da45-4cd6-9d6b-000e22678788,1787665292758,418934,psutil,process_memory_mb,7980.859375,MiB,ok,,process,
0.1,ffbe55b9-da45-4cd6-9d6b-000e22678788,1787665289000,415176,presentmon,app_fps,55.034821317659414,fps,ok,,process,56
0.1,ffbe55b9-da45-4cd6-9d6b-000e22678788,1787665289000,415176,presentmon,frame_time_avg_ms,18.170314285714287,ms,ok,,process,56
0.1,ffbe55b9-da45-4cd6-9d6b-000e22678788,1787665289000,415176,presentmon,frame_time_p95_ms,23.4694,ms,ok,,process,56
0.1,ffbe55b9-da45-4cd6-9d6b-000e22678788,1787665289000,415176,presentmon,gpu_busy_median_ms,17.30955,ms,ok,,process,56
0.1,ffbe55b9-da45-4cd6-9d6b-000e22678788,1787665289000,415176,presentmon,gpu_busy_p95_ms,17.8898,ms,ok,,process,56
0.1,ffbe55b9-da45-4cd6-9d6b-000e22678788,1787665292758,418934,windows_pdh,process_gpu_pct,,percent,unavailable,OSError: PdhCollectQueryData=0x-7FFFF82B,process,
0.1,ffbe55b9-da45-4cd6-9d6b-000e22678788,1787665293748,419924,psutil,process_cpu_pct_raw,656.7,percent,ok,,process,
0.1,ffbe55b9-da45-4cd6-9d6b-000e22678788,1787665293748,419924,psutil,process_cpu_pct,32.835,percent,ok,,process,
0.1,ffbe55b9-da45-4cd6-9d6b-000e22678788,1787665293748,419924,psutil,process_memory_mb,7989.12890625,MiB,ok,,process,
0.1,ffbe55b9-da45-4cd6-9d6b-000e22678788,1787665290000,416176,presentmon,app_fps,39.17317677990862,fps,ok,,process,39
0.1,ffbe55b9-da45-4cd6-9d6b-000e22678788,1787665290000,416176,presentmon,frame_time_avg_ms,25.527671794871797,ms,ok,,process,39
0.1,ffbe55b9-da45-4cd6-9d6b-000e22678788,1787665290000,416176,presentmon,frame_time_p95_ms,39.2862,ms,ok,,process,39
0.1,ffbe55b9-da45-4cd6-9d6b-000e22678788,1787665290000,416176,presentmon,gpu_busy_median_ms,18.0078,ms,ok,,process,39
0.1,ffbe55b9-da45-4cd6-9d6b-000e22678788,1787665290000,416176,presentmon,gpu_busy_p95_ms,19.1131,ms,ok,,process,39
0.1,ffbe55b9-da45-4cd6-9d6b-000e22678788,1787665293748,419924,windows_pdh,process_gpu_pct,,percent,unavailable,OSError: PdhCollectQueryData=0x-7FFFF82B,process,
0.1,ffbe55b9-da45-4cd6-9d6b-000e22678788,1787665294753,420929,psutil,process_cpu_pct_raw,552.6,percent,ok,,process,
0.1,ffbe55b9-da45-4cd6-9d6b-000e22678788,1787665294753,420929,psutil,process_cpu_pct,27.630000000000003,percent,ok,,process,
0.1,ffbe55b9-da45-4cd6-9d6b-000e22678788,1787665294753,420929,psutil,process_memory_mb,7989.23046875,MiB,ok,,process,
0.1,ffbe55b9-da45-4cd6-9d6b-000e22678788,1787665291000,417176,presentmon,app_fps,37.45982686675479,fps,ok,,process,37
0.1,ffbe55b9-da45-4cd6-9d6b-000e22678788,1787665291000,417176,presentmon,frame_time_avg_ms,26.695264864864864,ms,ok,,process,37
0.1,ffbe55b9-da45-4cd6-9d6b-000e22678788,1787665291000,417176,presentmon,frame_time_p95_ms,42.084,ms,ok,,process,37
0.1,ffbe55b9-da45-4cd6-9d6b-000e22678788,1787665291000,417176,presentmon,gpu_busy_median_ms,18.3238,ms,ok,,process,37
0.1,ffbe55b9-da45-4cd6-9d6b-000e22678788,1787665291000,417176,presentmon,gpu_busy_p95_ms,21.2224,ms,ok,,process,37
0.1,ffbe55b9-da45-4cd6-9d6b-000e22678788,1787665294753,420929,windows_pdh,process_gpu_pct,,percent,unavailable,OSError: PdhCollectQueryData=0x-7FFFF82B,process,
0.1,ffbe55b9-da45-4cd6-9d6b-000e22678788,1787665295759,421935,psutil,process_cpu_pct_raw,625.0,percent,ok,,process,
0.1,ffbe55b9-da45-4cd6-9d6b-000e22678788,1787665295759,421935,psutil,process_cpu_pct,31.25,percent,ok,,process,
0.1,ffbe55b9-da45-4cd6-9d6b-000e22678788,1787665295759,421935,psutil,process_memory_mb,7992.76953125,MiB,ok,,process,
0.1,ffbe55b9-da45-4cd6-9d6b-000e22678788,1787665292000,418176,presentmon,app_fps,49.775631364063344,fps,ok,,process,50
0.1,ffbe55b9-da45-4cd6-9d6b-000e22678788,1787665292000,418176,presentmon,frame_time_avg_ms,20.090152,ms,ok,,process,50
0.1,ffbe55b9-da45-4cd6-9d6b-000e22678788,1787665292000,418176,presentmon,frame_time_p95_ms,25.978,ms,ok,,process,50
0.1,ffbe55b9-da45-4cd6-9d6b-000e22678788,1787665292000,418176,presentmon,gpu_busy_median_ms,17.650550000000003,ms,ok,,process,50
0.1,ffbe55b9-da45-4cd6-9d6b-000e22678788,1787665292000,418176,presentmon,gpu_busy_p95_ms,20.4669,ms,ok,,process,50
0.1,ffbe55b9-da45-4cd6-9d6b-000e22678788,1787665295759,421935,windows_pdh,process_gpu_pct,,percent,unavailable,OSError: PdhCollectQueryData=0x-7FFFF82B,process,
0.1,ffbe55b9-da45-4cd6-9d6b-000e22678788,1787665296749,422925,psutil,process_cpu_pct_raw,724.9,percent,ok,,process,
0.1,ffbe55b9-da45-4cd6-9d6b-000e22678788,1787665296749,422925,psutil,process_cpu_pct,36.245,percent,ok,,process,
0.1,ffbe55b9-da45-4cd6-9d6b-000e22678788,1787665296749,422925,psutil,process_memory_mb,7990.6328125,MiB,ok,,process,
0.1,ffbe55b9-da45-4cd6-9d6b-000e22678788,1787665293000,419176,presentmon,app_fps,39.4574949560991,fps,ok,,process,40
0.1,ffbe55b9-da45-4cd6-9d6b-000e22678788,1787665293000,419176,presentmon,frame_time_avg_ms,25.3437275,ms,ok,,process,40
0.1,ffbe55b9-da45-4cd6-9d6b-000e22678788,1787665293000,419176,presentmon,frame_time_p95_ms,34.1659,ms,ok,,process,40
0.1,ffbe55b9-da45-4cd6-9d6b-000e22678788,1787665293000,419176,presentmon,gpu_busy_median_ms,17.83495,ms,ok,,process,40
0.1,ffbe55b9-da45-4cd6-9d6b-000e22678788,1787665293000,419176,presentmon,gpu_busy_p95_ms,18.9182,ms,ok,,process,40
0.1,ffbe55b9-da45-4cd6-9d6b-000e22678788,1787665296749,422925,windows_pdh,process_gpu_pct,,percent,unavailable,OSError: PdhCollectQueryData=0x-7FFFF82B,process,
0.1,ffbe55b9-da45-4cd6-9d6b-000e22678788,1787665297755,423931,psutil,process_cpu_pct_raw,574.2,percent,ok,,process,
0.1,ffbe55b9-da45-4cd6-9d6b-000e22678788,1787665297755,423931,psutil,process_cpu_pct,28.71,percent,ok,,process,
0.1,ffbe55b9-da45-4cd6-9d6b-000e22678788,1787665297755,423931,psutil,process_memory_mb,7990.48046875,MiB,ok,,process,
0.1,ffbe55b9-da45-4cd6-9d6b-000e22678788,1787665294000,420176,presentmon,app_fps,40.07476749371302,fps,ok,,process,40
0.1,ffbe55b9-da45-4cd6-9d6b-000e22678788,1787665294000,420176,presentmon,frame_time_avg_ms,24.953357500000003,ms,ok,,process,40
0.1,ffbe55b9-da45-4cd6-9d6b-000e22678788,1787665294000,420176,presentmon,frame_time_p95_ms,33.9029,ms,ok,,process,40
0.1,ffbe55b9-da45-4cd6-9d6b-000e22678788,1787665294000,420176,presentmon,gpu_busy_median_ms,17.5771,ms,ok,,process,40
0.1,ffbe55b9-da45-4cd6-9d6b-000e22678788,1787665294000,420176,presentmon,gpu_busy_p95_ms,20.0905,ms,ok,,process,40
0.1,ffbe55b9-da45-4cd6-9d6b-000e22678788,1787665297755,423931,windows_pdh,process_gpu_pct,,percent,unavailable,OSError: PdhCollectQueryData=0x-7FFFF82B,process,
0.1,ffbe55b9-da45-4cd6-9d6b-000e22678788,1787665297755,423931,nvidia-smi,device_gpu_util_pct,73.0,percent,ok,,device,
0.1,ffbe55b9-da45-4cd6-9d6b-000e22678788,1787665297755,423931,nvidia-smi,device_vram_used_mb,5053.0,MiB,ok,,device,
0.1,ffbe55b9-da45-4cd6-9d6b-000e22678788,1787665297755,423931,nvidia-smi,device_gpu_temperature_c,61.0,celsius,ok,,device,
0.1,ffbe55b9-da45-4cd6-9d6b-000e22678788,1787665297755,423931,nvidia-smi,device_gpu_power_w,107.3,watt,ok,,device,
0.1,ffbe55b9-da45-4cd6-9d6b-000e22678788,1787665297755,423931,nvidia-smi,device_gpu_clock_mhz,1965.0,MHz,ok,,device,
0.1,ffbe55b9-da45-4cd6-9d6b-000e22678788,1787665298760,424936,psutil,process_cpu_pct_raw,603.1,percent,ok,,process,
0.1,ffbe55b9-da45-4cd6-9d6b-000e22678788,1787665298760,424936,psutil,process_cpu_pct,30.155,percent,ok,,process,
0.1,ffbe55b9-da45-4cd6-9d6b-000e22678788,1787665298760,424936,psutil,process_memory_mb,7989.046875,MiB,ok,,process,
0.1,ffbe55b9-da45-4cd6-9d6b-000e22678788,1787665295000,421176,presentmon,app_fps,54.935876606696354,fps,ok,,process,54
0.1,ffbe55b9-da45-4cd6-9d6b-000e22678788,1787665295000,421176,presentmon,frame_time_avg_ms,18.20304074074074,ms,ok,,process,54
0.1,ffbe55b9-da45-4cd6-9d6b-000e22678788,1787665295000,421176,presentmon,frame_time_p95_ms,24.2389,ms,ok,,process,54
0.1,ffbe55b9-da45-4cd6-9d6b-000e22678788,1787665295000,421176,presentmon,gpu_busy_median_ms,17.3024,ms,ok,,process,54
0.1,ffbe55b9-da45-4cd6-9d6b-000e22678788,1787665295000,421176,presentmon,gpu_busy_p95_ms,18.1745,ms,ok,,process,54
0.1,ffbe55b9-da45-4cd6-9d6b-000e22678788,1787665298760,424936,windows_pdh,process_gpu_pct,,percent,unavailable,OSError: PdhCollectQueryData=0x-7FFFF82B,process,
0.1,ffbe55b9-da45-4cd6-9d6b-000e22678788,1787665299750,425926,psutil,process_cpu_pct_raw,578.1,percent,ok,,process,
0.1,ffbe55b9-da45-4cd6-9d6b-000e22678788,1787665299750,425926,psutil,process_cpu_pct,28.905,percent,ok,,process,
0.1,ffbe55b9-da45-4cd6-9d6b-000e22678788,1787665299750,425926,psutil,process_memory_mb,7939.859375,MiB,ok,,process,
0.1,ffbe55b9-da45-4cd6-9d6b-000e22678788,1787665296000,422176,presentmon,app_fps,34.68057456794197,fps,ok,,process,35
0.1,ffbe55b9-da45-4cd6-9d6b-000e22678788,1787665296000,422176,presentmon,frame_time_avg_ms,28.834585714285716,ms,ok,,process,35
0.1,ffbe55b9-da45-4cd6-9d6b-000e22678788,1787665296000,422176,presentmon,frame_time_p95_ms,38.4646,ms,ok,,process,35
0.1,ffbe55b9-da45-4cd6-9d6b-000e22678788,1787665296000,422176,presentmon,gpu_busy_median_ms,18.1362,ms,ok,,process,35
0.1,ffbe55b9-da45-4cd6-9d6b-000e22678788,1787665296000,422176,presentmon,gpu_busy_p95_ms,18.9101,ms,ok,,process,35
0.1,ffbe55b9-da45-4cd6-9d6b-000e22678788,1787665299750,425926,windows_pdh,process_gpu_pct,,percent,unavailable,OSError: PdhCollectQueryData=0x-7FFFF82B,process,
0.1,ffbe55b9-da45-4cd6-9d6b-000e22678788,1787665300756,426932,psutil,process_cpu_pct_raw,601.6,percent,ok,,process,
0.1,ffbe55b9-da45-4cd6-9d6b-000e22678788,1787665300756,426932,psutil,process_cpu_pct,30.080000000000002,percent,ok,,process,
0.1,ffbe55b9-da45-4cd6-9d6b-000e22678788,1787665300756,426932,psutil,process_memory_mb,7940.66796875,MiB,ok,,process,
0.1,ffbe55b9-da45-4cd6-9d6b-000e22678788,1787665297000,423176,presentmon,app_fps,40.14919843630917,fps,ok,,process,40
0.1,ffbe55b9-da45-4cd6-9d6b-000e22678788,1787665297000,423176,presentmon,frame_time_avg_ms,24.9070975,ms,ok,,process,40
0.1,ffbe55b9-da45-4cd6-9d6b-000e22678788,1787665297000,423176,presentmon,frame_time_p95_ms,36.2543,ms,ok,,process,40
0.1,ffbe55b9-da45-4cd6-9d6b-000e22678788,1787665297000,423176,presentmon,gpu_busy_median_ms,17.9809,ms,ok,,process,40
0.1,ffbe55b9-da45-4cd6-9d6b-000e22678788,1787665297000,423176,presentmon,gpu_busy_p95_ms,18.557,ms,ok,,process,40
0.1,ffbe55b9-da45-4cd6-9d6b-000e22678788,1787665300756,426932,windows_pdh,process_gpu_pct,,percent,unavailable,OSError: PdhCollectQueryData=0x-7FFFF82B,process,
0.1,ffbe55b9-da45-4cd6-9d6b-000e22678788,1787665301746,427922,psutil,process_cpu_pct_raw,620.2,percent,ok,,process,
0.1,ffbe55b9-da45-4cd6-9d6b-000e22678788,1787665301746,427922,psutil,process_cpu_pct,31.01,percent,ok,,process,
0.1,ffbe55b9-da45-4cd6-9d6b-000e22678788,1787665301746,427922,psutil,process_memory_mb,7955.1796875,MiB,ok,,process,
0.1,ffbe55b9-da45-4cd6-9d6b-000e22678788,1787665298000,424176,presentmon,app_fps,46.643897167077945,fps,ok,,process,47
0.1,ffbe55b9-da45-4cd6-9d6b-000e22678788,1787665298000,424176,presentmon,frame_time_avg_ms,21.43903191489362,ms,ok,,process,47
0.1,ffbe55b9-da45-4cd6-9d6b-000e22678788,1787665298000,424176,presentmon,frame_time_p95_ms,31.7508,ms,ok,,process,47
0.1,ffbe55b9-da45-4cd6-9d6b-000e22678788,1787665298000,424176,presentmon,gpu_busy_median_ms,17.6227,ms,ok,,process,47
0.1,ffbe55b9-da45-4cd6-9d6b-000e22678788,1787665298000,424176,presentmon,gpu_busy_p95_ms,18.506,ms,ok,,process,47
0.1,ffbe55b9-da45-4cd6-9d6b-000e22678788,1787665301746,427922,windows_pdh,process_gpu_pct,,percent,unavailable,OSError: PdhCollectQueryData=0x-7FFFF82B,process,
0.1,ffbe55b9-da45-4cd6-9d6b-000e22678788,1787665302751,428927,psutil,process_cpu_pct_raw,586.5,percent,ok,,process,
0.1,ffbe55b9-da45-4cd6-9d6b-000e22678788,1787665302751,428927,psutil,process_cpu_pct,29.325,percent,ok,,process,
0.1,ffbe55b9-da45-4cd6-9d6b-000e22678788,1787665302751,428927,psutil,process_memory_mb,7958.5546875,MiB,ok,,process,
0.1,ffbe55b9-da45-4cd6-9d6b-000e22678788,1787665299000,425176,presentmon,app_fps,37.887153114448616,fps,ok,,process,38
0.1,ffbe55b9-da45-4cd6-9d6b-000e22678788,1787665299000,425176,presentmon,frame_time_avg_ms,26.39417105263158,ms,ok,,process,38
0.1,ffbe55b9-da45-4cd6-9d6b-000e22678788,1787665299000,425176,presentmon,frame_time_p95_ms,35.8288,ms,ok,,process,38
0.1,ffbe55b9-da45-4cd6-9d6b-000e22678788,1787665299000,425176,presentmon,gpu_busy_median_ms,17.10215,ms,ok,,process,38
0.1,ffbe55b9-da45-4cd6-9d6b-000e22678788,1787665299000,425176,presentmon,gpu_busy_p95_ms,18.1189,ms,ok,,process,38
0.1,ffbe55b9-da45-4cd6-9d6b-000e22678788,1787665302751,428927,windows_pdh,process_gpu_pct,,percent,unavailable,OSError: PdhCollectQueryData=0x-7FFFF82B,process,
0.1,ffbe55b9-da45-4cd6-9d6b-000e22678788,1787665302751,428927,nvidia-smi,device_gpu_util_pct,88.0,percent,ok,,device,
0.1,ffbe55b9-da45-4cd6-9d6b-000e22678788,1787665302751,428927,nvidia-smi,device_vram_used_mb,5032.0,MiB,ok,,device,
0.1,ffbe55b9-da45-4cd6-9d6b-000e22678788,1787665302751,428927,nvidia-smi,device_gpu_temperature_c,63.0,celsius,ok,,device,
0.1,ffbe55b9-da45-4cd6-9d6b-000e22678788,1787665302751,428927,nvidia-smi,device_gpu_power_w,126.88,watt,ok,,device,
0.1,ffbe55b9-da45-4cd6-9d6b-000e22678788,1787665302751,428927,nvidia-smi,device_gpu_clock_mhz,1965.0,MHz,ok,,device,
0.1,ffbe55b9-da45-4cd6-9d6b-000e22678788,1787665303741,429917,psutil,process_cpu_pct_raw,613.9,percent,ok,,process,
0.1,ffbe55b9-da45-4cd6-9d6b-000e22678788,1787665303741,429917,psutil,process_cpu_pct,30.695,percent,ok,,process,
0.1,ffbe55b9-da45-4cd6-9d6b-000e22678788,1787665303741,429917,psutil,process_memory_mb,7955.87890625,MiB,ok,,process,
0.1,ffbe55b9-da45-4cd6-9d6b-000e22678788,1787665300000,426176,presentmon,app_fps,45.44667262186399,fps,ok,,process,45
0.1,ffbe55b9-da45-4cd6-9d6b-000e22678788,1787665300000,426176,presentmon,frame_time_avg_ms,22.003811111111112,ms,ok,,process,45
0.1,ffbe55b9-da45-4cd6-9d6b-000e22678788,1787665300000,426176,presentmon,frame_time_p95_ms,31.7837,ms,ok,,process,45
0.1,ffbe55b9-da45-4cd6-9d6b-000e22678788,1787665300000,426176,presentmon,gpu_busy_median_ms,16.2479,ms,ok,,process,45
0.1,ffbe55b9-da45-4cd6-9d6b-000e22678788,1787665300000,426176,presentmon,gpu_busy_p95_ms,17.7634,ms,ok,,process,45
0.1,ffbe55b9-da45-4cd6-9d6b-000e22678788,1787665303741,429917,windows_pdh,process_gpu_pct,,percent,unavailable,OSError: PdhCollectQueryData=0x-7FFFF82B,process,
0.1,ffbe55b9-da45-4cd6-9d6b-000e22678788,1787665304747,430923,psutil,process_cpu_pct_raw,556.2,percent,ok,,process,
0.1,ffbe55b9-da45-4cd6-9d6b-000e22678788,1787665304747,430923,psutil,process_cpu_pct,27.810000000000002,percent,ok,,process,
0.1,ffbe55b9-da45-4cd6-9d6b-000e22678788,1787665304747,430923,psutil,process_memory_mb,7957.6640625,MiB,ok,,process,
0.1,ffbe55b9-da45-4cd6-9d6b-000e22678788,1787665301000,427176,presentmon,app_fps,50.99789143333497,fps,ok,,process,52
0.1,ffbe55b9-da45-4cd6-9d6b-000e22678788,1787665301000,427176,presentmon,frame_time_avg_ms,19.608653846153846,ms,ok,,process,52
0.1,ffbe55b9-da45-4cd6-9d6b-000e22678788,1787665301000,427176,presentmon,frame_time_p95_ms,30.6427,ms,ok,,process,52
0.1,ffbe55b9-da45-4cd6-9d6b-000e22678788,1787665301000,427176,presentmon,gpu_busy_median_ms,16.1505,ms,ok,,process,52
0.1,ffbe55b9-da45-4cd6-9d6b-000e22678788,1787665301000,427176,presentmon,gpu_busy_p95_ms,17.277,ms,ok,,process,52
0.1,ffbe55b9-da45-4cd6-9d6b-000e22678788,1787665304747,430923,windows_pdh,process_gpu_pct,,percent,unavailable,OSError: PdhCollectQueryData=0x-7FFFF82B,process,
0.1,ffbe55b9-da45-4cd6-9d6b-000e22678788,1787665305752,431928,psutil,process_cpu_pct_raw,588.1,percent,ok,,process,
0.1,ffbe55b9-da45-4cd6-9d6b-000e22678788,1787665305752,431928,psutil,process_cpu_pct,29.405,percent,ok,,process,
0.1,ffbe55b9-da45-4cd6-9d6b-000e22678788,1787665305752,431928,psutil,process_memory_mb,7956.82421875,MiB,ok,,process,
0.1,ffbe55b9-da45-4cd6-9d6b-000e22678788,1787665302000,428176,presentmon,app_fps,42.60656408899659,fps,ok,,process,42
0.1,ffbe55b9-da45-4cd6-9d6b-000e22678788,1787665302000,428176,presentmon,frame_time_avg_ms,23.470561904761905,ms,ok,,process,42
0.1,ffbe55b9-da45-4cd6-9d6b-000e22678788,1787665302000,428176,presentmon,frame_time_p95_ms,33.2554,ms,ok,,process,42
0.1,ffbe55b9-da45-4cd6-9d6b-000e22678788,1787665302000,428176,presentmon,gpu_busy_median_ms,15.75785,ms,ok,,process,42
0.1,ffbe55b9-da45-4cd6-9d6b-000e22678788,1787665302000,428176,presentmon,gpu_busy_p95_ms,16.2633,ms,ok,,process,42
0.1,ffbe55b9-da45-4cd6-9d6b-000e22678788,1787665305752,431928,windows_pdh,process_gpu_pct,,percent,unavailable,OSError: PdhCollectQueryData=0x-7FFFF82B,process,
