schema_version,session_id,ts_utc_ms,elapsed_ms,source,metric,value,unit,status,reason,scope,sample_count
0.1,de879c93-e652-4062-858a-5e3e8947b4f8,1787673109712,8098,psutil,process_cpu_pct_raw,646.9,percent,ok,,process,
0.1,de879c93-e652-4062-858a-5e3e8947b4f8,1787673109712,8098,psutil,process_cpu_pct,32.345,percent,ok,,process,
0.1,de879c93-e652-4062-858a-5e3e8947b4f8,1787673109712,8098,psutil,process_memory_mb,7815.9375,MiB,ok,,process,
0.1,de879c93-e652-4062-858a-5e3e8947b4f8,1787673109712,8098,win32_foreground,game_foreground,1.0,boolean,ok,,process,
0.1,de879c93-e652-4062-858a-5e3e8947b4f8,1787673109712,8098,windows_pdh,process_gpu_pct,95.12175311780126,percent,ok,,process,
0.1,de879c93-e652-4062-858a-5e3e8947b4f8,1787673110702,9088,psutil,process_cpu_pct_raw,693.2,percent,ok,,process,
0.1,de879c93-e652-4062-858a-5e3e8947b4f8,1787673110702,9088,psutil,process_cpu_pct,34.660000000000004,percent,ok,,process,
0.1,de879c93-e652-4062-858a-5e3e8947b4f8,1787673110702,9088,psutil,process_memory_mb,7815.0078125,MiB,ok,,process,
0.1,de879c93-e652-4062-858a-5e3e8947b4f8,1787673110702,9088,win32_foreground,game_foreground,1.0,boolean,ok,,process,
0.1,de879c93-e652-4062-858a-5e3e8947b4f8,1787673110702,9088,windows_pdh,process_gpu_pct,98.02128825368727,percent,ok,,process,
0.1,de879c93-e652-4062-858a-5e3e8947b4f8,1787673111707,10093,psutil,process_cpu_pct_raw,632.7,percent,ok,,process,
0.1,de879c93-e652-4062-858a-5e3e8947b4f8,1787673111707,10093,psutil,process_cpu_pct,31.635,percent,ok,,process,
0.1,de879c93-e652-4062-858a-5e3e8947b4f8,1787673111707,10093,psutil,process_memory_mb,7822.16015625,MiB,ok,,process,
0.1,de879c93-e652-4062-858a-5e3e8947b4f8,1787673111707,10093,win32_foreground,game_foreground,1.0,boolean,ok,,process,
0.1,de879c93-e652-4062-858a-5e3e8947b4f8,1787673111707,10093,windows_pdh,process_gpu_pct,98.14418406433877,percent,ok,,process,
0.1,de879c93-e652-4062-858a-5e3e8947b4f8,1787673112713,11099,psutil,process_cpu_pct_raw,635.9,percent,ok,,process,
0.1,de879c93-e652-4062-858a-5e3e8947b4f8,1787673112713,11099,psutil,process_cpu_pct,31.794999999999998,percent,ok,,process,
0.1,de879c93-e652-4062-858a-5e3e8947b4f8,1787673112713,11099,psutil,process_memory_mb,7821.421875,MiB,ok,,process,
0.1,de879c93-e652-4062-858a-5e3e8947b4f8,1787673112713,11099,win32_foreground,game_foreground,1.0,boolean,ok,,process,
0.1,de879c93-e652-4062-858a-5e3e8947b4f8,1787673109000,7386,presentmon,app_fps,46.163052517798114,fps,ok,,process,46
0.1,de879c93-e652-4062-858a-5e3e8947b4f8,1787673109000,7386,presentmon,frame_time_avg_ms,21.66234565217391,ms,ok,,process,46
0.1,de879c93-e652-4062-858a-5e3e8947b4f8,1787673109000,7386,presentmon,frame_time_p95_ms,25.7667,ms,ok,,process,46
0.1,de879c93-e652-4062-858a-5e3e8947b4f8,1787673109000,7386,presentmon,gpu_busy_median_ms,21.3329,ms,ok,,process,46
0.1,de879c93-e652-4062-858a-5e3e8947b4f8,1787673109000,7386,presentmon,gpu_busy_p95_ms,22.339,ms,ok,,process,46
0.1,de879c93-e652-4062-858a-5e3e8947b4f8,1787673112713,11099,windows_pdh,process_gpu_pct,98.26418379501284,percent,ok,,process,
0.1,de879c93-e652-4062-858a-5e3e8947b4f8,1787673112713,11099,nvidia-smi,device_gpu_util_pct,96.0,percent,ok,,device,
0.1,de879c93-e652-4062-858a-5e3e8947b4f8,1787673112713,11099,nvidia-smi,device_vram_used_mb,4992.0,MiB,ok,,device,
0.1,de879c93-e652-4062-858a-5e3e8947b4f8,1787673112713,11099,nvidia-smi,device_gpu_temperature_c,65.0,celsius,ok,,device,
0.1,de879c93-e652-4062-858a-5e3e8947b4f8,1787673112713,11099,nvidia-smi,device_gpu_power_w,148.71,watt,ok,,device,
0.1,de879c93-e652-4062-858a-5e3e8947b4f8,1787673112713,11099,nvidia-smi,device_gpu_clock_mhz,1965.0,MHz,ok,,device,
0.1,de879c93-e652-4062-858a-5e3e8947b4f8,1787673113703,12089,psutil,process_cpu_pct_raw,606.0,percent,ok,,process,
0.1,de879c93-e652-4062-858a-5e3e8947b4f8,1787673113703,12089,psutil,process_cpu_pct,30.3,percent,ok,,process,
0.1,de879c93-e652-4062-858a-5e3e8947b4f8,1787673113703,12089,psutil,process_memory_mb,7821.57421875,MiB,ok,,process,
0.1,de879c93-e652-4062-858a-5e3e8947b4f8,1787673113703,12089,win32_foreground,game_foreground,1.0,boolean,ok,,process,
0.1,de879c93-e652-4062-858a-5e3e8947b4f8,1787673110000,8386,presentmon,app_fps,46.97099071613372,fps,ok,,process,47
0.1,de879c93-e652-4062-858a-5e3e8947b4f8,1787673110000,8386,presentmon,frame_time_avg_ms,21.289736170212766,ms,ok,,process,47
0.1,de879c93-e652-4062-858a-5e3e8947b4f8,1787673110000,8386,presentmon,frame_time_p95_ms,25.7105,ms,ok,,process,47
0.1,de879c93-e652-4062-858a-5e3e8947b4f8,1787673110000,8386,presentmon,gpu_busy_median_ms,20.7249,ms,ok,,process,47
0.1,de879c93-e652-4062-858a-5e3e8947b4f8,1787673110000,8386,presentmon,gpu_busy_p95_ms,22.416,ms,ok,,process,47
0.1,de879c93-e652-4062-858a-5e3e8947b4f8,1787673113703,12089,windows_pdh,process_gpu_pct,98.1415771365874,percent,ok,,process,
0.1,de879c93-e652-4062-858a-5e3e8947b4f8,1787673114709,13095,psutil,process_cpu_pct_raw,583.4,percent,ok,,process,
0.1,de879c93-e652-4062-858a-5e3e8947b4f8,1787673114709,13095,psutil,process_cpu_pct,29.169999999999998,percent,ok,,process,
0.1,de879c93-e652-4062-858a-5e3e8947b4f8,1787673114709,13095,psutil,process_memory_mb,7822.07421875,MiB,ok,,process,
0.1,de879c93-e652-4062-858a-5e3e8947b4f8,1787673114709,13095,win32_foreground,game_foreground,1.0,boolean,ok,,process,
0.1,de879c93-e652-4062-858a-5e3e8947b4f8,1787673111000,9386,presentmon,app_fps,47.876817735647954,fps,ok,,process,48
0.1,de879c93-e652-4062-858a-5e3e8947b4f8,1787673111000,9386,presentmon,frame_time_avg_ms,20.886935416666667,ms,ok,,process,48
0.1,de879c93-e652-4062-858a-5e3e8947b4f8,1787673111000,9386,presentmon,frame_time_p95_ms,26.3904,ms,ok,,process,48
0.1,de879c93-e652-4062-858a-5e3e8947b4f8,1787673111000,9386,presentmon,gpu_busy_median_ms,20.4298,ms,ok,,process,48
0.1,de879c93-e652-4062-858a-5e3e8947b4f8,1787673111000,9386,presentmon,gpu_busy_p95_ms,21.7772,ms,ok,,process,48
0.1,de879c93-e652-4062-858a-5e3e8947b4f8,1787673114709,13095,windows_pdh,process_gpu_pct,97.48258383818425,percent,ok,,process,
0.1,de879c93-e652-4062-858a-5e3e8947b4f8,1787673115714,14100,psutil,process_cpu_pct_raw,575.0,percent,ok,,process,
0.1,de879c93-e652-4062-858a-5e3e8947b4f8,1787673115714,14100,psutil,process_cpu_pct,28.75,percent,ok,,process,
0.1,de879c93-e652-4062-858a-5e3e8947b4f8,1787673115714,14100,psutil,process_memory_mb,7827.140625,MiB,ok,,process,
0.1,de879c93-e652-4062-858a-5e3e8947b4f8,1787673115714,14100,win32_foreground,game_foreground,1.0,boolean,ok,,process,
0.1,de879c93-e652-4062-858a-5e3e8947b4f8,1787673112000,10386,presentmon,app_fps,48.33863631671676,fps,ok,,process,48
0.1,de879c93-e652-4062-858a-5e3e8947b4f8,1787673112000,10386,presentmon,frame_time_avg_ms,20.687385416666668,ms,ok,,process,48
0.1,de879c93-e652-4062-858a-5e3e8947b4f8,1787673112000,10386,presentmon,frame_time_p95_ms,24.0402,ms,ok,,process,48
0.1,de879c93-e652-4062-858a-5e3e8947b4f8,1787673112000,10386,presentmon,gpu_busy_median_ms,20.155050000000003,ms,ok,,process,48
0.1,de879c93-e652-4062-858a-5e3e8947b4f8,1787673112000,10386,presentmon,gpu_busy_p95_ms,21.4732,ms,ok,,process,48
0.1,de879c93-e652-4062-858a-5e3e8947b4f8,1787673115714,14100,windows_pdh,process_gpu_pct,94.11929195448703,percent,ok,,process,
0.1,de879c93-e652-4062-858a-5e3e8947b4f8,1787673116705,15091,psutil,process_cpu_pct_raw,713.8,percent,ok,,process,
0.1,de879c93-e652-4062-858a-5e3e8947b4f8,1787673116705,15091,psutil,process_cpu_pct,35.69,percent,ok,,process,
0.1,de879c93-e652-4062-858a-5e3e8947b4f8,1787673116705,15091,psutil,process_memory_mb,7828.04296875,MiB,ok,,process,
0.1,de879c93-e652-4062-858a-5e3e8947b4f8,1787673116705,15091,win32_foreground,game_foreground,1.0,boolean,ok,,process,
0.1,de879c93-e652-4062-858a-5e3e8947b4f8,1787673113000,11386,presentmon,app_fps,47.09019184443966,fps,ok,,process,47
0.1,de879c93-e652-4062-858a-5e3e8947b4f8,1787673113000,11386,presentmon,frame_time_avg_ms,21.235844680851063,ms,ok,,process,47
0.1,de879c93-e652-4062-858a-5e3e8947b4f8,1787673113000,11386,presentmon,frame_time_p95_ms,35.7426,ms,ok,,process,47
0.1,de879c93-e652-4062-858a-5e3e8947b4f8,1787673113000,11386,presentmon,gpu_busy_median_ms,19.628,ms,ok,,process,47
0.1,de879c93-e652-4062-858a-5e3e8947b4f8,1787673113000,11386,presentmon,gpu_busy_p95_ms,21.7204,ms,ok,,process,47
0.1,de879c93-e652-4062-858a-5e3e8947b4f8,1787673116705,15091,windows_pdh,process_gpu_pct,98.54544512001698,percent,ok,,process,
0.1,de879c93-e652-4062-858a-5e3e8947b4f8,1787673117710,16096,psutil,process_cpu_pct_raw,686.6,percent,ok,,process,
0.1,de879c93-e652-4062-858a-5e3e8947b4f8,1787673117710,16096,psutil,process_cpu_pct,34.33,percent,ok,,process,
0.1,de879c93-e652-4062-858a-5e3e8947b4f8,1787673117710,16096,psutil,process_memory_mb,7829.91015625,MiB,ok,,process,
0.1,de879c93-e652-4062-858a-5e3e8947b4f8,1787673117710,16096,win32_foreground,game_foreground,1.0,boolean,ok,,process,
0.1,de879c93-e652-4062-858a-5e3e8947b4f8,1787673114000,12386,presentmon,app_fps,55.60160891198474,fps,ok,,process,56
0.1,de879c93-e652-4062-858a-5e3e8947b4f8,1787673114000,12386,presentmon,frame_time_avg_ms,17.98509107142857,ms,ok,,process,56
0.1,de879c93-e652-4062-858a-5e3e8947b4f8,1787673114000,12386,presentmon,frame_time_p95_ms,23.9437,ms,ok,,process,56
0.1,de879c93-e652-4062-858a-5e3e8947b4f8,1787673114000,12386,presentmon,gpu_busy_median_ms,17.7115,ms,ok,,process,56
0.1,de879c93-e652-4062-858a-5e3e8947b4f8,1787673114000,12386,presentmon,gpu_busy_p95_ms,18.195,ms,ok,,process,56
0.1,de879c93-e652-4062-858a-5e3e8947b4f8,1787673117710,16096,windows_pdh,process_gpu_pct,94.44708646545476,percent,ok,,process,
0.1,de879c93-e652-4062-858a-5e3e8947b4f8,1787673117710,16096,nvidia-smi,device_gpu_util_pct,90.0,percent,ok,,device,
0.1,de879c93-e652-4062-858a-5e3e8947b4f8,1787673117710,16096,nvidia-smi,device_vram_used_mb,4995.0,MiB,ok,,device,
0.1,de879c93-e652-4062-858a-5e3e8947b4f8,1787673117710,16096,nvidia-smi,device_gpu_temperature_c,62.0,celsius,ok,,device,
0.1,de879c93-e652-4062-858a-5e3e8947b4f8,1787673117710,16096,nvidia-smi,device_gpu_power_w,96.14,watt,ok,,device,
0.1,de879c93-e652-4062-858a-5e3e8947b4f8,1787673117710,16096,nvidia-smi,device_gpu_clock_mhz,1965.0,MHz,ok,,device,
0.1,de879c93-e652-4062-858a-5e3e8947b4f8,1787673118700,17086,psutil,process_cpu_pct_raw,583.8,percent,ok,,process,
0.1,de879c93-e652-4062-858a-5e3e8947b4f8,1787673118700,17086,psutil,process_cpu_pct,29.189999999999998,percent,ok,,process,
0.1,de879c93-e652-4062-858a-5e3e8947b4f8,1787673118700,17086,psutil,process_memory_mb,7843.78125,MiB,ok,,process,
0.1,de879c93-e652-4062-858a-5e3e8947b4f8,1787673118700,17086,win32_foreground,game_foreground,1.0,boolean,ok,,process,
0.1,de879c93-e652-4062-858a-5e3e8947b4f8,1787673115000,13386,presentmon,app_fps,53.26423449677875,fps,ok,,process,54
0.1,de879c93-e652-4062-858a-5e3e8947b4f8,1787673115000,13386,presentmon,frame_time_avg_ms,18.774324074074073,ms,ok,,process,54
0.1,de879c93-e652-4062-858a-5e3e8947b4f8,1787673115000,13386,presentmon,frame_time_p95_ms,23.1338,ms,ok,,process,54
0.1,de879c93-e652-4062-858a-5e3e8947b4f8,1787673115000,13386,presentmon,gpu_busy_median_ms,17.8393,ms,ok,,process,54
0.1,de879c93-e652-4062-858a-5e3e8947b4f8,1787673115000,13386,presentmon,gpu_busy_p95_ms,18.6537,ms,ok,,process,54
0.1,de879c93-e652-4062-858a-5e3e8947b4f8,1787673118700,17086,windows_pdh,process_gpu_pct,91.3408292304622,percent,ok,,process,
0.1,de879c93-e652-4062-858a-5e3e8947b4f8,1787673119706,18092,psutil,process_cpu_pct_raw,643.5,percent,ok,,process,
0.1,de879c93-e652-4062-858a-5e3e8947b4f8,1787673119706,18092,psutil,process_cpu_pct,32.175,percent,ok,,process,
0.1,de879c93-e652-4062-858a-5e3e8947b4f8,1787673119706,18092,psutil,process_memory_mb,7842.81640625,MiB,ok,,process,
0.1,de879c93-e652-4062-858a-5e3e8947b4f8,1787673119706,18092,win32_foreground,game_foreground,1.0,boolean,ok,,process,
0.1,de879c93-e652-4062-858a-5e3e8947b4f8,1787673116000,14386,presentmon,app_fps,49.821167427896825,fps,ok,,process,49
0.1,de879c93-e652-4062-858a-5e3e8947b4f8,1787673116000,14386,presentmon,frame_time_avg_ms,20.071789795918367,ms,ok,,process,49
0.1,de879c93-e652-4062-858a-5e3e8947b4f8,1787673116000,14386,presentmon,frame_time_p95_ms,23.783,ms,ok,,process,49
0.1,de879c93-e652-4062-858a-5e3e8947b4f8,1787673116000,14386,presentmon,gpu_busy_median_ms,18.038,ms,ok,,process,49
0.1,de879c93-e652-4062-858a-5e3e8947b4f8,1787673116000,14386,presentmon,gpu_busy_p95_ms,18.7435,ms,ok,,process,49
0.1,de879c93-e652-4062-858a-5e3e8947b4f8,1787673119706,18092,windows_pdh,process_gpu_pct,98.72604430287721,percent,ok,,process,
0.1,de879c93-e652-4062-858a-5e3e8947b4f8,1787673120712,19098,psutil,process_cpu_pct_raw,571.9,percent,ok,,process,
0.1,de879c93-e652-4062-858a-5e3e8947b4f8,1787673120712,19098,psutil,process_cpu_pct,28.595,percent,ok,,process,
0.1,de879c93-e652-4062-858a-5e3e8947b4f8,1787673120712,19098,psutil,process_memory_mb,7841.86328125,MiB,ok,,process,
0.1,de879c93-e652-4062-858a-5e3e8947b4f8,1787673120712,19098,win32_foreground,game_foreground,1.0,boolean,ok,,process,
0.1,de879c93-e652-4062-858a-5e3e8947b4f8,1787673117000,15386,presentmon,app_fps,54.93543987106352,fps,ok,,process,55
0.1,de879c93-e652-4062-858a-5e3e8947b4f8,1787673117000,15386,presentmon,frame_time_avg_ms,18.203185454545455,ms,ok,,process,55
0.1,de879c93-e652-4062-858a-5e3e8947b4f8,1787673117000,15386,presentmon,frame_time_p95_ms,23.7494,ms,ok,,process,55
0.1,de879c93-e652-4062-858a-5e3e8947b4f8,1787673117000,15386,presentmon,gpu_busy_median_ms,17.9385,ms,ok,,process,55
0.1,de879c93-e652-4062-858a-5e3e8947b4f8,1787673117000,15386,presentmon,gpu_busy_p95_ms,18.7081,ms,ok,,process,55
0.1,de879c93-e652-4062-858a-5e3e8947b4f8,1787673120712,19098,windows_pdh,process_gpu_pct,96.98372168361628,percent,ok,,process,
0.1,de879c93-e652-4062-858a-5e3e8947b4f8,1787673121702,20088,psutil,process_cpu_pct_raw,609.1,percent,ok,,process,
0.1,de879c93-e652-4062-858a-5e3e8947b4f8,1787673121702,20088,psutil,process_cpu_pct,30.455000000000002,percent,ok,,process,
0.1,de879c93-e652-4062-858a-5e3e8947b4f8,1787673121702,20088,psutil,process_memory_mb,7843.6171875,MiB,ok,,process,
0.1,de879c93-e652-4062-858a-5e3e8947b4f8,1787673121702,20088,win32_foreground,game_foreground,1.0,boolean,ok,,process,
0.1,de879c93-e652-4062-858a-5e3e8947b4f8,1787673118000,16386,presentmon,app_fps,52.836992594147794,fps,ok,,process,53
0.1,de879c93-e652-4062-858a-5e3e8947b4f8,1787673118000,16386,presentmon,frame_time_avg_ms,18.926133962264153,ms,ok,,process,53
0.1,de879c93-e652-4062-858a-5e3e8947b4f8,1787673118000,16386,presentmon,frame_time_p95_ms,27.4904,ms,ok,,process,53
0.1,de879c93-e652-4062-858a-5e3e8947b4f8,1787673118000,16386,presentmon,gpu_busy_median_ms,18.2857,ms,ok,,process,53
0.1,de879c93-e652-4062-858a-5e3e8947b4f8,1787673118000,16386,presentmon,gpu_busy_p95_ms,21.1704,ms,ok,,process,53
0.1,de879c93-e652-4062-858a-5e3e8947b4f8,1787673121702,20088,windows_pdh,process_gpu_pct,97.84834112889159,percent,ok,,process,
0.1,de879c93-e652-4062-858a-5e3e8947b4f8,1787673122707,21093,psutil,process_cpu_pct_raw,705.0,percent,ok,,process,
0.1,de879c93-e652-4062-858a-5e3e8947b4f8,1787673122707,21093,psutil,process_cpu_pct,35.25,percent,ok,,process,
0.1,de879c93-e652-4062-858a-5e3e8947b4f8,1787673122707,21093,psutil,process_memory_mb,7844.07421875,MiB,ok,,process,
0.1,de879c93-e652-4062-858a-5e3e8947b4f8,1787673122707,21093,win32_foreground,game_foreground,1.0,boolean,ok,,process,
0.1,de879c93-e652-4062-858a-5e3e8947b4f8,1787673119000,17386,presentmon,app_fps,44.90913982829939,fps,ok,,process,45
0.1,de879c93-e652-4062-858a-5e3e8947b4f8,1787673119000,17386,presentmon,frame_time_avg_ms,22.26718222222222,ms,ok,,process,45
0.1,de879c93-e652-4062-858a-5e3e8947b4f8,1787673119000,17386,presentmon,frame_time_p95_ms,28.3029,ms,ok,,process,45
0.1,de879c93-e652-4062-858a-5e3e8947b4f8,1787673119000,17386,presentmon,gpu_busy_median_ms,21.3372,ms,ok,,process,45
0.1,de879c93-e652-4062-858a-5e3e8947b4f8,1787673119000,17386,presentmon,gpu_busy_p95_ms,23.3093,ms,ok,,process,45
0.1,de879c93-e652-4062-858a-5e3e8947b4f8,1787673122707,21093,windows_pdh,process_gpu_pct,98.1984996268617,percent,ok,,process,
0.1,de879c93-e652-4062-858a-5e3e8947b4f8,1787673122707,21093,nvidia-smi,device_gpu_util_pct,96.0,percent,ok,,device,
0.1,de879c93-e652-4062-858a-5e3e8947b4f8,1787673122707,21093,nvidia-smi,device_vram_used_mb,4979.0,MiB,ok,,device,
0.1,de879c93-e652-4062-858a-5e3e8947b4f8,1787673122707,21093,nvidia-smi,device_gpu_temperature_c,65.0,celsius,ok,,device,
0.1,de879c93-e652-4062-858a-5e3e8947b4f8,1787673122707,21093,nvidia-smi,device_gpu_power_w,148.99,watt,ok,,device,
0.1,de879c93-e652-4062-858a-5e3e8947b4f8,1787673122707,21093,nvidia-smi,device_gpu_clock_mhz,1965.0,MHz,ok,,device,
0.1,de879c93-e652-4062-858a-5e3e8947b4f8,1787673123713,22099,psutil,process_cpu_pct_raw,742.2,percent,ok,,process,
0.1,de879c93-e652-4062-858a-5e3e8947b4f8,1787673123713,22099,psutil,process_cpu_pct,37.11,percent,ok,,process,
0.1,de879c93-e652-4062-858a-5e3e8947b4f8,1787673123713,22099,psutil,process_memory_mb,7844.62109375,MiB,ok,,process,
0.1,de879c93-e652-4062-858a-5e3e8947b4f8,1787673123713,22099,win32_foreground,game_foreground,1.0,boolean,ok,,process,
0.1,de879c93-e652-4062-858a-5e3e8947b4f8,1787673120000,18386,presentmon,app_fps,46.80902376219388,fps,ok,,process,46
0.1,de879c93-e652-4062-858a-5e3e8947b4f8,1787673120000,18386,presentmon,frame_time_avg_ms,21.363402173913045,ms,ok,,process,46
0.1,de879c93-e652-4062-858a-5e3e8947b4f8,1787673120000,18386,presentmon,frame_time_p95_ms,26.5806,ms,ok,,process,46
0.1,de879c93-e652-4062-858a-5e3e8947b4f8,1787673120000,18386,presentmon,gpu_busy_median_ms,20.8356,ms,ok,,process,46
0.1,de879c93-e652-4062-858a-5e3e8947b4f8,1787673120000,18386,presentmon,gpu_busy_p95_ms,22.5711,ms,ok,,process,46
0.1,de879c93-e652-4062-858a-5e3e8947b4f8,1787673123713,22099,windows_pdh,process_gpu_pct,99.01479558521396,percent,ok,,process,
0.1,de879c93-e652-4062-858a-5e3e8947b4f8,1787673124703,23089,psutil,process_cpu_pct_raw,586.9,percent,ok,,process,
0.1,de879c93-e652-4062-858a-5e3e8947b4f8,1787673124703,23089,psutil,process_cpu_pct,29.345,percent,ok,,process,
0.1,de879c93-e652-4062-858a-5e3e8947b4f8,1787673124703,23089,psutil,process_memory_mb,7874.2265625,MiB,ok,,process,
0.1,de879c93-e652-4062-858a-5e3e8947b4f8,1787673124703,23089,win32_foreground,game_foreground,1.0,boolean,ok,,process,
0.1,de879c93-e652-4062-858a-5e3e8947b4f8,1787673121000,19386,presentmon,app_fps,48.98940359200305,fps,ok,,process,49
0.1,de879c93-e652-4062-858a-5e3e8947b4f8,1787673121000,19386,presentmon,frame_time_avg_ms,20.41257755102041,ms,ok,,process,49
0.1,de879c93-e652-4062-858a-5e3e8947b4f8,1787673121000,19386,presentmon,frame_time_p95_ms,28.1701,ms,ok,,process,49
0.1,de879c93-e652-4062-858a-5e3e8947b4f8,1787673121000,19386,presentmon,gpu_busy_median_ms,19.8609,ms,ok,,process,49
0.1,de879c93-e652-4062-858a-5e3e8947b4f8,1787673121000,19386,presentmon,gpu_busy_p95_ms,21.38,ms,ok,,process,49
0.1,de879c93-e652-4062-858a-5e3e8947b4f8,1787673124703,23089,windows_pdh,process_gpu_pct,95.67186409334069,percent,ok,,process,
0.1,de879c93-e652-4062-858a-5e3e8947b4f8,1787673125709,24095,psutil,process_cpu_pct_raw,649.6,percent,ok,,process,
0.1,de879c93-e652-4062-858a-5e3e8947b4f8,1787673125709,24095,psutil,process_cpu_pct,32.480000000000004,percent,ok,,process,
0.1,de879c93-e652-4062-858a-5e3e8947b4f8,1787673125709,24095,psutil,process_memory_mb,7877.26171875,MiB,ok,,process,
0.1,de879c93-e652-4062-858a-5e3e8947b4f8,1787673125709,24095,win32_foreground,game_foreground,1.0,boolean,ok,,process,
0.1,de879c93-e652-4062-858a-5e3e8947b4f8,1787673122000,20386,presentmon,app_fps,47.67764666314581,fps,ok,,process,48
0.1,de879c93-e652-4062-858a-5e3e8947b4f8,1787673122000,20386,presentmon,frame_time_avg_ms,20.97418958333333,ms,ok,,process,48
0.1,de879c93-e652-4062-858a-5e3e8947b4f8,1787673122000,20386,presentmon,frame_time_p95_ms,29.19,ms,ok,,process,48
0.1,de879c93-e652-4062-858a-5e3e8947b4f8,1787673122000,20386,presentmon,gpu_busy_median_ms,20.07995,ms,ok,,process,48
0.1,de879c93-e652-4062-858a-5e3e8947b4f8,1787673122000,20386,presentmon,gpu_busy_p95_ms,21.6109,ms,ok,,process,48
0.1,de879c93-e652-4062-858a-5e3e8947b4f8,1787673125709,24095,windows_pdh,process_gpu_pct,98.07205297427582,percent,ok,,process,
0.1,de879c93-e652-4062-858a-5e3e8947b4f8,1787673126714,25100,psutil,process_cpu_pct_raw,579.7,percent,ok,,process,
0.1,de879c93-e652-4062-858a-5e3e8947b4f8,1787673126714,25100,psutil,process_cpu_pct,28.985000000000003,percent,ok,,process,
0.1,de879c93-e652-4062-858a-5e3e8947b4f8,1787673126714,25100,psutil,process_memory_mb,7878.80859375,MiB,ok,,process,
0.1,de879c93-e652-4062-858a-5e3e8947b4f8,1787673126714,25100,win32_foreground,game_foreground,1.0,boolean,ok,,process,
0.1,de879c93-e652-4062-858a-5e3e8947b4f8,1787673123000,21386,presentmon,app_fps,47.59774668300724,fps,ok,,process,48
0.1,de879c93-e652-4062-858a-5e3e8947b4f8,1787673123000,21386,presentmon,frame_time_avg_ms,21.009397916666668,ms,ok,,process,48
0.1,de879c93-e652-4062-858a-5e3e8947b4f8,1787673123000,21386,presentmon,frame_time_p95_ms,27.0576,ms,ok,,process,48
0.1,de879c93-e652-4062-858a-5e3e8947b4f8,1787673123000,21386,presentmon,gpu_busy_median_ms,20.044449999999998,ms,ok,,process,48
0.1,de879c93-e652-4062-858a-5e3e8947b4f8,1787673123000,21386,presentmon,gpu_busy_p95_ms,22.6514,ms,ok,,process,48
0.1,de879c93-e652-4062-858a-5e3e8947b4f8,1787673126714,25100,windows_pdh,process_gpu_pct,96.45966946636403,percent,ok,,process,
0.1,de879c93-e652-4062-858a-5e3e8947b4f8,1787673127705,26091,psutil,process_cpu_pct_raw,610.7,percent,ok,,process,
0.1,de879c93-e652-4062-858a-5e3e8947b4f8,1787673127705,26091,psutil,process_cpu_pct,30.535000000000004,percent,ok,,process,
0.1,de879c93-e652-4062-858a-5e3e8947b4f8,1787673127705,26091,psutil,process_memory_mb,7880.78515625,MiB,ok,,process,
0.1,de879c93-e652-4062-858a-5e3e8947b4f8,1787673127705,26091,win32_foreground,game_foreground,1.0,boolean,ok,,process,
0.1,de879c93-e652-4062-858a-5e3e8947b4f8,1787673124000,22386,presentmon,app_fps,47.938470972506785,fps,ok,,process,48
0.1,de879c93-e652-4062-858a-5e3e8947b4f8,1787673124000,22386,presentmon,frame_time_avg_ms,20.860072916666667,ms,ok,,process,48
0.1,de879c93-e652-4062-858a-5e3e8947b4f8,1787673124000,22386,presentmon,frame_time_p95_ms,27.0904,ms,ok,,process,48
0.1,de879c93-e652-4062-858a-5e3e8947b4f8,1787673124000,22386,presentmon,gpu_busy_median_ms,19.94155,ms,ok,,process,48
0.1,de879c93-e652-4062-858a-5e3e8947b4f8,1787673124000,22386,presentmon,gpu_busy_p95_ms,23.9375,ms,ok,,process,48
0.1,de879c93-e652-4062-858a-5e3e8947b4f8,1787673127705,26091,windows_pdh,process_gpu_pct,97.34375099416565,percent,ok,,process,
0.1,de879c93-e652-4062-858a-5e3e8947b4f8,1787673128710,27096,psutil,process_cpu_pct_raw,621.9,percent,ok,,process,
0.1,de879c93-e652-4062-858a-5e3e8947b4f8,1787673128710,27096,psutil,process_cpu_pct,31.095,percent,ok,,process,
0.1,de879c93-e652-4062-858a-5e3e8947b4f8,1787673128710,27096,psutil,process_memory_mb,7879.73828125,MiB,ok,,process,
0.1,de879c93-e652-4062-858a-5e3e8947b4f8,1787673128710,27096,win32_foreground,game_foreground,1.0,boolean,ok,,process,
0.1,de879c93-e652-4062-858a-5e3e8947b4f8,1787673125000,23386,presentmon,app_fps,46.01633119594144,fps,ok,,process,46
0.1,de879c93-e652-4062-858a-5e3e8947b4f8,1787673125000,23386,presentmon,frame_time_avg_ms,21.731415217391305,ms,ok,,process,46
0.1,de879c93-e652-4062-858a-5e3e8947b4f8,1787673125000,23386,presentmon,frame_time_p95_ms,25.871,ms,ok,,process,46
0.1,de879c93-e652-4062-858a-5e3e8947b4f8,1787673125000,23386,presentmon,gpu_busy_median_ms,20.6351,ms,ok,,process,46
0.1,de879c93-e652-4062-858a-5e3e8947b4f8,1787673125000,23386,presentmon,gpu_busy_p95_ms,23.0667,ms,ok,,process,46
0.1,de879c93-e652-4062-858a-5e3e8947b4f8,1787673128710,27096,windows_pdh,process_gpu_pct,99.24255953432116,percent,ok,,process,
0.1,de879c93-e652-4062-858a-5e3e8947b4f8,1787673128710,27096,nvidia-smi,device_gpu_util_pct,97.0,percent,ok,,device,
0.1,de879c93-e652-4062-858a-5e3e8947b4f8,1787673128710,27096,nvidia-smi,device_vram_used_mb,4967.0,MiB,ok,,device,
0.1,de879c93-e652-4062-858a-5e3e8947b4f8,1787673128710,27096,nvidia-smi,device_gpu_temperature_c,65.0,celsius,ok,,device,
0.1,de879c93-e652-4062-858a-5e3e8947b4f8,1787673128710,27096,nvidia-smi,device_gpu_power_w,148.22,watt,ok,,device,
0.1,de879c93-e652-4062-858a-5e3e8947b4f8,1787673128710,27096,nvidia-smi,device_gpu_clock_mhz,1965.0,MHz,ok,,device,
0.1,de879c93-e652-4062-858a-5e3e8947b4f8,1787673129716,28102,psutil,process_cpu_pct_raw,632.8,percent,ok,,process,
0.1,de879c93-e652-4062-858a-5e3e8947b4f8,1787673129716,28102,psutil,process_cpu_pct,31.639999999999997,percent,ok,,process,
0.1,de879c93-e652-4062-858a-5e3e8947b4f8,1787673129716,28102,psutil,process_memory_mb,7878.375,MiB,ok,,process,
0.1,de879c93-e652-4062-858a-5e3e8947b4f8,1787673129716,28102,win32_foreground,game_foreground,1.0,boolean,ok,,process,
0.1,de879c93-e652-4062-858a-5e3e8947b4f8,1787673126000,24386,presentmon,app_fps,49.55209958313538,fps,ok,,process,49
0.1,de879c93-e652-4062-858a-5e3e8947b4f8,1787673126000,24386,presentmon,frame_time_avg_ms,20.180779591836735,ms,ok,,process,49
0.1,de879c93-e652-4062-858a-5e3e8947b4f8,1787673126000,24386,presentmon,frame_time_p95_ms,25.303,ms,ok,,process,49
0.1,de879c93-e652-4062-858a-5e3e8947b4f8,1787673126000,24386,presentmon,gpu_busy_median_ms,19.7837,ms,ok,,process,49
0.1,de879c93-e652-4062-858a-5e3e8947b4f8,1787673126000,24386,presentmon,gpu_busy_p95_ms,20.3829,ms,ok,,process,49
0.1,de879c93-e652-4062-858a-5e3e8947b4f8,1787673129716,28102,windows_pdh,process_gpu_pct,99.09888660020171,percent,ok,,process,
0.1,de879c93-e652-4062-858a-5e3e8947b4f8,1787673130706,29092,psutil,process_cpu_pct_raw,621.9,percent,ok,,process,
0.1,de879c93-e652-4062-858a-5e3e8947b4f8,1787673130706,29092,psutil,process_cpu_pct,31.095,percent,ok,,process,
0.1,de879c93-e652-4062-858a-5e3e8947b4f8,1787673130706,29092,psutil,process_memory_mb,7878.78515625,MiB,ok,,process,
0.1,de879c93-e652-4062-858a-5e3e8947b4f8,1787673130706,29092,win32_foreground,game_foreground,1.0,boolean,ok,,process,
0.1,de879c93-e652-4062-858a-5e3e8947b4f8,1787673127000,25386,presentmon,app_fps,48.95016872823466,fps,ok,,process,49
0.1,de879c93-e652-4062-858a-5e3e8947b4f8,1787673127000,25386,presentmon,frame_time_avg_ms,20.428938775510204,ms,ok,,process,49
0.1,de879c93-e652-4062-858a-5e3e8947b4f8,1787673127000,25386,presentmon,frame_time_p95_ms,26.7667,ms,ok,,process,49
0.1,de879c93-e652-4062-858a-5e3e8947b4f8,1787673127000,25386,presentmon,gpu_busy_median_ms,20.1347,ms,ok,,process,49
0.1,de879c93-e652-4062-858a-5e3e8947b4f8,1787673127000,25386,presentmon,gpu_busy_p95_ms,21.7932,ms,ok,,process,49
0.1,de879c93-e652-4062-858a-5e3e8947b4f8,1787673130706,29092,windows_pdh,process_gpu_pct,98.70706049848503,percent,ok,,process,
0.1,de879c93-e652-4062-858a-5e3e8947b4f8,1787673131712,30098,psutil,process_cpu_pct_raw,707.8,percent,ok,,process,
0.1,de879c93-e652-4062-858a-5e3e8947b4f8,1787673131712,30098,psutil,process_cpu_pct,35.39,percent,ok,,process,
0.1,de879c93-e652-4062-858a-5e3e8947b4f8,1787673131712,30098,psutil,process_memory_mb,7881.57421875,MiB,ok,,process,
0.1,de879c93-e652-4062-858a-5e3e8947b4f8,1787673131712,30098,win32_foreground,game_foreground,1.0,boolean,ok,,process,
0.1,de879c93-e652-4062-858a-5e3e8947b4f8,1787673128000,26386,presentmon,app_fps,48.08957645406098,fps,ok,,process,48
0.1,de879c93-e652-4062-858a-5e3e8947b4f8,1787673128000,26386,presentmon,frame_time_avg_ms,20.79452708333333,ms,ok,,process,48
0.1,de879c93-e652-4062-858a-5e3e8947b4f8,1787673128000,26386,presentmon,frame_time_p95_ms,25.7968,ms,ok,,process,48
0.1,de879c93-e652-4062-858a-5e3e8947b4f8,1787673128000,26386,presentmon,gpu_busy_median_ms,20.595100000000002,ms,ok,,process,48
0.1,de879c93-e652-4062-858a-5e3e8947b4f8,1787673128000,26386,presentmon,gpu_busy_p95_ms,21.6821,ms,ok,,process,48
0.1,de879c93-e652-4062-858a-5e3e8947b4f8,1787673131712,30098,windows_pdh,process_gpu_pct,98.47639819719615,percent,ok,,process,
0.1,de879c93-e652-4062-858a-5e3e8947b4f8,1787673132702,31088,psutil,process_cpu_pct_raw,663.1,percent,ok,,process,
0.1,de879c93-e652-4062-858a-5e3e8947b4f8,1787673132702,31088,psutil,process_cpu_pct,33.155,percent,ok,,process,
0.1,de879c93-e652-4062-858a-5e3e8947b4f8,1787673132702,31088,psutil,process_memory_mb,7887.7265625,MiB,ok,,process,
0.1,de879c93-e652-4062-858a-5e3e8947b4f8,1787673132702,31088,win32_foreground,game_foreground,1.0,boolean,ok,,process,
0.1,de879c93-e652-4062-858a-5e3e8947b4f8,1787673129000,27386,presentmon,app_fps,47.90532470678198,fps,ok,,process,48
0.1,de879c93-e652-4062-858a-5e3e8947b4f8,1787673129000,27386,presentmon,frame_time_avg_ms,20.87450625,ms,ok,,process,48
0.1,de879c93-e652-4062-858a-5e3e8947b4f8,1787673129000,27386,presentmon,frame_time_p95_ms,26.0617,ms,ok,,process,48
0.1,de879c93-e652-4062-858a-5e3e8947b4f8,1787673129000,27386,presentmon,gpu_busy_median_ms,20.098599999999998,ms,ok,,process,48
0.1,de879c93-e652-4062-858a-5e3e8947b4f8,1787673129000,27386,presentmon,gpu_busy_p95_ms,22.0075,ms,ok,,process,48
0.1,de879c93-e652-4062-858a-5e3e8947b4f8,1787673132702,31088,windows_pdh,process_gpu_pct,95.91724691519913,percent,ok,,process,
0.1,de879c93-e652-4062-858a-5e3e8947b4f8,1787673133707,32093,psutil,process_cpu_pct_raw,703.5,percent,ok,,process,
0.1,de879c93-e652-4062-858a-5e3e8947b4f8,1787673133707,32093,psutil,process_cpu_pct,35.175,percent,ok,,process,
0.1,de879c93-e652-4062-858a-5e3e8947b4f8,1787673133707,32093,psutil,process_memory_mb,7894.3671875,MiB,ok,,process,
0.1,de879c93-e652-4062-858a-5e3e8947b4f8,1787673133707,32093,win32_foreground,game_foreground,1.0,boolean,ok,,process,
0.1,de879c93-e652-4062-858a-5e3e8947b4f8,1787673130000,28386,presentmon,app_fps,47.71541571757722,fps,ok,,process,48
0.1,de879c93-e652-4062-858a-5e3e8947b4f8,1787673130000,28386,presentmon,frame_time_avg_ms,20.9575875,ms,ok,,process,48
0.1,de879c93-e652-4062-858a-5e3e8947b4f8,1787673130000,28386,presentmon,frame_time_p95_ms,27.7042,ms,ok,,process,48
0.1,de879c93-e652-4062-858a-5e3e8947b4f8,1787673130000,28386,presentmon,gpu_busy_median_ms,20.5471,ms,ok,,process,48
0.1,de879c93-e652-4062-858a-5e3e8947b4f8,1787673130000,28386,presentmon,gpu_busy_p95_ms,21.9581,ms,ok,,process,48
0.1,de879c93-e652-4062-858a-5e3e8947b4f8,1787673133707,32093,windows_pdh,process_gpu_pct,96.78695326115323,percent,ok,,process,
0.1,de879c93-e652-4062-858a-5e3e8947b4f8,1787673133707,32093,nvidia-smi,device_gpu_util_pct,95.0,percent,ok,,device,
0.1,de879c93-e652-4062-858a-5e3e8947b4f8,1787673133707,32093,nvidia-smi,device_vram_used_mb,4982.0,MiB,ok,,device,
0.1,de879c93-e652-4062-858a-5e3e8947b4f8,1787673133707,32093,nvidia-smi,device_gpu_temperature_c,65.0,celsius,ok,,device,
0.1,de879c93-e652-4062-858a-5e3e8947b4f8,1787673133707,32093,nvidia-smi,device_gpu_power_w,144.44,watt,ok,,device,
0.1,de879c93-e652-4062-858a-5e3e8947b4f8,1787673133707,32093,nvidia-smi,device_gpu_clock_mhz,1965.0,MHz,ok,,device,
0.1,de879c93-e652-4062-858a-5e3e8947b4f8,1787673134713,33099,psutil,process_cpu_pct_raw,785.9,percent,ok,,process,
0.1,de879c93-e652-4062-858a-5e3e8947b4f8,1787673134713,33099,psutil,process_cpu_pct,39.295,percent,ok,,process,
0.1,de879c93-e652-4062-858a-5e3e8947b4f8,1787673134713,33099,psutil,process_memory_mb,7891.44921875,MiB,ok,,process,
0.1,de879c93-e652-4062-858a-5e3e8947b4f8,1787673134713,33099,win32_foreground,game_foreground,1.0,boolean,ok,,process,
0.1,de879c93-e652-4062-858a-5e3e8947b4f8,1787673131000,29386,presentmon,app_fps,47.56996428406596,fps,ok,,process,47
0.1,de879c93-e652-4062-858a-5e3e8947b4f8,1787673131000,29386,presentmon,frame_time_avg_ms,21.021668085106384,ms,ok,,process,47
0.1,de879c93-e652-4062-858a-5e3e8947b4f8,1787673131000,29386,presentmon,frame_time_p95_ms,28.6704,ms,ok,,process,47
0.1,de879c93-e652-4062-858a-5e3e8947b4f8,1787673131000,29386,presentmon,gpu_busy_median_ms,19.9849,ms,ok,,process,47
0.1,de879c93-e652-4062-858a-5e3e8947b4f8,1787673131000,29386,presentmon,gpu_busy_p95_ms,21.0264,ms,ok,,process,47
0.1,de879c93-e652-4062-858a-5e3e8947b4f8,1787673134713,33099,windows_pdh,process_gpu_pct,97.90309181285049,percent,ok,,process,
0.1,de879c93-e652-4062-858a-5e3e8947b4f8,1787673135703,34089,psutil,process_cpu_pct_raw,647.2,percent,ok,,process,
0.1,de879c93-e652-4062-858a-5e3e8947b4f8,1787673135703,34089,psutil,process_cpu_pct,32.36,percent,ok,,process,
0.1,de879c93-e652-4062-858a-5e3e8947b4f8,1787673135703,34089,psutil,process_memory_mb,7895.5546875,MiB,ok,,process,
0.1,de879c93-e652-4062-858a-5e3e8947b4f8,1787673135703,34089,win32_foreground,game_foreground,1.0,boolean,ok,,process,
0.1,de879c93-e652-4062-858a-5e3e8947b4f8,1787673132000,30386,presentmon,app_fps,51.06181071465325,fps,ok,,process,52
0.1,de879c93-e652-4062-858a-5e3e8947b4f8,1787673132000,30386,presentmon,frame_time_avg_ms,19.584107692307693,ms,ok,,process,52
0.1,de879c93-e652-4062-858a-5e3e8947b4f8,1787673132000,30386,presentmon,frame_time_p95_ms,24.5749,ms,ok,,process,52
0.1,de879c93-e652-4062-858a-5e3e8947b4f8,1787673132000,30386,presentmon,gpu_busy_median_ms,19.0835,ms,ok,,process,52
0.1,de879c93-e652-4062-858a-5e3e8947b4f8,1787673132000,30386,presentmon,gpu_busy_p95_ms,20.3003,ms,ok,,process,52
0.1,de879c93-e652-4062-858a-5e3e8947b4f8,1787673135703,34089,windows_pdh,process_gpu_pct,98.385625094225,percent,ok,,process,
0.1,de879c93-e652-4062-858a-5e3e8947b4f8,1787673136709,35095,psutil,process_cpu_pct_raw,732.8,percent,ok,,process,
0.1,de879c93-e652-4062-858a-5e3e8947b4f8,1787673136709,35095,psutil,process_cpu_pct,36.64,percent,ok,,process,
0.1,de879c93-e652-4062-858a-5e3e8947b4f8,1787673136709,35095,psutil,process_memory_mb,7895.93359375,MiB,ok,,process,
0.1,de879c93-e652-4062-858a-5e3e8947b4f8,1787673136709,35095,win32_foreground,game_foreground,1.0,boolean,ok,,process,
0.1,de879c93-e652-4062-858a-5e3e8947b4f8,1787673133000,31386,presentmon,app_fps,52.04311047180855,fps,ok,,process,51
0.1,de879c93-e652-4062-858a-5e3e8947b4f8,1787673133000,31386,presentmon,frame_time_avg_ms,19.214839215686276,ms,ok,,process,51
0.1,de879c93-e652-4062-858a-5e3e8947b4f8,1787673133000,31386,presentmon,frame_time_p95_ms,24.9851,ms,ok,,process,51
0.1,de879c93-e652-4062-858a-5e3e8947b4f8,1787673133000,31386,presentmon,gpu_busy_median_ms,18.765,ms,ok,,process,51
0.1,de879c93-e652-4062-858a-5e3e8947b4f8,1787673133000,31386,presentmon,gpu_busy_p95_ms,19.7042,ms,ok,,process,51
0.1,de879c93-e652-4062-858a-5e3e8947b4f8,1787673136709,35095,windows_pdh,process_gpu_pct,95.43592909217581,percent,ok,,process,
0.1,de879c93-e652-4062-858a-5e3e8947b4f8,1787673137714,36100,psutil,process_cpu_pct_raw,671.9,percent,ok,,process,
0.1,de879c93-e652-4062-858a-5e3e8947b4f8,1787673137714,36100,psutil,process_cpu_pct,33.595,percent,ok,,process,
0.1,de879c93-e652-4062-858a-5e3e8947b4f8,1787673137714,36100,psutil,process_memory_mb,7895.58984375,MiB,ok,,process,
0.1,de879c93-e652-4062-858a-5e3e8947b4f8,1787673137714,36100,win32_foreground,game_foreground,1.0,boolean,ok,,process,
0.1,de879c93-e652-4062-858a-5e3e8947b4f8,1787673134000,32386,presentmon,app_fps,52.217366116643745,fps,ok,,process,53
0.1,de879c93-e652-4062-858a-5e3e8947b4f8,1787673134000,32386,presentmon,frame_time_avg_ms,19.150716981132074,ms,ok,,process,53
0.1,de879c93-e652-4062-858a-5e3e8947b4f8,1787673134000,32386,presentmon,frame_time_p95_ms,24.6471,ms,ok,,process,53
0.1,de879c93-e652-4062-858a-5e3e8947b4f8,1787673134000,32386,presentmon,gpu_busy_median_ms,18.9266,ms,ok,,process,53
0.1,de879c93-e652-4062-858a-5e3e8947b4f8,1787673134000,32386,presentmon,gpu_busy_p95_ms,19.8934,ms,ok,,process,53
0.1,de879c93-e652-4062-858a-5e3e8947b4f8,1787673137714,36100,windows_pdh,process_gpu_pct,98.95725146069604,percent,ok,,process,
0.1,de879c93-e652-4062-858a-5e3e8947b4f8,1787673138705,37091,psutil,process_cpu_pct_raw,652.0,percent,ok,,process,
0.1,de879c93-e652-4062-858a-5e3e8947b4f8,1787673138705,37091,psutil,process_cpu_pct,32.6,percent,ok,,process,
0.1,de879c93-e652-4062-858a-5e3e8947b4f8,1787673138705,37091,psutil,process_memory_mb,7893.796875,MiB,ok,,process,
0.1,de879c93-e652-4062-858a-5e3e8947b4f8,1787673138705,37091,win32_foreground,game_foreground,1.0,boolean,ok,,process,
0.1,de879c93-e652-4062-858a-5e3e8947b4f8,1787673135000,33386,presentmon,app_fps,51.49396097000083,fps,ok,,process,51
0.1,de879c93-e652-4062-858a-5e3e8947b4f8,1787673135000,33386,presentmon,frame_time_avg_ms,19.419752941176473,ms,ok,,process,51
0.1,de879c93-e652-4062-858a-5e3e8947b4f8,1787673135000,33386,presentmon,frame_time_p95_ms,33.1514,ms,ok,,process,51
0.1,de879c93-e652-4062-858a-5e3e8947b4f8,1787673135000,33386,presentmon,gpu_busy_median_ms,18.2471,ms,ok,,process,51
0.1,de879c93-e652-4062-858a-5e3e8947b4f8,1787673135000,33386,presentmon,gpu_busy_p95_ms,20.7687,ms,ok,,process,51
0.1,de879c93-e652-4062-858a-5e3e8947b4f8,1787673138705,37091,windows_pdh,process_gpu_pct,98.28462596730157,percent,ok,,process,
0.1,de879c93-e652-4062-858a-5e3e8947b4f8,1787673139710,38096,psutil,process_cpu_pct_raw,683.5,percent,ok,,process,
0.1,de879c93-e652-4062-858a-5e3e8947b4f8,1787673139710,38096,psutil,process_cpu_pct,34.175,percent,ok,,process,
0.1,de879c93-e652-4062-858a-5e3e8947b4f8,1787673139710,38096,psutil,process_memory_mb,7896.4140625,MiB,ok,,process,
0.1,de879c93-e652-4062-858a-5e3e8947b4f8,1787673139710,38096,win32_foreground,game_foreground,1.0,boolean,ok,,process,
0.1,de879c93-e652-4062-858a-5e3e8947b4f8,1787673136000,34386,presentmon,app_fps,54.49028155921068,fps,ok,,process,55
0.1,de879c93-e652-4062-858a-5e3e8947b4f8,1787673136000,34386,presentmon,frame_time_avg_ms,18.351896363636364,ms,ok,,process,55
0.1,de879c93-e652-4062-858a-5e3e8947b4f8,1787673136000,34386,presentmon,frame_time_p95_ms,25.1243,ms,ok,,process,55
0.1,de879c93-e652-4062-858a-5e3e8947b4f8,1787673136000,34386,presentmon,gpu_busy_median_ms,17.9341,ms,ok,,process,55
0.1,de879c93-e652-4062-858a-5e3e8947b4f8,1787673136000,34386,presentmon,gpu_busy_p95_ms,18.5625,ms,ok,,process,55
0.1,de879c93-e652-4062-858a-5e3e8947b4f8,1787673139710,38096,windows_pdh,process_gpu_pct,98.23747821956586,percent,ok,,process,
0.1,de879c93-e652-4062-858a-5e3e8947b4f8,1787673139710,38096,nvidia-smi,device_gpu_util_pct,96.0,percent,ok,,device,
0.1,de879c93-e652-4062-858a-5e3e8947b4f8,1787673139710,38096,nvidia-smi,device_vram_used_mb,4982.0,MiB,ok,,device,
0.1,de879c93-e652-4062-858a-5e3e8947b4f8,1787673139710,38096,nvidia-smi,device_gpu_temperature_c,65.0,celsius,ok,,device,
0.1,de879c93-e652-4062-858a-5e3e8947b4f8,1787673139710,38096,nvidia-smi,device_gpu_power_w,148.57,watt,ok,,device,
0.1,de879c93-e652-4062-858a-5e3e8947b4f8,1787673139710,38096,nvidia-smi,device_gpu_clock_mhz,1965.0,MHz,ok,,device,
0.1,de879c93-e652-4062-858a-5e3e8947b4f8,1787673140716,39102,psutil,process_cpu_pct_raw,609.4,percent,ok,,process,
0.1,de879c93-e652-4062-858a-5e3e8947b4f8,1787673140716,39102,psutil,process_cpu_pct,30.47,percent,ok,,process,
0.1,de879c93-e652-4062-858a-5e3e8947b4f8,1787673140716,39102,psutil,process_memory_mb,7896.44140625,MiB,ok,,process,
0.1,de879c93-e652-4062-858a-5e3e8947b4f8,1787673140716,39102,win32_foreground,game_foreground,1.0,boolean,ok,,process,
0.1,de879c93-e652-4062-858a-5e3e8947b4f8,1787673137000,35386,presentmon,app_fps,53.73944945049385,fps,ok,,process,53
0.1,de879c93-e652-4062-858a-5e3e8947b4f8,1787673137000,35386,presentmon,frame_time_avg_ms,18.608303773584904,ms,ok,,process,53
0.1,de879c93-e652-4062-858a-5e3e8947b4f8,1787673137000,35386,presentmon,frame_time_p95_ms,26.1035,ms,ok,,process,53
0.1,de879c93-e652-4062-858a-5e3e8947b4f8,1787673137000,35386,presentmon,gpu_busy_median_ms,18.4435,ms,ok,,process,53
0.1,de879c93-e652-4062-858a-5e3e8947b4f8,1787673137000,35386,presentmon,gpu_busy_p95_ms,19.1693,ms,ok,,process,53
0.1,de879c93-e652-4062-858a-5e3e8947b4f8,1787673140716,39102,windows_pdh,process_gpu_pct,98.62494208814415,percent,ok,,process,
0.1,de879c93-e652-4062-858a-5e3e8947b4f8,1787673141706,40092,psutil,process_cpu_pct_raw,679.7,percent,ok,,process,
0.1,de879c93-e652-4062-858a-5e3e8947b4f8,1787673141706,40092,psutil,process_cpu_pct,33.985,percent,ok,,process,
0.1,de879c93-e652-4062-858a-5e3e8947b4f8,1787673141706,40092,psutil,process_memory_mb,7897.61328125,MiB,ok,,process,
0.1,de879c93-e652-4062-858a-5e3e8947b4f8,1787673141706,40092,win32_foreground,game_foreground,1.0,boolean,ok,,process,
0.1,de879c93-e652-4062-858a-5e3e8947b4f8,1787673138000,36386,presentmon,app_fps,50.6513113078258,fps,ok,,process,51
0.1,de879c93-e652-4062-858a-5e3e8947b4f8,1787673138000,36386,presentmon,frame_time_avg_ms,19.74282549019608,ms,ok,,process,51
0.1,de879c93-e652-4062-858a-5e3e8947b4f8,1787673138000,36386,presentmon,frame_time_p95_ms,27.6404,ms,ok,,process,51
0.1,de879c93-e652-4062-858a-5e3e8947b4f8,1787673138000,36386,presentmon,gpu_busy_median_ms,19.2871,ms,ok,,process,51
0.1,de879c93-e652-4062-858a-5e3e8947b4f8,1787673138000,36386,presentmon,gpu_busy_p95_ms,20.4376,ms,ok,,process,51
0.1,de879c93-e652-4062-858a-5e3e8947b4f8,1787673141706,40092,windows_pdh,process_gpu_pct,98.55756345809904,percent,ok,,process,
0.1,de879c93-e652-4062-858a-5e3e8947b4f8,1787673142712,41098,psutil,process_cpu_pct_raw,556.2,percent,ok,,process,
0.1,de879c93-e652-4062-858a-5e3e8947b4f8,1787673142712,41098,psutil,process_cpu_pct,27.810000000000002,percent,ok,,process,
0.1,de879c93-e652-4062-858a-5e3e8947b4f8,1787673142712,41098,psutil,process_memory_mb,7898.3359375,MiB,ok,,process,
0.1,de879c93-e652-4062-858a-5e3e8947b4f8,1787673142712,41098,win32_foreground,game_foreground,1.0,boolean,ok,,process,
0.1,de879c93-e652-4062-858a-5e3e8947b4f8,1787673139000,37386,presentmon,app_fps,51.52704867829652,fps,ok,,process,52
0.1,de879c93-e652-4062-858a-5e3e8947b4f8,1787673139000,37386,presentmon,frame_time_avg_ms,19.407282692307692,ms,ok,,process,52
0.1,de879c93-e652-4062-858a-5e3e8947b4f8,1787673139000,37386,presentmon,frame_time_p95_ms,23.0662,ms,ok,,process,52
0.1,de879c93-e652-4062-858a-5e3e8947b4f8,1787673139000,37386,presentmon,gpu_busy_median_ms,18.9906,ms,ok,,process,52
0.1,de879c93-e652-4062-858a-5e3e8947b4f8,1787673139000,37386,presentmon,gpu_busy_p95_ms,19.8277,ms,ok,,process,52
0.1,de879c93-e652-4062-858a-5e3e8947b4f8,1787673142712,41098,windows_pdh,process_gpu_pct,98.15195911468072,percent,ok,,process,
0.1,de879c93-e652-4062-858a-5e3e8947b4f8,1787673143702,42088,psutil,process_cpu_pct_raw,631.3,percent,ok,,process,
0.1,de879c93-e652-4062-858a-5e3e8947b4f8,1787673143702,42088,psutil,process_cpu_pct,31.564999999999998,percent,ok,,process,
0.1,de879c93-e652-4062-858a-5e3e8947b4f8,1787673143702,42088,psutil,process_memory_mb,7898.75390625,MiB,ok,,process,
0.1,de879c93-e652-4062-858a-5e3e8947b4f8,1787673143702,42088,win32_foreground,game_foreground,1.0,boolean,ok,,process,
0.1,de879c93-e652-4062-858a-5e3e8947b4f8,1787673140000,38386,presentmon,app_fps,50.61679602969951,fps,ok,,process,50
0.1,de879c93-e652-4062-858a-5e3e8947b4f8,1787673140000,38386,presentmon,frame_time_avg_ms,19.756287999999998,ms,ok,,process,50
0.1,de879c93-e652-4062-858a-5e3e8947b4f8,1787673140000,38386,presentmon,frame_time_p95_ms,27.6408,ms,ok,,process,50
0.1,de879c93-e652-4062-858a-5e3e8947b4f8,1787673140000,38386,presentmon,gpu_busy_median_ms,19.09365,ms,ok,,process,50
0.1,de879c93-e652-4062-858a-5e3e8947b4f8,1787673140000,38386,presentmon,gpu_busy_p95_ms,21.4744,ms,ok,,process,50
0.1,de879c93-e652-4062-858a-5e3e8947b4f8,1787673143702,42088,windows_pdh,process_gpu_pct,98.00141173114545,percent,ok,,process,
0.1,de879c93-e652-4062-858a-5e3e8947b4f8,1787673144707,43093,psutil,process_cpu_pct_raw,715.8,percent,ok,,process,
0.1,de879c93-e652-4062-858a-5e3e8947b4f8,1787673144707,43093,psutil,process_cpu_pct,35.79,percent,ok,,process,
0.1,de879c93-e652-4062-858a-5e3e8947b4f8,1787673144707,43093,psutil,process_memory_mb,7899.109375,MiB,ok,,process,
0.1,de879c93-e652-4062-858a-5e3e8947b4f8,1787673144707,43093,win32_foreground,game_foreground,1.0,boolean,ok,,process,
0.1,de879c93-e652-4062-858a-5e3e8947b4f8,1787673141000,39386,presentmon,app_fps,52.03252553170987,fps,ok,,process,52
0.1,de879c93-e652-4062-858a-5e3e8947b4f8,1787673141000,39386,presentmon,frame_time_avg_ms,19.218748076923077,ms,ok,,process,52
0.1,de879c93-e652-4062-858a-5e3e8947b4f8,1787673141000,39386,presentmon,frame_time_p95_ms,25.7356,ms,ok,,process,52
0.1,de879c93-e652-4062-858a-5e3e8947b4f8,1787673141000,39386,presentmon,gpu_busy_median_ms,18.8902,ms,ok,,process,52
0.1,de879c93-e652-4062-858a-5e3e8947b4f8,1787673141000,39386,presentmon,gpu_busy_p95_ms,19.7679,ms,ok,,process,52
0.1,de879c93-e652-4062-858a-5e3e8947b4f8,1787673144707,43093,windows_pdh,process_gpu_pct,98.78307824068902,percent,ok,,process,
0.1,de879c93-e652-4062-858a-5e3e8947b4f8,1787673144707,43093,nvidia-smi,device_gpu_util_pct,96.0,percent,ok,,device,
0.1,de879c93-e652-4062-858a-5e3e8947b4f8,1787673144707,43093,nvidia-smi,device_vram_used_mb,5030.0,MiB,ok,,device,
0.1,de879c93-e652-4062-858a-5e3e8947b4f8,1787673144707,43093,nvidia-smi,device_gpu_temperature_c,65.0,celsius,ok,,device,
0.1,de879c93-e652-4062-858a-5e3e8947b4f8,1787673144707,43093,nvidia-smi,device_gpu_power_w,147.34,watt,ok,,device,
0.1,de879c93-e652-4062-858a-5e3e8947b4f8,1787673144707,43093,nvidia-smi,device_gpu_clock_mhz,1965.0,MHz,ok,,device,
0.1,de879c93-e652-4062-858a-5e3e8947b4f8,1787673145713,44099,psutil,process_cpu_pct_raw,609.4,percent,ok,,process,
0.1,de879c93-e652-4062-858a-5e3e8947b4f8,1787673145713,44099,psutil,process_cpu_pct,30.47,percent,ok,,process,
0.1,de879c93-e652-4062-858a-5e3e8947b4f8,1787673145713,44099,psutil,process_memory_mb,7898.375,MiB,ok,,process,
0.1,de879c93-e652-4062-858a-5e3e8947b4f8,1787673145713,44099,win32_foreground,game_foreground,1.0,boolean,ok,,process,
0.1,de879c93-e652-4062-858a-5e3e8947b4f8,1787673142000,40386,presentmon,app_fps,50.87201618169011,fps,ok,,process,51
0.1,de879c93-e652-4062-858a-5e3e8947b4f8,1787673142000,40386,presentmon,frame_time_avg_ms,19.65717254901961,ms,ok,,process,51
0.1,de879c93-e652-4062-858a-5e3e8947b4f8,1787673142000,40386,presentmon,frame_time_p95_ms,26.9909,ms,ok,,process,51
0.1,de879c93-e652-4062-858a-5e3e8947b4f8,1787673142000,40386,presentmon,gpu_busy_median_ms,19.2712,ms,ok,,process,51
0.1,de879c93-e652-4062-858a-5e3e8947b4f8,1787673142000,40386,presentmon,gpu_busy_p95_ms,20.0471,ms,ok,,process,51
0.1,de879c93-e652-4062-858a-5e3e8947b4f8,1787673145713,44099,windows_pdh,process_gpu_pct,98.98165058948344,percent,ok,,process,
0.1,de879c93-e652-4062-858a-5e3e8947b4f8,1787673146703,45089,psutil,process_cpu_pct_raw,712.2,percent,ok,,process,
0.1,de879c93-e652-4062-858a-5e3e8947b4f8,1787673146703,45089,psutil,process_cpu_pct,35.61,percent,ok,,process,
0.1,de879c93-e652-4062-858a-5e3e8947b4f8,1787673146703,45089,psutil,process_memory_mb,7897.41796875,MiB,ok,,process,
0.1,de879c93-e652-4062-858a-5e3e8947b4f8,1787673146703,45089,win32_foreground,game_foreground,1.0,boolean,ok,,process,
0.1,de879c93-e652-4062-858a-5e3e8947b4f8,1787673143000,41386,presentmon,app_fps,52.95534275945096,fps,ok,,process,53
0.1,de879c93-e652-4062-858a-5e3e8947b4f8,1787673143000,41386,presentmon,frame_time_avg_ms,18.883835849056602,ms,ok,,process,53
0.1,de879c93-e652-4062-858a-5e3e8947b4f8,1787673143000,41386,presentmon,frame_time_p95_ms,24.574,ms,ok,,process,53
0.1,de879c93-e652-4062-858a-5e3e8947b4f8,1787673143000,41386,presentmon,gpu_busy_median_ms,18.5123,ms,ok,,process,53
0.1,de879c93-e652-4062-858a-5e3e8947b4f8,1787673143000,41386,presentmon,gpu_busy_p95_ms,19.2945,ms,ok,,process,53
0.1,de879c93-e652-4062-858a-5e3e8947b4f8,1787673146703,45089,windows_pdh,process_gpu_pct,98.6902187857976,percent,ok,,process,
0.1,de879c93-e652-4062-858a-5e3e8947b4f8,1787673147709,46095,psutil,process_cpu_pct_raw,609.6,percent,ok,,process,
0.1,de879c93-e652-4062-858a-5e3e8947b4f8,1787673147709,46095,psutil,process_cpu_pct,30.48,percent,ok,,process,
0.1,de879c93-e652-4062-858a-5e3e8947b4f8,1787673147709,46095,psutil,process_memory_mb,7895.52734375,MiB,ok,,process,
0.1,de879c93-e652-4062-858a-5e3e8947b4f8,1787673147709,46095,win32_foreground,game_foreground,1.0,boolean,ok,,process,
0.1,de879c93-e652-4062-858a-5e3e8947b4f8,1787673144000,42386,presentmon,app_fps,52.26305563794245,fps,ok,,process,52
0.1,de879c93-e652-4062-858a-5e3e8947b4f8,1787673144000,42386,presentmon,frame_time_avg_ms,19.133975,ms,ok,,process,52
0.1,de879c93-e652-4062-858a-5e3e8947b4f8,1787673144000,42386,presentmon,frame_time_p95_ms,24.1351,ms,ok,,process,52
0.1,de879c93-e652-4062-858a-5e3e8947b4f8,1787673144000,42386,presentmon,gpu_busy_median_ms,18.8916,ms,ok,,process,52
0.1,de879c93-e652-4062-858a-5e3e8947b4f8,1787673144000,42386,presentmon,gpu_busy_p95_ms,19.7173,ms,ok,,process,52
0.1,de879c93-e652-4062-858a-5e3e8947b4f8,1787673147709,46095,windows_pdh,process_gpu_pct,98.36318749429907,percent,ok,,process,
0.1,de879c93-e652-4062-858a-5e3e8947b4f8,1787673148714,47100,psutil,process_cpu_pct_raw,532.8,percent,ok,,process,
0.1,de879c93-e652-4062-858a-5e3e8947b4f8,1787673148714,47100,psutil,process_cpu_pct,26.639999999999997,percent,ok,,process,
0.1,de879c93-e652-4062-858a-5e3e8947b4f8,1787673148714,47100,psutil,process_memory_mb,7897.09375,MiB,ok,,process,
0.1,de879c93-e652-4062-858a-5e3e8947b4f8,1787673148714,47100,win32_foreground,game_foreground,1.0,boolean,ok,,process,
0.1,de879c93-e652-4062-858a-5e3e8947b4f8,1787673145000,43386,presentmon,app_fps,49.85907332923492,fps,ok,,process,50
0.1,de879c93-e652-4062-858a-5e3e8947b4f8,1787673145000,43386,presentmon,frame_time_avg_ms,20.05653,ms,ok,,process,50
0.1,de879c93-e652-4062-858a-5e3e8947b4f8,1787673145000,43386,presentmon,frame_time_p95_ms,23.5083,ms,ok,,process,50
0.1,de879c93-e652-4062-858a-5e3e8947b4f8,1787673145000,43386,presentmon,gpu_busy_median_ms,19.485,ms,ok,,process,50
0.1,de879c93-e652-4062-858a-5e3e8947b4f8,1787673145000,43386,presentmon,gpu_busy_p95_ms,21.2575,ms,ok,,process,50
0.1,de879c93-e652-4062-858a-5e3e8947b4f8,1787673148714,47100,windows_pdh,process_gpu_pct,99.02971088618607,percent,ok,,process,
0.1,de879c93-e652-4062-858a-5e3e8947b4f8,1787673149705,48091,psutil,process_cpu_pct_raw,625.0,percent,ok,,process,
0.1,de879c93-e652-4062-858a-5e3e8947b4f8,1787673149705,48091,psutil,process_cpu_pct,31.25,percent,ok,,process,
0.1,de879c93-e652-4062-858a-5e3e8947b4f8,1787673149705,48091,psutil,process_memory_mb,7896.41015625,MiB,ok,,process,
0.1,de879c93-e652-4062-858a-5e3e8947b4f8,1787673149705,48091,win32_foreground,game_foreground,1.0,boolean,ok,,process,
0.1,de879c93-e652-4062-858a-5e3e8947b4f8,1787673146000,44386,presentmon,app_fps,49.13862497491674,fps,ok,,process,49
0.1,de879c93-e652-4062-858a-5e3e8947b4f8,1787673146000,44386,presentmon,frame_time_avg_ms,20.350589795918367,ms,ok,,process,49
0.1,de879c93-e652-4062-858a-5e3e8947b4f8,1787673146000,44386,presentmon,frame_time_p95_ms,26.3087,ms,ok,,process,49
0.1,de879c93-e652-4062-858a-5e3e8947b4f8,1787673146000,44386,presentmon,gpu_busy_median_ms,19.9326,ms,ok,,process,49
0.1,de879c93-e652-4062-858a-5e3e8947b4f8,1787673146000,44386,presentmon,gpu_busy_p95_ms,21.6567,ms,ok,,process,49
0.1,de879c93-e652-4062-858a-5e3e8947b4f8,1787673149705,48091,windows_pdh,process_gpu_pct,99.08862839756067,percent,ok,,process,
0.1,de879c93-e652-4062-858a-5e3e8947b4f8,1787673150710,49096,psutil,process_cpu_pct_raw,492.6,percent,ok,,process,
0.1,de879c93-e652-4062-858a-5e3e8947b4f8,1787673150710,49096,psutil,process_cpu_pct,24.630000000000003,percent,ok,,process,
0.1,de879c93-e652-4062-858a-5e3e8947b4f8,1787673150710,49096,psutil,process_memory_mb,7906.66015625,MiB,ok,,process,
0.1,de879c93-e652-4062-858a-5e3e8947b4f8,1787673150710,49096,win32_foreground,game_foreground,1.0,boolean,ok,,process,
0.1,de879c93-e652-4062-858a-5e3e8947b4f8,1787673147000,45386,presentmon,app_fps,46.41600771572309,fps,ok,,process,47
0.1,de879c93-e652-4062-858a-5e3e8947b4f8,1787673147000,45386,presentmon,frame_time_avg_ms,21.5442914893617,ms,ok,,process,47
0.1,de879c93-e652-4062-858a-5e3e8947b4f8,1787673147000,45386,presentmon,frame_time_p95_ms,27.1942,ms,ok,,process,47
0.1,de879c93-e652-4062-858a-5e3e8947b4f8,1787673147000,45386,presentmon,gpu_busy_median_ms,21.2559,ms,ok,,process,47
0.1,de879c93-e652-4062-858a-5e3e8947b4f8,1787673147000,45386,presentmon,gpu_busy_p95_ms,22.7681,ms,ok,,process,47
0.1,de879c93-e652-4062-858a-5e3e8947b4f8,1787673150710,49096,windows_pdh,process_gpu_pct,92.57744486397105,percent,ok,,process,
0.1,de879c93-e652-4062-858a-5e3e8947b4f8,1787673150710,49096,nvidia-smi,device_gpu_util_pct,97.0,percent,ok,,device,
0.1,de879c93-e652-4062-858a-5e3e8947b4f8,1787673150710,49096,nvidia-smi,device_vram_used_mb,5025.0,MiB,ok,,device,
0.1,de879c93-e652-4062-858a-5e3e8947b4f8,1787673150710,49096,nvidia-smi,device_gpu_temperature_c,64.0,celsius,ok,,device,
0.1,de879c93-e652-4062-858a-5e3e8947b4f8,1787673150710,49096,nvidia-smi,device_gpu_power_w,120.89,watt,ok,,device,
0.1,de879c93-e652-4062-858a-5e3e8947b4f8,1787673150710,49096,nvidia-smi,device_gpu_clock_mhz,1965.0,MHz,ok,,device,
0.1,de879c93-e652-4062-858a-5e3e8947b4f8,1787673151716,50102,psutil,process_cpu_pct_raw,528.1,percent,ok,,process,
0.1,de879c93-e652-4062-858a-5e3e8947b4f8,1787673151716,50102,psutil,process_cpu_pct,26.405,percent,ok,,process,
0.1,de879c93-e652-4062-858a-5e3e8947b4f8,1787673151716,50102,psutil,process_memory_mb,7917.2265625,MiB,ok,,process,
0.1,de879c93-e652-4062-858a-5e3e8947b4f8,1787673151716,50102,win32_foreground,game_foreground,1.0,boolean,ok,,process,
0.1,de879c93-e652-4062-858a-5e3e8947b4f8,1787673148000,46386,presentmon,app_fps,51.03928493761648,fps,ok,,process,51
0.1,de879c93-e652-4062-858a-5e3e8947b4f8,1787673148000,46386,presentmon,frame_time_avg_ms,19.592750980392157,ms,ok,,process,51
0.1,de879c93-e652-4062-858a-5e3e8947b4f8,1787673148000,46386,presentmon,frame_time_p95_ms,25.8023,ms,ok,,process,51
0.1,de879c93-e652-4062-858a-5e3e8947b4f8,1787673148000,46386,presentmon,gpu_busy_median_ms,18.9979,ms,ok,,process,51
0.1,de879c93-e652-4062-858a-5e3e8947b4f8,1787673148000,46386,presentmon,gpu_busy_p95_ms,20.0901,ms,ok,,process,51
0.1,de879c93-e652-4062-858a-5e3e8947b4f8,1787673151716,50102,windows_pdh,process_gpu_pct,96.38570990036914,percent,ok,,process,
0.1,de879c93-e652-4062-858a-5e3e8947b4f8,1787673152706,51092,psutil,process_cpu_pct_raw,701.6,percent,ok,,process,
0.1,de879c93-e652-4062-858a-5e3e8947b4f8,1787673152706,51092,psutil,process_cpu_pct,35.08,percent,ok,,process,
0.1,de879c93-e652-4062-858a-5e3e8947b4f8,1787673152706,51092,psutil,process_memory_mb,7917.140625,MiB,ok,,process,
0.1,de879c93-e652-4062-858a-5e3e8947b4f8,1787673152706,51092,win32_foreground,game_foreground,1.0,boolean,ok,,process,
0.1,de879c93-e652-4062-858a-5e3e8947b4f8,1787673149000,47386,presentmon,app_fps,47.75622833247687,fps,ok,,process,48
0.1,de879c93-e652-4062-858a-5e3e8947b4f8,1787673149000,47386,presentmon,frame_time_avg_ms,20.939677083333333,ms,ok,,process,48
0.1,de879c93-e652-4062-858a-5e3e8947b4f8,1787673149000,47386,presentmon,frame_time_p95_ms,24.0034,ms,ok,,process,48
0.1,de879c93-e652-4062-858a-5e3e8947b4f8,1787673149000,47386,presentmon,gpu_busy_median_ms,19.131349999999998,ms,ok,,process,48
0.1,de879c93-e652-4062-858a-5e3e8947b4f8,1787673149000,47386,presentmon,gpu_busy_p95_ms,20.3262,ms,ok,,process,48
0.1,de879c93-e652-4062-858a-5e3e8947b4f8,1787673152706,51092,windows_pdh,process_gpu_pct,96.05047196201554,percent,ok,,process,
0.1,de879c93-e652-4062-858a-5e3e8947b4f8,1787673153712,52098,psutil,process_cpu_pct_raw,756.2,percent,ok,,process,
0.1,de879c93-e652-4062-858a-5e3e8947b4f8,1787673153712,52098,psutil,process_cpu_pct,37.81,percent,ok,,process,
0.1,de879c93-e652-4062-858a-5e3e8947b4f8,1787673153712,52098,psutil,process_memory_mb,7917.81640625,MiB,ok,,process,
0.1,de879c93-e652-4062-858a-5e3e8947b4f8,1787673153712,52098,win32_foreground,game_foreground,1.0,boolean,ok,,process,
0.1,de879c93-e652-4062-858a-5e3e8947b4f8,1787673150000,48386,presentmon,app_fps,48.15445541574601,fps,ok,,process,48
0.1,de879c93-e652-4062-858a-5e3e8947b4f8,1787673150000,48386,presentmon,frame_time_avg_ms,20.766510416666666,ms,ok,,process,48
0.1,de879c93-e652-4062-858a-5e3e8947b4f8,1787673150000,48386,presentmon,frame_time_p95_ms,28.5556,ms,ok,,process,48
0.1,de879c93-e652-4062-858a-5e3e8947b4f8,1787673150000,48386,presentmon,gpu_busy_median_ms,19.4882,ms,ok,,process,48
0.1,de879c93-e652-4062-858a-5e3e8947b4f8,1787673150000,48386,presentmon,gpu_busy_p95_ms,24.4011,ms,ok,,process,48
0.1,de879c93-e652-4062-858a-5e3e8947b4f8,1787673153712,52098,windows_pdh,process_gpu_pct,98.18445860912294,percent,ok,,process,
0.1,de879c93-e652-4062-858a-5e3e8947b4f8,1787673154702,53088,psutil,process_cpu_pct_raw,869.3,percent,ok,,process,
0.1,de879c93-e652-4062-858a-5e3e8947b4f8,1787673154702,53088,psutil,process_cpu_pct,43.464999999999996,percent,ok,,process,
0.1,de879c93-e652-4062-858a-5e3e8947b4f8,1787673154702,53088,psutil,process_memory_mb,7919.08203125,MiB,ok,,process,
0.1,de879c93-e652-4062-858a-5e3e8947b4f8,1787673154702,53088,win32_foreground,game_foreground,1.0,boolean,ok,,process,
0.1,de879c93-e652-4062-858a-5e3e8947b4f8,1787673151000,49386,presentmon,app_fps,43.78805268857151,fps,ok,,process,44
0.1,de879c93-e652-4062-858a-5e3e8947b4f8,1787673151000,49386,presentmon,frame_time_avg_ms,22.837279545454546,ms,ok,,process,44
0.1,de879c93-e652-4062-858a-5e3e8947b4f8,1787673151000,49386,presentmon,frame_time_p95_ms,31.2311,ms,ok,,process,44
0.1,de879c93-e652-4062-858a-5e3e8947b4f8,1787673151000,49386,presentmon,gpu_busy_median_ms,21.8925,ms,ok,,process,44
0.1,de879c93-e652-4062-858a-5e3e8947b4f8,1787673151000,49386,presentmon,gpu_busy_p95_ms,26.5637,ms,ok,,process,44
0.1,de879c93-e652-4062-858a-5e3e8947b4f8,1787673154702,53088,windows_pdh,process_gpu_pct,95.73829349397795,percent,ok,,process,
0.1,de879c93-e652-4062-858a-5e3e8947b4f8,1787673155707,54093,psutil,process_cpu_pct_raw,743.5,percent,ok,,process,
0.1,de879c93-e652-4062-858a-5e3e8947b4f8,1787673155707,54093,psutil,process_cpu_pct,37.175,percent,ok,,process,
0.1,de879c93-e652-4062-858a-5e3e8947b4f8,1787673155707,54093,psutil,process_memory_mb,7922.76171875,MiB,ok,,process,
0.1,de879c93-e652-4062-858a-5e3e8947b4f8,1787673155707,54093,win32_foreground,game_foreground,1.0,boolean,ok,,process,
0.1,de879c93-e652-4062-858a-5e3e8947b4f8,1787673152000,50386,presentmon,app_fps,49.61410855141687,fps,ok,,process,49
0.1,de879c93-e652-4062-858a-5e3e8947b4f8,1787673152000,50386,presentmon,frame_time_avg_ms,20.15555714285714,ms,ok,,process,49
0.1,de879c93-e652-4062-858a-5e3e8947b4f8,1787673152000,50386,presentmon,frame_time_p95_ms,23.6444,ms,ok,,process,49
0.1,de879c93-e652-4062-858a-5e3e8947b4f8,1787673152000,50386,presentmon,gpu_busy_median_ms,19.5302,ms,ok,,process,49
0.1,de879c93-e652-4062-858a-5e3e8947b4f8,1787673152000,50386,presentmon,gpu_busy_p95_ms,22.0689,ms,ok,,process,49
0.1,de879c93-e652-4062-858a-5e3e8947b4f8,1787673155707,54093,windows_pdh,process_gpu_pct,96.50608555155603,percent,ok,,process,
0.1,de879c93-e652-4062-858a-5e3e8947b4f8,1787673155707,54093,nvidia-smi,device_gpu_util_pct,93.0,percent,ok,,device,
0.1,de879c93-e652-4062-858a-5e3e8947b4f8,1787673155707,54093,nvidia-smi,device_vram_used_mb,5054.0,MiB,ok,,device,
0.1,de879c93-e652-4062-858a-5e3e8947b4f8,1787673155707,54093,nvidia-smi,device_gpu_temperature_c,64.0,celsius,ok,,device,
0.1,de879c93-e652-4062-858a-5e3e8947b4f8,1787673155707,54093,nvidia-smi,device_gpu_power_w,140.07,watt,ok,,device,
0.1,de879c93-e652-4062-858a-5e3e8947b4f8,1787673155707,54093,nvidia-smi,device_gpu_clock_mhz,1965.0,MHz,ok,,device,
0.1,de879c93-e652-4062-858a-5e3e8947b4f8,1787673156713,55099,psutil,process_cpu_pct_raw,815.6,percent,ok,,process,
0.1,de879c93-e652-4062-858a-5e3e8947b4f8,1787673156713,55099,psutil,process_cpu_pct,40.78,percent,ok,,process,
0.1,de879c93-e652-4062-858a-5e3e8947b4f8,1787673156713,55099,psutil,process_memory_mb,7925.3125,MiB,ok,,process,
0.1,de879c93-e652-4062-858a-5e3e8947b4f8,1787673156713,55099,win32_foreground,game_foreground,1.0,boolean,ok,,process,
0.1,de879c93-e652-4062-858a-5e3e8947b4f8,1787673153000,51386,presentmon,app_fps,50.25638293755594,fps,ok,,process,50
0.1,de879c93-e652-4062-858a-5e3e8947b4f8,1787673153000,51386,presentmon,frame_time_avg_ms,19.89797,ms,ok,,process,50
0.1,de879c93-e652-4062-858a-5e3e8947b4f8,1787673153000,51386,presentmon,frame_time_p95_ms,26.9351,ms,ok,,process,50
0.1,de879c93-e652-4062-858a-5e3e8947b4f8,1787673153000,51386,presentmon,gpu_busy_median_ms,18.728450000000002,ms,ok,,process,50
0.1,de879c93-e652-4062-858a-5e3e8947b4f8,1787673153000,51386,presentmon,gpu_busy_p95_ms,20.5219,ms,ok,,process,50
0.1,de879c93-e652-4062-858a-5e3e8947b4f8,1787673156713,55099,windows_pdh,process_gpu_pct,95.72798328632113,percent,ok,,process,
0.1,de879c93-e652-4062-858a-5e3e8947b4f8,1787673157703,56089,psutil,process_cpu_pct_raw,664.7,percent,ok,,process,
0.1,de879c93-e652-4062-858a-5e3e8947b4f8,1787673157703,56089,psutil,process_cpu_pct,33.235,percent,ok,,process,
0.1,de879c93-e652-4062-858a-5e3e8947b4f8,1787673157703,56089,psutil,process_memory_mb,7926.046875,MiB,ok,,process,
0.1,de879c93-e652-4062-858a-5e3e8947b4f8,1787673157703,56089,win32_foreground,game_foreground,1.0,boolean,ok,,process,
0.1,de879c93-e652-4062-858a-5e3e8947b4f8,1787673154000,52386,presentmon,app_fps,52.721461972108955,fps,ok,,process,53
0.1,de879c93-e652-4062-858a-5e3e8947b4f8,1787673154000,52386,presentmon,frame_time_avg_ms,18.96760754716981,ms,ok,,process,53
0.1,de879c93-e652-4062-858a-5e3e8947b4f8,1787673154000,52386,presentmon,frame_time_p95_ms,26.2192,ms,ok,,process,53
0.1,de879c93-e652-4062-858a-5e3e8947b4f8,1787673154000,52386,presentmon,gpu_busy_median_ms,17.9645,ms,ok,,process,53
0.1,de879c93-e652-4062-858a-5e3e8947b4f8,1787673154000,52386,presentmon,gpu_busy_p95_ms,18.9219,ms,ok,,process,53
0.1,de879c93-e652-4062-858a-5e3e8947b4f8,1787673157703,56089,windows_pdh,process_gpu_pct,96.05760071573827,percent,ok,,process,
0.1,de879c93-e652-4062-858a-5e3e8947b4f8,1787673158709,57095,psutil,process_cpu_pct_raw,769.7,percent,ok,,process,
0.1,de879c93-e652-4062-858a-5e3e8947b4f8,1787673158709,57095,psutil,process_cpu_pct,38.485,percent,ok,,process,
0.1,de879c93-e652-4062-858a-5e3e8947b4f8,1787673158709,57095,psutil,process_memory_mb,7926.44921875,MiB,ok,,process,
0.1,de879c93-e652-4062-858a-5e3e8947b4f8,1787673158709,57095,win32_foreground,game_foreground,1.0,boolean,ok,,process,
0.1,de879c93-e652-4062-858a-5e3e8947b4f8,1787673155000,53386,presentmon,app_fps,52.95081398888573,fps,ok,,process,53
0.1,de879c93-e652-4062-858a-5e3e8947b4f8,1787673155000,53386,presentmon,frame_time_avg_ms,18.885450943396226,ms,ok,,process,53
0.1,de879c93-e652-4062-858a-5e3e8947b4f8,1787673155000,53386,presentmon,frame_time_p95_ms,22.2692,ms,ok,,process,53
0.1,de879c93-e652-4062-858a-5e3e8947b4f8,1787673155000,53386,presentmon,gpu_busy_median_ms,18.0576,ms,ok,,process,53
0.1,de879c93-e652-4062-858a-5e3e8947b4f8,1787673155000,53386,presentmon,gpu_busy_p95_ms,19.1284,ms,ok,,process,53
0.1,de879c93-e652-4062-858a-5e3e8947b4f8,1787673158709,57095,windows_pdh,process_gpu_pct,96.0742189155804,percent,ok,,process,
0.1,de879c93-e652-4062-858a-5e3e8947b4f8,1787673159714,58100,psutil,process_cpu_pct_raw,760.9,percent,ok,,process,
0.1,de879c93-e652-4062-858a-5e3e8947b4f8,1787673159714,58100,psutil,process_cpu_pct,38.045,percent,ok,,process,
0.1,de879c93-e652-4062-858a-5e3e8947b4f8,1787673159714,58100,psutil,process_memory_mb,7927.15234375,MiB,ok,,process,
0.1,de879c93-e652-4062-858a-5e3e8947b4f8,1787673159714,58100,win32_foreground,game_foreground,1.0,boolean,ok,,process,
0.1,de879c93-e652-4062-858a-5e3e8947b4f8,1787673156000,54386,presentmon,app_fps,51.9768910742284,fps,ok,,process,52
0.1,de879c93-e652-4062-858a-5e3e8947b4f8,1787673156000,54386,presentmon,frame_time_avg_ms,19.239319230769233,ms,ok,,process,52
0.1,de879c93-e652-4062-858a-5e3e8947b4f8,1787673156000,54386,presentmon,frame_time_p95_ms,22.76,ms,ok,,process,52
0.1,de879c93-e652-4062-858a-5e3e8947b4f8,1787673156000,54386,presentmon,gpu_busy_median_ms,18.235950000000003,ms,ok,,process,52
0.1,de879c93-e652-4062-858a-5e3e8947b4f8,1787673156000,54386,presentmon,gpu_busy_p95_ms,21.163,ms,ok,,process,52
0.1,de879c93-e652-4062-858a-5e3e8947b4f8,1787673159714,58100,windows_pdh,process_gpu_pct,90.03139278326319,percent,ok,,process,
0.1,de879c93-e652-4062-858a-5e3e8947b4f8,1787673160704,59090,psutil,process_cpu_pct_raw,724.9,percent,ok,,process,
0.1,de879c93-e652-4062-858a-5e3e8947b4f8,1787673160704,59090,psutil,process_cpu_pct,36.245,percent,ok,,process,
0.1,de879c93-e652-4062-858a-5e3e8947b4f8,1787673160704,59090,psutil,process_memory_mb,7932.61328125,MiB,ok,,process,
0.1,de879c93-e652-4062-858a-5e3e8947b4f8,1787673160704,59090,win32_foreground,game_foreground,1.0,boolean,ok,,process,
0.1,de879c93-e652-4062-858a-5e3e8947b4f8,1787673157000,55386,presentmon,app_fps,54.9696897130922,fps,ok,,process,55
0.1,de879c93-e652-4062-858a-5e3e8947b4f8,1787673157000,55386,presentmon,frame_time_avg_ms,18.191843636363636,ms,ok,,process,55
0.1,de879c93-e652-4062-858a-5e3e8947b4f8,1787673157000,55386,presentmon,frame_time_p95_ms,21.843,ms,ok,,process,55
0.1,de879c93-e652-4062-858a-5e3e8947b4f8,1787673157000,55386,presentmon,gpu_busy_median_ms,17.0995,ms,ok,,process,55
0.1,de879c93-e652-4062-858a-5e3e8947b4f8,1787673157000,55386,presentmon,gpu_busy_p95_ms,18.3066,ms,ok,,process,55
0.1,de879c93-e652-4062-858a-5e3e8947b4f8,1787673160704,59090,windows_pdh,process_gpu_pct,94.76174929798985,percent,ok,,process,
0.1,de879c93-e652-4062-858a-5e3e8947b4f8,1787673161710,60096,psutil,process_cpu_pct_raw,848.2,percent,ok,,process,
0.1,de879c93-e652-4062-858a-5e3e8947b4f8,1787673161710,60096,psutil,process_cpu_pct,42.410000000000004,percent,ok,,process,
0.1,de879c93-e652-4062-858a-5e3e8947b4f8,1787673161710,60096,psutil,process_memory_mb,7934.60546875,MiB,ok,,process,
0.1,de879c93-e652-4062-858a-5e3e8947b4f8,1787673161710,60096,win32_foreground,game_foreground,1.0,boolean,ok,,process,
0.1,de879c93-e652-4062-858a-5e3e8947b4f8,1787673158000,56386,presentmon,app_fps,52.3261804786316,fps,ok,,process,52
0.1,de879c93-e652-4062-858a-5e3e8947b4f8,1787673158000,56386,presentmon,frame_time_avg_ms,19.110892307692307,ms,ok,,process,52
0.1,de879c93-e652-4062-858a-5e3e8947b4f8,1787673158000,56386,presentmon,frame_time_p95_ms,23.5585,ms,ok,,process,52
0.1,de879c93-e652-4062-858a-5e3e8947b4f8,1787673158000,56386,presentmon,gpu_busy_median_ms,17.0035,ms,ok,,process,52
0.1,de879c93-e652-4062-858a-5e3e8947b4f8,1787673158000,56386,presentmon,gpu_busy_p95_ms,18.474,ms,ok,,process,52
0.1,de879c93-e652-4062-858a-5e3e8947b4f8,1787673161710,60096,windows_pdh,process_gpu_pct,95.28149889649735,percent,ok,,process,
0.1,de879c93-e652-4062-858a-5e3e8947b4f8,1787673161710,60096,nvidia-smi,device_gpu_util_pct,93.0,percent,ok,,device,
0.1,de879c93-e652-4062-858a-5e3e8947b4f8,1787673161710,60096,nvidia-smi,device_vram_used_mb,5046.0,MiB,ok,,device,
0.1,de879c93-e652-4062-858a-5e3e8947b4f8,1787673161710,60096,nvidia-smi,device_gpu_temperature_c,64.0,celsius,ok,,device,
0.1,de879c93-e652-4062-858a-5e3e8947b4f8,1787673161710,60096,nvidia-smi,device_gpu_power_w,142.77,watt,ok,,device,
0.1,de879c93-e652-4062-858a-5e3e8947b4f8,1787673161710,60096,nvidia-smi,device_gpu_clock_mhz,1965.0,MHz,ok,,device,
0.1,de879c93-e652-4062-858a-5e3e8947b4f8,1787673162700,61086,psutil,process_cpu_pct_raw,726.5,percent,ok,,process,
0.1,de879c93-e652-4062-858a-5e3e8947b4f8,1787673162700,61086,psutil,process_cpu_pct,36.325,percent,ok,,process,
0.1,de879c93-e652-4062-858a-5e3e8947b4f8,1787673162700,61086,psutil,process_memory_mb,7935.57421875,MiB,ok,,process,
0.1,de879c93-e652-4062-858a-5e3e8947b4f8,1787673162700,61086,win32_foreground,game_foreground,1.0,boolean,ok,,process,
0.1,de879c93-e652-4062-858a-5e3e8947b4f8,1787673159000,57386,presentmon,app_fps,52.001003619369854,fps,ok,,process,52
0.1,de879c93-e652-4062-858a-5e3e8947b4f8,1787673159000,57386,presentmon,frame_time_avg_ms,19.230398076923077,ms,ok,,process,52
0.1,de879c93-e652-4062-858a-5e3e8947b4f8,1787673159000,57386,presentmon,frame_time_p95_ms,24.7666,ms,ok,,process,52
0.1,de879c93-e652-4062-858a-5e3e8947b4f8,1787673159000,57386,presentmon,gpu_busy_median_ms,18.38495,ms,ok,,process,52
0.1,de879c93-e652-4062-858a-5e3e8947b4f8,1787673159000,57386,presentmon,gpu_busy_p95_ms,21.4924,ms,ok,,process,52
0.1,de879c93-e652-4062-858a-5e3e8947b4f8,1787673162700,61086,windows_pdh,process_gpu_pct,84.77740898463804,percent,ok,,process,
0.1,de879c93-e652-4062-858a-5e3e8947b4f8,1787673163706,62092,psutil,process_cpu_pct_raw,777.4,percent,ok,,process,
0.1,de879c93-e652-4062-858a-5e3e8947b4f8,1787673163706,62092,psutil,process_cpu_pct,38.87,percent,ok,,process,
0.1,de879c93-e652-4062-858a-5e3e8947b4f8,1787673163706,62092,psutil,process_memory_mb,7937.765625,MiB,ok,,process,
0.1,de879c93-e652-4062-858a-5e3e8947b4f8,1787673163706,62092,win32_foreground,game_foreground,1.0,boolean,ok,,process,
0.1,de879c93-e652-4062-858a-5e3e8947b4f8,1787673160000,58386,presentmon,app_fps,50.98035217227281,fps,ok,,process,51
0.1,de879c93-e652-4062-858a-5e3e8947b4f8,1787673160000,58386,presentmon,frame_time_avg_ms,19.6154,ms,ok,,process,51
0.1,de879c93-e652-4062-858a-5e3e8947b4f8,1787673160000,58386,presentmon,frame_time_p95_ms,24.4021,ms,ok,,process,51
0.1,de879c93-e652-4062-858a-5e3e8947b4f8,1787673160000,58386,presentmon,gpu_busy_median_ms,17.8983,ms,ok,,process,51
0.1,de879c93-e652-4062-858a-5e3e8947b4f8,1787673160000,58386,presentmon,gpu_busy_p95_ms,19.8973,ms,ok,,process,51
0.1,de879c93-e652-4062-858a-5e3e8947b4f8,1787673163706,62092,windows_pdh,process_gpu_pct,94.95628776765514,percent,ok,,process,
0.1,de879c93-e652-4062-858a-5e3e8947b4f8,1787673164712,63098,psutil,process_cpu_pct_raw,731.2,percent,ok,,process,
0.1,de879c93-e652-4062-858a-5e3e8947b4f8,1787673164712,63098,psutil,process_cpu_pct,36.56,percent,ok,,process,
0.1,de879c93-e652-4062-858a-5e3e8947b4f8,1787673164712,63098,psutil,process_memory_mb,7938.58984375,MiB,ok,,process,
0.1,de879c93-e652-4062-858a-5e3e8947b4f8,1787673164712,63098,win32_foreground,game_foreground,1.0,boolean,ok,,process,
0.1,de879c93-e652-4062-858a-5e3e8947b4f8,1787673161000,59386,presentmon,app_fps,47.861784738033506,fps,ok,,process,48
0.1,de879c93-e652-4062-858a-5e3e8947b4f8,1787673161000,59386,presentmon,frame_time_avg_ms,20.893495833333333,ms,ok,,process,48
0.1,de879c93-e652-4062-858a-5e3e8947b4f8,1787673161000,59386,presentmon,frame_time_p95_ms,28.9728,ms,ok,,process,48
0.1,de879c93-e652-4062-858a-5e3e8947b4f8,1787673161000,59386,presentmon,gpu_busy_median_ms,17.947200000000002,ms,ok,,process,48
0.1,de879c93-e652-4062-858a-5e3e8947b4f8,1787673161000,59386,presentmon,gpu_busy_p95_ms,19.9464,ms,ok,,process,48
0.1,de879c93-e652-4062-858a-5e3e8947b4f8,1787673164712,63098,windows_pdh,process_gpu_pct,95.25894128841468,percent,ok,,process,
0.1,de879c93-e652-4062-858a-5e3e8947b4f8,1787673165702,64088,psutil,process_cpu_pct_raw,623.4,percent,ok,,process,
0.1,de879c93-e652-4062-858a-5e3e8947b4f8,1787673165702,64088,psutil,process_cpu_pct,31.169999999999998,percent,ok,,process,
0.1,de879c93-e652-4062-858a-5e3e8947b4f8,1787673165702,64088,psutil,process_memory_mb,7938.828125,MiB,ok,,process,
0.1,de879c93-e652-4062-858a-5e3e8947b4f8,1787673165702,64088,win32_foreground,game_foreground,1.0,boolean,ok,,process,
0.1,de879c93-e652-4062-858a-5e3e8947b4f8,1787673162000,60386,presentmon,app_fps,52.71191357871823,fps,ok,,process,53
0.1,de879c93-e652-4062-858a-5e3e8947b4f8,1787673162000,60386,presentmon,frame_time_avg_ms,18.971043396226413,ms,ok,,process,53
0.1,de879c93-e652-4062-858a-5e3e8947b4f8,1787673162000,60386,presentmon,frame_time_p95_ms,23.0441,ms,ok,,process,53
0.1,de879c93-e652-4062-858a-5e3e8947b4f8,1787673162000,60386,presentmon,gpu_busy_median_ms,17.9092,ms,ok,,process,53
0.1,de879c93-e652-4062-858a-5e3e8947b4f8,1787673162000,60386,presentmon,gpu_busy_p95_ms,18.5534,ms,ok,,process,53
0.1,de879c93-e652-4062-858a-5e3e8947b4f8,1787673165702,64088,windows_pdh,process_gpu_pct,98.54958249974702,percent,ok,,process,
0.1,de879c93-e652-4062-858a-5e3e8947b4f8,1787673166707,65093,psutil,process_cpu_pct_raw,757.4,percent,ok,,process,
0.1,de879c93-e652-4062-858a-5e3e8947b4f8,1787673166707,65093,psutil,process_cpu_pct,37.87,percent,ok,,process,
0.1,de879c93-e652-4062-858a-5e3e8947b4f8,1787673166707,65093,psutil,process_memory_mb,7939.5234375,MiB,ok,,process,
0.1,de879c93-e652-4062-858a-5e3e8947b4f8,1787673166707,65093,win32_foreground,game_foreground,1.0,boolean,ok,,process,
0.1,de879c93-e652-4062-858a-5e3e8947b4f8,1787673163000,61386,presentmon,app_fps,53.67196223276173,fps,ok,,process,53
0.1,de879c93-e652-4062-858a-5e3e8947b4f8,1787673163000,61386,presentmon,frame_time_avg_ms,18.631701886792452,ms,ok,,process,53
0.1,de879c93-e652-4062-858a-5e3e8947b4f8,1787673163000,61386,presentmon,frame_time_p95_ms,23.2583,ms,ok,,process,53
0.1,de879c93-e652-4062-858a-5e3e8947b4f8,1787673163000,61386,presentmon,gpu_busy_median_ms,17.9659,ms,ok,,process,53
0.1,de879c93-e652-4062-858a-5e3e8947b4f8,1787673163000,61386,presentmon,gpu_busy_p95_ms,19.8481,ms,ok,,process,53
0.1,de879c93-e652-4062-858a-5e3e8947b4f8,1787673166707,65093,windows_pdh,process_gpu_pct,94.61916813572338,percent,ok,,process,
0.1,de879c93-e652-4062-858a-5e3e8947b4f8,1787673166707,65093,nvidia-smi,device_gpu_util_pct,96.0,percent,ok,,device,
0.1,de879c93-e652-4062-858a-5e3e8947b4f8,1787673166707,65093,nvidia-smi,device_vram_used_mb,5044.0,MiB,ok,,device,
0.1,de879c93-e652-4062-858a-5e3e8947b4f8,1787673166707,65093,nvidia-smi,device_gpu_temperature_c,64.0,celsius,ok,,device,
0.1,de879c93-e652-4062-858a-5e3e8947b4f8,1787673166707,65093,nvidia-smi,device_gpu_power_w,139.42,watt,ok,,device,
0.1,de879c93-e652-4062-858a-5e3e8947b4f8,1787673166707,65093,nvidia-smi,device_gpu_clock_mhz,1965.0,MHz,ok,,device,
0.1,de879c93-e652-4062-858a-5e3e8947b4f8,1787673167713,66099,psutil,process_cpu_pct_raw,798.4,percent,ok,,process,
0.1,de879c93-e652-4062-858a-5e3e8947b4f8,1787673167713,66099,psutil,process_cpu_pct,39.92,percent,ok,,process,
0.1,de879c93-e652-4062-858a-5e3e8947b4f8,1787673167713,66099,psutil,process_memory_mb,7911.53125,MiB,ok,,process,
0.1,de879c93-e652-4062-858a-5e3e8947b4f8,1787673167713,66099,win32_foreground,game_foreground,1.0,boolean,ok,,process,
0.1,de879c93-e652-4062-858a-5e3e8947b4f8,1787673164000,62386,presentmon,app_fps,51.944341637934954,fps,ok,,process,52
0.1,de879c93-e652-4062-858a-5e3e8947b4f8,1787673164000,62386,presentmon,frame_time_avg_ms,19.251375,ms,ok,,process,52
0.1,de879c93-e652-4062-858a-5e3e8947b4f8,1787673164000,62386,presentmon,frame_time_p95_ms,22.6622,ms,ok,,process,52
0.1,de879c93-e652-4062-858a-5e3e8947b4f8,1787673164000,62386,presentmon,gpu_busy_median_ms,18.6941,ms,ok,,process,52
0.1,de879c93-e652-4062-858a-5e3e8947b4f8,1787673164000,62386,presentmon,gpu_busy_p95_ms,20.1937,ms,ok,,process,52
0.1,de879c93-e652-4062-858a-5e3e8947b4f8,1787673167713,66099,windows_pdh,process_gpu_pct,96.53792478042499,percent,ok,,process,
0.1,de879c93-e652-4062-858a-5e3e8947b4f8,1787673168703,67089,psutil,process_cpu_pct_raw,815.4,percent,ok,,process,
0.1,de879c93-e652-4062-858a-5e3e8947b4f8,1787673168703,67089,psutil,process_cpu_pct,40.769999999999996,percent,ok,,process,
0.1,de879c93-e652-4062-858a-5e3e8947b4f8,1787673168703,67089,psutil,process_memory_mb,7922.984375,MiB,ok,,process,
0.1,de879c93-e652-4062-858a-5e3e8947b4f8,1787673168703,67089,win32_foreground,game_foreground,1.0,boolean,ok,,process,
0.1,de879c93-e652-4062-858a-5e3e8947b4f8,1787673165000,63386,presentmon,app_fps,48.19103160967782,fps,ok,,process,49
0.1,de879c93-e652-4062-858a-5e3e8947b4f8,1787673165000,63386,presentmon,frame_time_avg_ms,20.750748979591837,ms,ok,,process,49
0.1,de879c93-e652-4062-858a-5e3e8947b4f8,1787673165000,63386,presentmon,frame_time_p95_ms,25.9795,ms,ok,,process,49
0.1,de879c93-e652-4062-858a-5e3e8947b4f8,1787673165000,63386,presentmon,gpu_busy_median_ms,19.5375,ms,ok,,process,49
0.1,de879c93-e652-4062-858a-5e3e8947b4f8,1787673165000,63386,presentmon,gpu_busy_p95_ms,20.8908,ms,ok,,process,49
0.1,de879c93-e652-4062-858a-5e3e8947b4f8,1787673168703,67089,windows_pdh,process_gpu_pct,97.01729768083335,percent,ok,,process,
0.1,de879c93-e652-4062-858a-5e3e8947b4f8,1787673169709,68095,psutil,process_cpu_pct_raw,660.4,percent,ok,,process,
0.1,de879c93-e652-4062-858a-5e3e8947b4f8,1787673169709,68095,psutil,process_cpu_pct,33.019999999999996,percent,ok,,process,
0.1,de879c93-e652-4062-858a-5e3e8947b4f8,1787673169709,68095,psutil,process_memory_mb,7922.2109375,MiB,ok,,process,
0.1,de879c93-e652-4062-858a-5e3e8947b4f8,1787673169709,68095,win32_foreground,game_foreground,1.0,boolean,ok,,process,
0.1,de879c93-e652-4062-858a-5e3e8947b4f8,1787673166000,64386,presentmon,app_fps,50.68217703466894,fps,ok,,process,50
0.1,de879c93-e652-4062-858a-5e3e8947b4f8,1787673166000,64386,presentmon,frame_time_avg_ms,19.730802,ms,ok,,process,50
0.1,de879c93-e652-4062-858a-5e3e8947b4f8,1787673166000,64386,presentmon,frame_time_p95_ms,24.1617,ms,ok,,process,50
0.1,de879c93-e652-4062-858a-5e3e8947b4f8,1787673166000,64386,presentmon,gpu_busy_median_ms,19.1809,ms,ok,,process,50
0.1,de879c93-e652-4062-858a-5e3e8947b4f8,1787673166000,64386,presentmon,gpu_busy_p95_ms,20.2418,ms,ok,,process,50
0.1,de879c93-e652-4062-858a-5e3e8947b4f8,1787673169709,68095,windows_pdh,process_gpu_pct,97.59291120893012,percent,ok,,process,
0.1,de879c93-e652-4062-858a-5e3e8947b4f8,1787673170714,69100,psutil,process_cpu_pct_raw,720.3,percent,ok,,process,
0.1,de879c93-e652-4062-858a-5e3e8947b4f8,1787673170714,69100,psutil,process_cpu_pct,36.015,percent,ok,,process,
0.1,de879c93-e652-4062-858a-5e3e8947b4f8,1787673170714,69100,psutil,process_memory_mb,7921.26171875,MiB,ok,,process,
0.1,de879c93-e652-4062-858a-5e3e8947b4f8,1787673170714,69100,win32_foreground,game_foreground,1.0,boolean,ok,,process,
0.1,de879c93-e652-4062-858a-5e3e8947b4f8,1787673167000,65386,presentmon,app_fps,53.99109686812645,fps,ok,,process,54
0.1,de879c93-e652-4062-858a-5e3e8947b4f8,1787673167000,65386,presentmon,frame_time_avg_ms,18.521572222222222,ms,ok,,process,54
0.1,de879c93-e652-4062-858a-5e3e8947b4f8,1787673167000,65386,presentmon,frame_time_p95_ms,28.9739,ms,ok,,process,54
0.1,de879c93-e652-4062-858a-5e3e8947b4f8,1787673167000,65386,presentmon,gpu_busy_median_ms,17.58715,ms,ok,,process,54
0.1,de879c93-e652-4062-858a-5e3e8947b4f8,1787673167000,65386,presentmon,gpu_busy_p95_ms,19.3063,ms,ok,,process,54
0.1,de879c93-e652-4062-858a-5e3e8947b4f8,1787673170714,69100,windows_pdh,process_gpu_pct,96.03462207825898,percent,ok,,process,
0.1,de879c93-e652-4062-858a-5e3e8947b4f8,1787673171704,70090,psutil,process_cpu_pct_raw,770.9,percent,ok,,process,
0.1,de879c93-e652-4062-858a-5e3e8947b4f8,1787673171704,70090,psutil,process_cpu_pct,38.545,percent,ok,,process,
0.1,de879c93-e652-4062-858a-5e3e8947b4f8,1787673171704,70090,psutil,process_memory_mb,7921.359375,MiB,ok,,process,
0.1,de879c93-e652-4062-858a-5e3e8947b4f8,1787673171704,70090,win32_foreground,game_foreground,1.0,boolean,ok,,process,
0.1,de879c93-e652-4062-858a-5e3e8947b4f8,1787673168000,66386,presentmon,app_fps,55.701922303178996,fps,ok,,process,56
0.1,de879c93-e652-4062-858a-5e3e8947b4f8,1787673168000,66386,presentmon,frame_time_avg_ms,17.952701785714286,ms,ok,,process,56
0.1,de879c93-e652-4062-858a-5e3e8947b4f8,1787673168000,66386,presentmon,frame_time_p95_ms,22.1943,ms,ok,,process,56
0.1,de879c93-e652-4062-858a-5e3e8947b4f8,1787673168000,66386,presentmon,gpu_busy_median_ms,17.414749999999998,ms,ok,,process,56
0.1,de879c93-e652-4062-858a-5e3e8947b4f8,1787673168000,66386,presentmon,gpu_busy_p95_ms,18.6257,ms,ok,,process,56
0.1,de879c93-e652-4062-858a-5e3e8947b4f8,1787673171704,70090,windows_pdh,process_gpu_pct,97.3720295709353,percent,ok,,process,
0.1,de879c93-e652-4062-858a-5e3e8947b4f8,1787673172710,71096,psutil,process_cpu_pct_raw,823.6,percent,ok,,process,
0.1,de879c93-e652-4062-858a-5e3e8947b4f8,1787673172710,71096,psutil,process_cpu_pct,41.18,percent,ok,,process,
0.1,de879c93-e652-4062-858a-5e3e8947b4f8,1787673172710,71096,psutil,process_memory_mb,7921.390625,MiB,ok,,process,
0.1,de879c93-e652-4062-858a-5e3e8947b4f8,1787673172710,71096,win32_foreground,game_foreground,1.0,boolean,ok,,process,
0.1,de879c93-e652-4062-858a-5e3e8947b4f8,1787673169000,67386,presentmon,app_fps,56.0530149415317,fps,ok,,process,56
0.1,de879c93-e652-4062-858a-5e3e8947b4f8,1787673169000,67386,presentmon,frame_time_avg_ms,17.840253571428573,ms,ok,,process,56
0.1,de879c93-e652-4062-858a-5e3e8947b4f8,1787673169000,67386,presentmon,frame_time_p95_ms,22.5547,ms,ok,,process,56
0.1,de879c93-e652-4062-858a-5e3e8947b4f8,1787673169000,67386,presentmon,gpu_busy_median_ms,17.16135,ms,ok,,process,56
0.1,de879c93-e652-4062-858a-5e3e8947b4f8,1787673169000,67386,presentmon,gpu_busy_p95_ms,17.7382,ms,ok,,process,56
0.1,de879c93-e652-4062-858a-5e3e8947b4f8,1787673172710,71096,windows_pdh,process_gpu_pct,94.34120622518155,percent,ok,,process,
0.1,de879c93-e652-4062-858a-5e3e8947b4f8,1787673172710,71096,nvidia-smi,device_gpu_util_pct,95.0,percent,ok,,device,
0.1,de879c93-e652-4062-858a-5e3e8947b4f8,1787673172710,71096,nvidia-smi,device_vram_used_mb,4967.0,MiB,ok,,device,
0.1,de879c93-e652-4062-858a-5e3e8947b4f8,1787673172710,71096,nvidia-smi,device_gpu_temperature_c,63.0,celsius,ok,,device,
0.1,de879c93-e652-4062-858a-5e3e8947b4f8,1787673172710,71096,nvidia-smi,device_gpu_power_w,143.44,watt,ok,,device,
0.1,de879c93-e652-4062-858a-5e3e8947b4f8,1787673172710,71096,nvidia-smi,device_gpu_clock_mhz,1965.0,MHz,ok,,device,
0.1,de879c93-e652-4062-858a-5e3e8947b4f8,1787673173716,72102,psutil,process_cpu_pct_raw,760.9,percent,ok,,process,
0.1,de879c93-e652-4062-858a-5e3e8947b4f8,1787673173716,72102,psutil,process_cpu_pct,38.045,percent,ok,,process,
0.1,de879c93-e652-4062-858a-5e3e8947b4f8,1787673173716,72102,psutil,process_memory_mb,7918.47265625,MiB,ok,,process,
0.1,de879c93-e652-4062-858a-5e3e8947b4f8,1787673173716,72102,win32_foreground,game_foreground,1.0,boolean,ok,,process,
0.1,de879c93-e652-4062-858a-5e3e8947b4f8,1787673170000,68386,presentmon,app_fps,56.77367175753857,fps,ok,,process,57
0.1,de879c93-e652-4062-858a-5e3e8947b4f8,1787673170000,68386,presentmon,frame_time_avg_ms,17.613798245614035,ms,ok,,process,57
0.1,de879c93-e652-4062-858a-5e3e8947b4f8,1787673170000,68386,presentmon,frame_time_p95_ms,23.8935,ms,ok,,process,57
0.1,de879c93-e652-4062-858a-5e3e8947b4f8,1787673170000,68386,presentmon,gpu_busy_median_ms,16.9928,ms,ok,,process,57
0.1,de879c93-e652-4062-858a-5e3e8947b4f8,1787673170000,68386,presentmon,gpu_busy_p95_ms,17.5513,ms,ok,,process,57
0.1,de879c93-e652-4062-858a-5e3e8947b4f8,1787673173716,72102,windows_pdh,process_gpu_pct,97.34262578755438,percent,ok,,process,
0.1,de879c93-e652-4062-858a-5e3e8947b4f8,1787673174706,73092,psutil,process_cpu_pct_raw,846.9,percent,ok,,process,
0.1,de879c93-e652-4062-858a-5e3e8947b4f8,1787673174706,73092,psutil,process_cpu_pct,42.345,percent,ok,,process,
0.1,de879c93-e652-4062-858a-5e3e8947b4f8,1787673174706,73092,psutil,process_memory_mb,7925.87109375,MiB,ok,,process,
0.1,de879c93-e652-4062-858a-5e3e8947b4f8,1787673174706,73092,win32_foreground,game_foreground,1.0,boolean,ok,,process,
0.1,de879c93-e652-4062-858a-5e3e8947b4f8,1787673171000,69386,presentmon,app_fps,55.28132111502224,fps,ok,,process,55
0.1,de879c93-e652-4062-858a-5e3e8947b4f8,1787673171000,69386,presentmon,frame_time_avg_ms,18.089292727272728,ms,ok,,process,55
0.1,de879c93-e652-4062-858a-5e3e8947b4f8,1787673171000,69386,presentmon,frame_time_p95_ms,24.1803,ms,ok,,process,55
0.1,de879c93-e652-4062-858a-5e3e8947b4f8,1787673171000,69386,presentmon,gpu_busy_median_ms,17.0954,ms,ok,,process,55
0.1,de879c93-e652-4062-858a-5e3e8947b4f8,1787673171000,69386,presentmon,gpu_busy_p95_ms,17.5027,ms,ok,,process,55
0.1,de879c93-e652-4062-858a-5e3e8947b4f8,1787673174706,73092,windows_pdh,process_gpu_pct,92.56073982289408,percent,ok,,process,
0.1,de879c93-e652-4062-858a-5e3e8947b4f8,1787673175696,74082,psutil,process_cpu_pct_raw,726.5,percent,ok,,process,
0.1,de879c93-e652-4062-858a-5e3e8947b4f8,1787673175696,74082,psutil,process_cpu_pct,36.325,percent,ok,,process,
0.1,de879c93-e652-4062-858a-5e3e8947b4f8,1787673175696,74082,psutil,process_memory_mb,7924.34375,MiB,ok,,process,
0.1,de879c93-e652-4062-858a-5e3e8947b4f8,1787673175696,74082,win32_foreground,game_foreground,1.0,boolean,ok,,process,
0.1,de879c93-e652-4062-858a-5e3e8947b4f8,1787673172000,70386,presentmon,app_fps,56.551523795690656,fps,ok,,process,57
0.1,de879c93-e652-4062-858a-5e3e8947b4f8,1787673172000,70386,presentmon,frame_time_avg_ms,17.68298947368421,ms,ok,,process,57
0.1,de879c93-e652-4062-858a-5e3e8947b4f8,1787673172000,70386,presentmon,frame_time_p95_ms,23.4465,ms,ok,,process,57
0.1,de879c93-e652-4062-858a-5e3e8947b4f8,1787673172000,70386,presentmon,gpu_busy_median_ms,16.9708,ms,ok,,process,57
0.1,de879c93-e652-4062-858a-5e3e8947b4f8,1787673172000,70386,presentmon,gpu_busy_p95_ms,17.6843,ms,ok,,process,57
0.1,de879c93-e652-4062-858a-5e3e8947b4f8,1787673175696,74082,windows_pdh,process_gpu_pct,95.77524559678048,percent,ok,,process,
0.1,de879c93-e652-4062-858a-5e3e8947b4f8,1787673176702,75088,psutil,process_cpu_pct_raw,678.1,percent,ok,,process,
0.1,de879c93-e652-4062-858a-5e3e8947b4f8,1787673176702,75088,psutil,process_cpu_pct,33.905,percent,ok,,process,
0.1,de879c93-e652-4062-858a-5e3e8947b4f8,1787673176702,75088,psutil,process_memory_mb,7966.12890625,MiB,ok,,process,
0.1,de879c93-e652-4062-858a-5e3e8947b4f8,1787673176702,75088,win32_foreground,game_foreground,1.0,boolean,ok,,process,
0.1,de879c93-e652-4062-858a-5e3e8947b4f8,1787673173000,71386,presentmon,app_fps,51.90646861465197,fps,ok,,process,51
0.1,de879c93-e652-4062-858a-5e3e8947b4f8,1787673173000,71386,presentmon,frame_time_avg_ms,19.265421568627453,ms,ok,,process,51
0.1,de879c93-e652-4062-858a-5e3e8947b4f8,1787673173000,71386,presentmon,frame_time_p95_ms,28.6763,ms,ok,,process,51
0.1,de879c93-e652-4062-858a-5e3e8947b4f8,1787673173000,71386,presentmon,gpu_busy_median_ms,17.5875,ms,ok,,process,51
0.1,de879c93-e652-4062-858a-5e3e8947b4f8,1787673173000,71386,presentmon,gpu_busy_p95_ms,18.1989,ms,ok,,process,51
0.1,de879c93-e652-4062-858a-5e3e8947b4f8,1787673176702,75088,windows_pdh,process_gpu_pct,88.91741954772479,percent,ok,,process,
0.1,de879c93-e652-4062-858a-5e3e8947b4f8,1787673177707,76093,psutil,process_cpu_pct_raw,799.0,percent,ok,,process,
0.1,de879c93-e652-4062-858a-5e3e8947b4f8,1787673177707,76093,psutil,process_cpu_pct,39.95,percent,ok,,process,
0.1,de879c93-e652-4062-858a-5e3e8947b4f8,1787673177707,76093,psutil,process_memory_mb,7964.94921875,MiB,ok,,process,
0.1,de879c93-e652-4062-858a-5e3e8947b4f8,1787673177707,76093,win32_foreground,game_foreground,1.0,boolean,ok,,process,
0.1,de879c93-e652-4062-858a-5e3e8947b4f8,1787673174000,72386,presentmon,app_fps,54.94761039710834,fps,ok,,process,56
0.1,de879c93-e652-4062-858a-5e3e8947b4f8,1787673174000,72386,presentmon,frame_time_avg_ms,18.19915357142857,ms,ok,,process,56
0.1,de879c93-e652-4062-858a-5e3e8947b4f8,1787673174000,72386,presentmon,frame_time_p95_ms,22.42,ms,ok,,process,56
0.1,de879c93-e652-4062-858a-5e3e8947b4f8,1787673174000,72386,presentmon,gpu_busy_median_ms,17.490949999999998,ms,ok,,process,56
0.1,de879c93-e652-4062-858a-5e3e8947b4f8,1787673174000,72386,presentmon,gpu_busy_p95_ms,18.5017,ms,ok,,process,56
0.1,de879c93-e652-4062-858a-5e3e8947b4f8,1787673177707,76093,windows_pdh,process_gpu_pct,90.09689733442566,percent,ok,,process,
0.1,de879c93-e652-4062-858a-5e3e8947b4f8,1787673177707,76093,nvidia-smi,device_gpu_util_pct,85.0,percent,ok,,device,
0.1,de879c93-e652-4062-858a-5e3e8947b4f8,1787673177707,76093,nvidia-smi,device_vram_used_mb,4969.0,MiB,ok,,device,
0.1,de879c93-e652-4062-858a-5e3e8947b4f8,1787673177707,76093,nvidia-smi,device_gpu_temperature_c,64.0,celsius,ok,,device,
0.1,de879c93-e652-4062-858a-5e3e8947b4f8,1787673177707,76093,nvidia-smi,device_gpu_power_w,144.54,watt,ok,,device,
0.1,de879c93-e652-4062-858a-5e3e8947b4f8,1787673177707,76093,nvidia-smi,device_gpu_clock_mhz,1965.0,MHz,ok,,device,
0.1,de879c93-e652-4062-858a-5e3e8947b4f8,1787673178713,77099,psutil,process_cpu_pct_raw,631.2,percent,ok,,process,
0.1,de879c93-e652-4062-858a-5e3e8947b4f8,1787673178713,77099,psutil,process_cpu_pct,31.560000000000002,percent,ok,,process,
0.1,de879c93-e652-4062-858a-5e3e8947b4f8,1787673178713,77099,psutil,process_memory_mb,7964.73046875,MiB,ok,,process,
0.1,de879c93-e652-4062-858a-5e3e8947b4f8,1787673178713,77099,win32_foreground,game_foreground,1.0,boolean,ok,,process,
0.1,de879c93-e652-4062-858a-5e3e8947b4f8,1787673175000,73386,presentmon,app_fps,49.37246090784267,fps,ok,,process,49
0.1,de879c93-e652-4062-858a-5e3e8947b4f8,1787673175000,73386,presentmon,frame_time_avg_ms,20.25420612244898,ms,ok,,process,49
0.1,de879c93-e652-4062-858a-5e3e8947b4f8,1787673175000,73386,presentmon,frame_time_p95_ms,28.3215,ms,ok,,process,49
0.1,de879c93-e652-4062-858a-5e3e8947b4f8,1787673175000,73386,presentmon,gpu_busy_median_ms,17.8782,ms,ok,,process,49
0.1,de879c93-e652-4062-858a-5e3e8947b4f8,1787673175000,73386,presentmon,gpu_busy_p95_ms,18.7723,ms,ok,,process,49
0.1,de879c93-e652-4062-858a-5e3e8947b4f8,1787673178713,77099,windows_pdh,process_gpu_pct,94.17275961018281,percent,ok,,process,
0.1,de879c93-e652-4062-858a-5e3e8947b4f8,1787673179703,78089,psutil,process_cpu_pct_raw,739.2,percent,ok,,process,
0.1,de879c93-e652-4062-858a-5e3e8947b4f8,1787673179703,78089,psutil,process_cpu_pct,36.96,percent,ok,,process,
0.1,de879c93-e652-4062-858a-5e3e8947b4f8,1787673179703,78089,psutil,process_memory_mb,7963.36328125,MiB,ok,,process,
0.1,de879c93-e652-4062-858a-5e3e8947b4f8,1787673179703,78089,win32_foreground,game_foreground,1.0,boolean,ok,,process,
0.1,de879c93-e652-4062-858a-5e3e8947b4f8,1787673176000,74386,presentmon,app_fps,49.64737455746813,fps,ok,,process,50
0.1,de879c93-e652-4062-858a-5e3e8947b4f8,1787673176000,74386,presentmon,frame_time_avg_ms,20.142052,ms,ok,,process,50
0.1,de879c93-e652-4062-858a-5e3e8947b4f8,1787673176000,74386,presentmon,frame_time_p95_ms,26.0613,ms,ok,,process,50
0.1,de879c93-e652-4062-858a-5e3e8947b4f8,1787673176000,74386,presentmon,gpu_busy_median_ms,17.6312,ms,ok,,process,50
0.1,de879c93-e652-4062-858a-5e3e8947b4f8,1787673176000,74386,presentmon,gpu_busy_p95_ms,19.4958,ms,ok,,process,50
0.1,de879c93-e652-4062-858a-5e3e8947b4f8,1787673179703,78089,windows_pdh,process_gpu_pct,90.54166749650281,percent,ok,,process,
0.1,de879c93-e652-4062-858a-5e3e8947b4f8,1787673180709,79095,psutil,process_cpu_pct_raw,640.4,percent,ok,,process,
0.1,de879c93-e652-4062-858a-5e3e8947b4f8,1787673180709,79095,psutil,process_cpu_pct,32.019999999999996,percent,ok,,process,
0.1,de879c93-e652-4062-858a-5e3e8947b4f8,1787673180709,79095,psutil,process_memory_mb,7963.63671875,MiB,ok,,process,
0.1,de879c93-e652-4062-858a-5e3e8947b4f8,1787673180709,79095,win32_foreground,game_foreground,1.0,boolean,ok,,process,
0.1,de879c93-e652-4062-858a-5e3e8947b4f8,1787673177000,75386,presentmon,app_fps,52.77703094895842,fps,ok,,process,52
0.1,de879c93-e652-4062-858a-5e3e8947b4f8,1787673177000,75386,presentmon,frame_time_avg_ms,18.947636538461538,ms,ok,,process,52
0.1,de879c93-e652-4062-858a-5e3e8947b4f8,1787673177000,75386,presentmon,frame_time_p95_ms,24.6333,ms,ok,,process,52
0.1,de879c93-e652-4062-858a-5e3e8947b4f8,1787673177000,75386,presentmon,gpu_busy_median_ms,17.9217,ms,ok,,process,52
0.1,de879c93-e652-4062-858a-5e3e8947b4f8,1787673177000,75386,presentmon,gpu_busy_p95_ms,18.752,ms,ok,,process,52
0.1,de879c93-e652-4062-858a-5e3e8947b4f8,1787673180709,79095,windows_pdh,process_gpu_pct,95.03784122635247,percent,ok,,process,
0.1,de879c93-e652-4062-858a-5e3e8947b4f8,1787673181714,80100,psutil,process_cpu_pct_raw,542.2,percent,ok,,process,
0.1,de879c93-e652-4062-858a-5e3e8947b4f8,1787673181714,80100,psutil,process_cpu_pct,27.110000000000003,percent,ok,,process,
0.1,de879c93-e652-4062-858a-5e3e8947b4f8,1787673181714,80100,psutil,process_memory_mb,7967.6015625,MiB,ok,,process,
0.1,de879c93-e652-4062-858a-5e3e8947b4f8,1787673181714,80100,win32_foreground,game_foreground,1.0,boolean,ok,,process,
0.1,de879c93-e652-4062-858a-5e3e8947b4f8,1787673178000,76386,presentmon,app_fps,50.112527680907476,fps,ok,,process,50
0.1,de879c93-e652-4062-858a-5e3e8947b4f8,1787673178000,76386,presentmon,frame_time_avg_ms,19.95509,ms,ok,,process,50
0.1,de879c93-e652-4062-858a-5e3e8947b4f8,1787673178000,76386,presentmon,frame_time_p95_ms,26.4189,ms,ok,,process,50
0.1,de879c93-e652-4062-858a-5e3e8947b4f8,1787673178000,76386,presentmon,gpu_busy_median_ms,17.97935,ms,ok,,process,50
0.1,de879c93-e652-4062-858a-5e3e8947b4f8,1787673178000,76386,presentmon,gpu_busy_p95_ms,18.5778,ms,ok,,process,50
0.1,de879c93-e652-4062-858a-5e3e8947b4f8,1787673181714,80100,windows_pdh,process_gpu_pct,93.79395161813001,percent,ok,,process,
0.1,de879c93-e652-4062-858a-5e3e8947b4f8,1787673182704,81090,psutil,process_cpu_pct_raw,694.8,percent,ok,,process,
0.1,de879c93-e652-4062-858a-5e3e8947b4f8,1787673182704,81090,psutil,process_cpu_pct,34.739999999999995,percent,ok,,process,
0.1,de879c93-e652-4062-858a-5e3e8947b4f8,1787673182704,81090,psutil,process_memory_mb,7966.1640625,MiB,ok,,process,
0.1,de879c93-e652-4062-858a-5e3e8947b4f8,1787673182704,81090,win32_foreground,game_foreground,1.0,boolean,ok,,process,
0.1,de879c93-e652-4062-858a-5e3e8947b4f8,1787673179000,77386,presentmon,app_fps,54.08089518630868,fps,ok,,process,55
0.1,de879c93-e652-4062-858a-5e3e8947b4f8,1787673179000,77386,presentmon,frame_time_avg_ms,18.49081818181818,ms,ok,,process,55
0.1,de879c93-e652-4062-858a-5e3e8947b4f8,1787673179000,77386,presentmon,frame_time_p95_ms,23.7659,ms,ok,,process,55
0.1,de879c93-e652-4062-858a-5e3e8947b4f8,1787673179000,77386,presentmon,gpu_busy_median_ms,17.5033,ms,ok,,process,55
0.1,de879c93-e652-4062-858a-5e3e8947b4f8,1787673179000,77386,presentmon,gpu_busy_p95_ms,18.3426,ms,ok,,process,55
0.1,de879c93-e652-4062-858a-5e3e8947b4f8,1787673182704,81090,windows_pdh,process_gpu_pct,98.80116573611937,percent,ok,,process,
0.1,de879c93-e652-4062-858a-5e3e8947b4f8,1787673183710,82096,psutil,process_cpu_pct_raw,682.0,percent,ok,,process,
0.1,de879c93-e652-4062-858a-5e3e8947b4f8,1787673183710,82096,psutil,process_cpu_pct,34.1,percent,ok,,process,
0.1,de879c93-e652-4062-858a-5e3e8947b4f8,1787673183710,82096,psutil,process_memory_mb,7966.11328125,MiB,ok,,process,
0.1,de879c93-e652-4062-858a-5e3e8947b4f8,1787673183710,82096,win32_foreground,game_foreground,1.0,boolean,ok,,process,
0.1,de879c93-e652-4062-858a-5e3e8947b4f8,1787673180000,78386,presentmon,app_fps,51.98880161213275,fps,ok,,process,52
0.1,de879c93-e652-4062-858a-5e3e8947b4f8,1787673180000,78386,presentmon,frame_time_avg_ms,19.23491153846154,ms,ok,,process,52
0.1,de879c93-e652-4062-858a-5e3e8947b4f8,1787673180000,78386,presentmon,frame_time_p95_ms,25.2448,ms,ok,,process,52
0.1,de879c93-e652-4062-858a-5e3e8947b4f8,1787673180000,78386,presentmon,gpu_busy_median_ms,18.577849999999998,ms,ok,,process,52
0.1,de879c93-e652-4062-858a-5e3e8947b4f8,1787673180000,78386,presentmon,gpu_busy_p95_ms,19.1889,ms,ok,,process,52
0.1,de879c93-e652-4062-858a-5e3e8947b4f8,1787673183710,82096,windows_pdh,process_gpu_pct,98.18373056697453,percent,ok,,process,
0.1,de879c93-e652-4062-858a-5e3e8947b4f8,1787673183710,82096,nvidia-smi,device_gpu_util_pct,95.0,percent,ok,,device,
0.1,de879c93-e652-4062-858a-5e3e8947b4f8,1787673183710,82096,nvidia-smi,device_vram_used_mb,4961.0,MiB,ok,,device,
0.1,de879c93-e652-4062-858a-5e3e8947b4f8,1787673183710,82096,nvidia-smi,device_gpu_temperature_c,65.0,celsius,ok,,device,
0.1,de879c93-e652-4062-858a-5e3e8947b4f8,1787673183710,82096,nvidia-smi,device_gpu_power_w,152.41,watt,ok,,device,
0.1,de879c93-e652-4062-858a-5e3e8947b4f8,1787673183710,82096,nvidia-smi,device_gpu_clock_mhz,1965.0,MHz,ok,,device,
0.1,de879c93-e652-4062-858a-5e3e8947b4f8,1787673184716,83102,psutil,process_cpu_pct_raw,595.3,percent,ok,,process,
0.1,de879c93-e652-4062-858a-5e3e8947b4f8,1787673184716,83102,psutil,process_cpu_pct,29.764999999999997,percent,ok,,process,
0.1,de879c93-e652-4062-858a-5e3e8947b4f8,1787673184716,83102,psutil,process_memory_mb,7965.328125,MiB,ok,,process,
0.1,de879c93-e652-4062-858a-5e3e8947b4f8,1787673184716,83102,win32_foreground,game_foreground,1.0,boolean,ok,,process,
0.1,de879c93-e652-4062-858a-5e3e8947b4f8,1787673181000,79386,presentmon,app_fps,55.04843038575493,fps,ok,,process,54
0.1,de879c93-e652-4062-858a-5e3e8947b4f8,1787673181000,79386,presentmon,frame_time_avg_ms,18.16582222222222,ms,ok,,process,54
0.1,de879c93-e652-4062-858a-5e3e8947b4f8,1787673181000,79386,presentmon,frame_time_p95_ms,22.9295,ms,ok,,process,54
0.1,de879c93-e652-4062-858a-5e3e8947b4f8,1787673181000,79386,presentmon,gpu_busy_median_ms,17.8628,ms,ok,,process,54
0.1,de879c93-e652-4062-858a-5e3e8947b4f8,1787673181000,79386,presentmon,gpu_busy_p95_ms,18.4976,ms,ok,,process,54
0.1,de879c93-e652-4062-858a-5e3e8947b4f8,1787673184716,83102,windows_pdh,process_gpu_pct,97.90948831391323,percent,ok,,process,
0.1,de879c93-e652-4062-858a-5e3e8947b4f8,1787673185706,84092,psutil,process_cpu_pct_raw,739.1,percent,ok,,process,
0.1,de879c93-e652-4062-858a-5e3e8947b4f8,1787673185706,84092,psutil,process_cpu_pct,36.955,percent,ok,,process,
0.1,de879c93-e652-4062-858a-5e3e8947b4f8,1787673185706,84092,psutil,process_memory_mb,7966.0,MiB,ok,,process,
0.1,de879c93-e652-4062-858a-5e3e8947b4f8,1787673185706,84092,win32_foreground,game_foreground,1.0,boolean,ok,,process,
0.1,de879c93-e652-4062-858a-5e3e8947b4f8,1787673182000,80386,presentmon,app_fps,55.2819701309541,fps,ok,,process,56
0.1,de879c93-e652-4062-858a-5e3e8947b4f8,1787673182000,80386,presentmon,frame_time_avg_ms,18.08908035714286,ms,ok,,process,56
0.1,de879c93-e652-4062-858a-5e3e8947b4f8,1787673182000,80386,presentmon,frame_time_p95_ms,25.2358,ms,ok,,process,56
0.1,de879c93-e652-4062-858a-5e3e8947b4f8,1787673182000,80386,presentmon,gpu_busy_median_ms,17.70695,ms,ok,,process,56
0.1,de879c93-e652-4062-858a-5e3e8947b4f8,1787673182000,80386,presentmon,gpu_busy_p95_ms,18.1277,ms,ok,,process,56
0.1,de879c93-e652-4062-858a-5e3e8947b4f8,1787673185706,84092,windows_pdh,process_gpu_pct,98.93469138856949,percent,ok,,process,
0.1,de879c93-e652-4062-858a-5e3e8947b4f8,1787673186711,85097,psutil,process_cpu_pct_raw,765.6,percent,ok,,process,
0.1,de879c93-e652-4062-858a-5e3e8947b4f8,1787673186711,85097,psutil,process_cpu_pct,38.28,percent,ok,,process,
0.1,de879c93-e652-4062-858a-5e3e8947b4f8,1787673186711,85097,psutil,process_memory_mb,7963.80859375,MiB,ok,,process,
0.1,de879c93-e652-4062-858a-5e3e8947b4f8,1787673186711,85097,win32_foreground,game_foreground,1.0,boolean,ok,,process,
0.1,de879c93-e652-4062-858a-5e3e8947b4f8,1787673183000,81386,presentmon,app_fps,55.25395269196755,fps,ok,,process,55
0.1,de879c93-e652-4062-858a-5e3e8947b4f8,1787673183000,81386,presentmon,frame_time_avg_ms,18.098252727272726,ms,ok,,process,55
0.1,de879c93-e652-4062-858a-5e3e8947b4f8,1787673183000,81386,presentmon,frame_time_p95_ms,26.3719,ms,ok,,process,55
0.1,de879c93-e652-4062-858a-5e3e8947b4f8,1787673183000,81386,presentmon,gpu_busy_median_ms,17.7423,ms,ok,,process,55
0.1,de879c93-e652-4062-858a-5e3e8947b4f8,1787673183000,81386,presentmon,gpu_busy_p95_ms,18.5351,ms,ok,,process,55
0.1,de879c93-e652-4062-858a-5e3e8947b4f8,1787673186711,85097,windows_pdh,process_gpu_pct,97.8113673919572,percent,ok,,process,
0.1,de879c93-e652-4062-858a-5e3e8947b4f8,1787673187702,86088,psutil,process_cpu_pct_raw,631.3,percent,ok,,process,
0.1,de879c93-e652-4062-858a-5e3e8947b4f8,1787673187702,86088,psutil,process_cpu_pct,31.564999999999998,percent,ok,,process,
0.1,de879c93-e652-4062-858a-5e3e8947b4f8,1787673187702,86088,psutil,process_memory_mb,7977.46484375,MiB,ok,,process,
0.1,de879c93-e652-4062-858a-5e3e8947b4f8,1787673187702,86088,win32_foreground,game_foreground,1.0,boolean,ok,,process,
0.1,de879c93-e652-4062-858a-5e3e8947b4f8,1787673184000,82386,presentmon,app_fps,57.8384341181344,fps,ok,,process,58
0.1,de879c93-e652-4062-858a-5e3e8947b4f8,1787673184000,82386,presentmon,frame_time_avg_ms,17.289541379310347,ms,ok,,process,58
0.1,de879c93-e652-4062-858a-5e3e8947b4f8,1787673184000,82386,presentmon,frame_time_p95_ms,21.4211,ms,ok,,process,58
0.1,de879c93-e652-4062-858a-5e3e8947b4f8,1787673184000,82386,presentmon,gpu_busy_median_ms,17.06795,ms,ok,,process,58
0.1,de879c93-e652-4062-858a-5e3e8947b4f8,1787673184000,82386,presentmon,gpu_busy_p95_ms,17.7147,ms,ok,,process,58
0.1,de879c93-e652-4062-858a-5e3e8947b4f8,1787673187702,86088,windows_pdh,process_gpu_pct,90.31808505271654,percent,ok,,process,
0.1,de879c93-e652-4062-858a-5e3e8947b4f8,1787673188707,87093,psutil,process_cpu_pct_raw,668.1,percent,ok,,process,
0.1,de879c93-e652-4062-858a-5e3e8947b4f8,1787673188707,87093,psutil,process_cpu_pct,33.405,percent,ok,,process,
0.1,de879c93-e652-4062-858a-5e3e8947b4f8,1787673188707,87093,psutil,process_memory_mb,7987.140625,MiB,ok,,process,
0.1,de879c93-e652-4062-858a-5e3e8947b4f8,1787673188707,87093,win32_foreground,game_foreground,1.0,boolean,ok,,process,
0.1,de879c93-e652-4062-858a-5e3e8947b4f8,1787673185000,83386,presentmon,app_fps,50.4553494376045,fps,ok,,process,50
0.1,de879c93-e652-4062-858a-5e3e8947b4f8,1787673185000,83386,presentmon,frame_time_avg_ms,19.819504,ms,ok,,process,50
0.1,de879c93-e652-4062-858a-5e3e8947b4f8,1787673185000,83386,presentmon,frame_time_p95_ms,24.3718,ms,ok,,process,50
0.1,de879c93-e652-4062-858a-5e3e8947b4f8,1787673185000,83386,presentmon,gpu_busy_median_ms,17.59195,ms,ok,,process,50
0.1,de879c93-e652-4062-858a-5e3e8947b4f8,1787673185000,83386,presentmon,gpu_busy_p95_ms,19.5154,ms,ok,,process,50
0.1,de879c93-e652-4062-858a-5e3e8947b4f8,1787673188707,87093,windows_pdh,process_gpu_pct,95.86213908495716,percent,ok,,process,
0.1,de879c93-e652-4062-858a-5e3e8947b4f8,1787673188707,87093,nvidia-smi,device_gpu_util_pct,93.0,percent,ok,,device,
0.1,de879c93-e652-4062-858a-5e3e8947b4f8,1787673188707,87093,nvidia-smi,device_vram_used_mb,5042.0,MiB,ok,,device,
0.1,de879c93-e652-4062-858a-5e3e8947b4f8,1787673188707,87093,nvidia-smi,device_gpu_temperature_c,65.0,celsius,ok,,device,
0.1,de879c93-e652-4062-858a-5e3e8947b4f8,1787673188707,87093,nvidia-smi,device_gpu_power_w,151.14,watt,ok,,device,
0.1,de879c93-e652-4062-858a-5e3e8947b4f8,1787673188707,87093,nvidia-smi,device_gpu_clock_mhz,1965.0,MHz,ok,,device,
0.1,de879c93-e652-4062-858a-5e3e8947b4f8,1787673189713,88099,psutil,process_cpu_pct_raw,685.9,percent,ok,,process,
0.1,de879c93-e652-4062-858a-5e3e8947b4f8,1787673189713,88099,psutil,process_cpu_pct,34.295,percent,ok,,process,
0.1,de879c93-e652-4062-858a-5e3e8947b4f8,1787673189713,88099,psutil,process_memory_mb,7986.36328125,MiB,ok,,process,
0.1,de879c93-e652-4062-858a-5e3e8947b4f8,1787673189713,88099,win32_foreground,game_foreground,1.0,boolean,ok,,process,
0.1,de879c93-e652-4062-858a-5e3e8947b4f8,1787673186000,84386,presentmon,app_fps,53.37517419828265,fps,ok,,process,54
0.1,de879c93-e652-4062-858a-5e3e8947b4f8,1787673186000,84386,presentmon,frame_time_avg_ms,18.73530185185185,ms,ok,,process,54
0.1,de879c93-e652-4062-858a-5e3e8947b4f8,1787673186000,84386,presentmon,frame_time_p95_ms,26.5246,ms,ok,,process,54
0.1,de879c93-e652-4062-858a-5e3e8947b4f8,1787673186000,84386,presentmon,gpu_busy_median_ms,17.6035,ms,ok,,process,54
0.1,de879c93-e652-4062-858a-5e3e8947b4f8,1787673186000,84386,presentmon,gpu_busy_p95_ms,19.9719,ms,ok,,process,54
0.1,de879c93-e652-4062-858a-5e3e8947b4f8,1787673189713,88099,windows_pdh,process_gpu_pct,99.02279325394053,percent,ok,,process,
0.1,de879c93-e652-4062-858a-5e3e8947b4f8,1787673190703,89089,psutil,process_cpu_pct_raw,601.2,percent,ok,,process,
0.1,de879c93-e652-4062-858a-5e3e8947b4f8,1787673190703,89089,psutil,process_cpu_pct,30.060000000000002,percent,ok,,process,
0.1,de879c93-e652-4062-858a-5e3e8947b4f8,1787673190703,89089,psutil,process_memory_mb,7984.53125,MiB,ok,,process,
0.1,de879c93-e652-4062-858a-5e3e8947b4f8,1787673190703,89089,win32_foreground,game_foreground,1.0,boolean,ok,,process,
0.1,de879c93-e652-4062-858a-5e3e8947b4f8,1787673187000,85386,presentmon,app_fps,55.86173104332157,fps,ok,,process,56
0.1,de879c93-e652-4062-858a-5e3e8947b4f8,1787673187000,85386,presentmon,frame_time_avg_ms,17.901342857142858,ms,ok,,process,56
0.1,de879c93-e652-4062-858a-5e3e8947b4f8,1787673187000,85386,presentmon,frame_time_p95_ms,22.5752,ms,ok,,process,56
0.1,de879c93-e652-4062-858a-5e3e8947b4f8,1787673187000,85386,presentmon,gpu_busy_median_ms,17.382649999999998,ms,ok,,process,56
0.1,de879c93-e652-4062-858a-5e3e8947b4f8,1787673187000,85386,presentmon,gpu_busy_p95_ms,19.328,ms,ok,,process,56
0.1,de879c93-e652-4062-858a-5e3e8947b4f8,1787673190703,89089,windows_pdh,process_gpu_pct,97.81708275983708,percent,ok,,process,
0.1,de879c93-e652-4062-858a-5e3e8947b4f8,1787673191709,90095,psutil,process_cpu_pct_raw,720.4,percent,ok,,process,
0.1,de879c93-e652-4062-858a-5e3e8947b4f8,1787673191709,90095,psutil,process_cpu_pct,36.019999999999996,percent,ok,,process,
0.1,de879c93-e652-4062-858a-5e3e8947b4f8,1787673191709,90095,psutil,process_memory_mb,7985.33984375,MiB,ok,,process,
0.1,de879c93-e652-4062-858a-5e3e8947b4f8,1787673191709,90095,win32_foreground,game_foreground,1.0,boolean,ok,,process,
0.1,de879c93-e652-4062-858a-5e3e8947b4f8,1787673188000,86386,presentmon,app_fps,57.037085513000555,fps,ok,,process,57
0.1,de879c93-e652-4062-858a-5e3e8947b4f8,1787673188000,86386,presentmon,frame_time_avg_ms,17.53245263157895,ms,ok,,process,57
0.1,de879c93-e652-4062-858a-5e3e8947b4f8,1787673188000,86386,presentmon,frame_time_p95_ms,21.1783,ms,ok,,process,57
0.1,de879c93-e652-4062-858a-5e3e8947b4f8,1787673188000,86386,presentmon,gpu_busy_median_ms,17.1683,ms,ok,,process,57
0.1,de879c93-e652-4062-858a-5e3e8947b4f8,1787673188000,86386,presentmon,gpu_busy_p95_ms,18.4158,ms,ok,,process,57
0.1,de879c93-e652-4062-858a-5e3e8947b4f8,1787673191709,90095,windows_pdh,process_gpu_pct,94.03193961293678,percent,ok,,process,
0.1,de879c93-e652-4062-858a-5e3e8947b4f8,1787673192699,91085,psutil,process_cpu_pct_raw,631.3,percent,ok,,process,
0.1,de879c93-e652-4062-858a-5e3e8947b4f8,1787673192699,91085,psutil,process_cpu_pct,31.564999999999998,percent,ok,,process,
0.1,de879c93-e652-4062-858a-5e3e8947b4f8,1787673192699,91085,psutil,process_memory_mb,7990.56640625,MiB,ok,,process,
0.1,de879c93-e652-4062-858a-5e3e8947b4f8,1787673192699,91085,win32_foreground,game_foreground,1.0,boolean,ok,,process,
0.1,de879c93-e652-4062-858a-5e3e8947b4f8,1787673189000,87386,presentmon,app_fps,55.8146709369964,fps,ok,,process,55
0.1,de879c93-e652-4062-858a-5e3e8947b4f8,1787673189000,87386,presentmon,frame_time_avg_ms,17.916436363636365,ms,ok,,process,55
0.1,de879c93-e652-4062-858a-5e3e8947b4f8,1787673189000,87386,presentmon,frame_time_p95_ms,23.319,ms,ok,,process,55
0.1,de879c93-e652-4062-858a-5e3e8947b4f8,1787673189000,87386,presentmon,gpu_busy_median_ms,17.1787,ms,ok,,process,55
0.1,de879c93-e652-4062-858a-5e3e8947b4f8,1787673189000,87386,presentmon,gpu_busy_p95_ms,19.6789,ms,ok,,process,55
0.1,de879c93-e652-4062-858a-5e3e8947b4f8,1787673192699,91085,windows_pdh,process_gpu_pct,95.71834211975789,percent,ok,,process,
0.1,de879c93-e652-4062-858a-5e3e8947b4f8,1787673193704,92090,psutil,process_cpu_pct_raw,801.6,percent,ok,,process,
0.1,de879c93-e652-4062-858a-5e3e8947b4f8,1787673193704,92090,psutil,process_cpu_pct,40.08,percent,ok,,process,
0.1,de879c93-e652-4062-858a-5e3e8947b4f8,1787673193704,92090,psutil,process_memory_mb,7993.09375,MiB,ok,,process,
0.1,de879c93-e652-4062-858a-5e3e8947b4f8,1787673193704,92090,win32_foreground,game_foreground,1.0,boolean,ok,,process,
0.1,de879c93-e652-4062-858a-5e3e8947b4f8,1787673190000,88386,presentmon,app_fps,53.880858645363375,fps,ok,,process,54
0.1,de879c93-e652-4062-858a-5e3e8947b4f8,1787673190000,88386,presentmon,frame_time_avg_ms,18.559466666666665,ms,ok,,process,54
0.1,de879c93-e652-4062-858a-5e3e8947b4f8,1787673190000,88386,presentmon,frame_time_p95_ms,26.0988,ms,ok,,process,54
0.1,de879c93-e652-4062-858a-5e3e8947b4f8,1787673190000,88386,presentmon,gpu_busy_median_ms,17.01415,ms,ok,,process,54
0.1,de879c93-e652-4062-858a-5e3e8947b4f8,1787673190000,88386,presentmon,gpu_busy_p95_ms,18.7438,ms,ok,,process,54
0.1,de879c93-e652-4062-858a-5e3e8947b4f8,1787673193704,92090,windows_pdh,process_gpu_pct,94.69825685084464,percent,ok,,process,
0.1,de879c93-e652-4062-858a-5e3e8947b4f8,1787673194710,93096,psutil,process_cpu_pct_raw,685.0,percent,ok,,process,
0.1,de879c93-e652-4062-858a-5e3e8947b4f8,1787673194710,93096,psutil,process_cpu_pct,34.25,percent,ok,,process,
0.1,de879c93-e652-4062-858a-5e3e8947b4f8,1787673194710,93096,psutil,process_memory_mb,7985.9765625,MiB,ok,,process,
0.1,de879c93-e652-4062-858a-5e3e8947b4f8,1787673194710,93096,win32_foreground,game_foreground,1.0,boolean,ok,,process,
0.1,de879c93-e652-4062-858a-5e3e8947b4f8,1787673191000,89386,presentmon,app_fps,56.365443473915015,fps,ok,,process,57
0.1,de879c93-e652-4062-858a-5e3e8947b4f8,1787673191000,89386,presentmon,frame_time_avg_ms,17.741366666666664,ms,ok,,process,57
0.1,de879c93-e652-4062-858a-5e3e8947b4f8,1787673191000,89386,presentmon,frame_time_p95_ms,22.0869,ms,ok,,process,57
0.1,de879c93-e652-4062-858a-5e3e8947b4f8,1787673191000,89386,presentmon,gpu_busy_median_ms,17.0113,ms,ok,,process,57
0.1,de879c93-e652-4062-858a-5e3e8947b4f8,1787673191000,89386,presentmon,gpu_busy_p95_ms,17.8942,ms,ok,,process,57
0.1,de879c93-e652-4062-858a-5e3e8947b4f8,1787673194710,93096,windows_pdh,process_gpu_pct,92.81537239317234,percent,ok,,process,
0.1,de879c93-e652-4062-858a-5e3e8947b4f8,1787673194710,93096,nvidia-smi,device_gpu_util_pct,91.0,percent,ok,,device,
0.1,de879c93-e652-4062-858a-5e3e8947b4f8,1787673194710,93096,nvidia-smi,device_vram_used_mb,5042.0,MiB,ok,,device,
0.1,de879c93-e652-4062-858a-5e3e8947b4f8,1787673194710,93096,nvidia-smi,device_gpu_temperature_c,64.0,celsius,ok,,device,
0.1,de879c93-e652-4062-858a-5e3e8947b4f8,1787673194710,93096,nvidia-smi,device_gpu_power_w,142.38,watt,ok,,device,
0.1,de879c93-e652-4062-858a-5e3e8947b4f8,1787673194710,93096,nvidia-smi,device_gpu_clock_mhz,1965.0,MHz,ok,,device,
0.1,de879c93-e652-4062-858a-5e3e8947b4f8,1787673195716,94102,psutil,process_cpu_pct_raw,695.3,percent,ok,,process,
0.1,de879c93-e652-4062-858a-5e3e8947b4f8,1787673195716,94102,psutil,process_cpu_pct,34.765,percent,ok,,process,
0.1,de879c93-e652-4062-858a-5e3e8947b4f8,1787673195716,94102,psutil,process_memory_mb,7985.8359375,MiB,ok,,process,
0.1,de879c93-e652-4062-858a-5e3e8947b4f8,1787673195716,94102,win32_foreground,game_foreground,1.0,boolean,ok,,process,
0.1,de879c93-e652-4062-858a-5e3e8947b4f8,1787673192000,90386,presentmon,app_fps,54.50287623789657,fps,ok,,process,54
0.1,de879c93-e652-4062-858a-5e3e8947b4f8,1787673192000,90386,presentmon,frame_time_avg_ms,18.347655555555555,ms,ok,,process,54
0.1,de879c93-e652-4062-858a-5e3e8947b4f8,1787673192000,90386,presentmon,frame_time_p95_ms,22.2994,ms,ok,,process,54
0.1,de879c93-e652-4062-858a-5e3e8947b4f8,1787673192000,90386,presentmon,gpu_busy_median_ms,16.943849999999998,ms,ok,,process,54
0.1,de879c93-e652-4062-858a-5e3e8947b4f8,1787673192000,90386,presentmon,gpu_busy_p95_ms,18.5039,ms,ok,,process,54
0.1,de879c93-e652-4062-858a-5e3e8947b4f8,1787673195716,94102,windows_pdh,process_gpu_pct,97.8845606580004,percent,ok,,process,
0.1,de879c93-e652-4062-858a-5e3e8947b4f8,1787673196706,95092,psutil,process_cpu_pct_raw,709.4,percent,ok,,process,
0.1,de879c93-e652-4062-858a-5e3e8947b4f8,1787673196706,95092,psutil,process_cpu_pct,35.47,percent,ok,,process,
0.1,de879c93-e652-4062-858a-5e3e8947b4f8,1787673196706,95092,psutil,process_memory_mb,7987.00390625,MiB,ok,,process,
0.1,de879c93-e652-4062-858a-5e3e8947b4f8,1787673196706,95092,win32_foreground,game_foreground,1.0,boolean,ok,,process,
0.1,de879c93-e652-4062-858a-5e3e8947b4f8,1787673193000,91386,presentmon,app_fps,57.13001649153143,fps,ok,,process,57
0.1,de879c93-e652-4062-858a-5e3e8947b4f8,1787673193000,91386,presentmon,frame_time_avg_ms,17.503933333333332,ms,ok,,process,57
0.1,de879c93-e652-4062-858a-5e3e8947b4f8,1787673193000,91386,presentmon,frame_time_p95_ms,22.778,ms,ok,,process,57
0.1,de879c93-e652-4062-858a-5e3e8947b4f8,1787673193000,91386,presentmon,gpu_busy_median_ms,16.5531,ms,ok,,process,57
0.1,de879c93-e652-4062-858a-5e3e8947b4f8,1787673193000,91386,presentmon,gpu_busy_p95_ms,18.235,ms,ok,,process,57
0.1,de879c93-e652-4062-858a-5e3e8947b4f8,1787673196706,95092,windows_pdh,process_gpu_pct,89.44834639711037,percent,ok,,process,
0.1,de879c93-e652-4062-858a-5e3e8947b4f8,1787673197696,96082,psutil,process_cpu_pct_raw,750.3,percent,ok,,process,
0.1,de879c93-e652-4062-858a-5e3e8947b4f8,1787673197696,96082,psutil,process_cpu_pct,37.515,percent,ok,,process,
0.1,de879c93-e652-4062-858a-5e3e8947b4f8,1787673197696,96082,psutil,process_memory_mb,7990.546875,MiB,ok,,process,
0.1,de879c93-e652-4062-858a-5e3e8947b4f8,1787673197696,96082,win32_foreground,game_foreground,1.0,boolean,ok,,process,
0.1,de879c93-e652-4062-858a-5e3e8947b4f8,1787673194000,92386,presentmon,app_fps,58.75436562363726,fps,ok,,process,59
0.1,de879c93-e652-4062-858a-5e3e8947b4f8,1787673194000,92386,presentmon,frame_time_avg_ms,17.02001186440678,ms,ok,,process,59
0.1,de879c93-e652-4062-858a-5e3e8947b4f8,1787673194000,92386,presentmon,frame_time_p95_ms,23.4029,ms,ok,,process,59
0.1,de879c93-e652-4062-858a-5e3e8947b4f8,1787673194000,92386,presentmon,gpu_busy_median_ms,15.7734,ms,ok,,process,59
0.1,de879c93-e652-4062-858a-5e3e8947b4f8,1787673194000,92386,presentmon,gpu_busy_p95_ms,16.8842,ms,ok,,process,59
0.1,de879c93-e652-4062-858a-5e3e8947b4f8,1787673197696,96082,windows_pdh,process_gpu_pct,96.05787461646106,percent,ok,,process,
0.1,de879c93-e652-4062-858a-5e3e8947b4f8,1787673198702,97088,psutil,process_cpu_pct_raw,698.4,percent,ok,,process,
0.1,de879c93-e652-4062-858a-5e3e8947b4f8,1787673198702,97088,psutil,process_cpu_pct,34.92,percent,ok,,process,
0.1,de879c93-e652-4062-858a-5e3e8947b4f8,1787673198702,97088,psutil,process_memory_mb,7994.265625,MiB,ok,,process,
0.1,de879c93-e652-4062-858a-5e3e8947b4f8,1787673198702,97088,win32_foreground,game_foreground,1.0,boolean,ok,,process,
0.1,de879c93-e652-4062-858a-5e3e8947b4f8,1787673195000,93386,presentmon,app_fps,57.030596915245034,fps,ok,,process,57
0.1,de879c93-e652-4062-858a-5e3e8947b4f8,1787673195000,93386,presentmon,frame_time_avg_ms,17.534447368421052,ms,ok,,process,57
0.1,de879c93-e652-4062-858a-5e3e8947b4f8,1787673195000,93386,presentmon,frame_time_p95_ms,23.5564,ms,ok,,process,57
0.1,de879c93-e652-4062-858a-5e3e8947b4f8,1787673195000,93386,presentmon,gpu_busy_median_ms,16.3452,ms,ok,,process,57
0.1,de879c93-e652-4062-858a-5e3e8947b4f8,1787673195000,93386,presentmon,gpu_busy_p95_ms,18.4293,ms,ok,,process,57
0.1,de879c93-e652-4062-858a-5e3e8947b4f8,1787673198702,97088,windows_pdh,process_gpu_pct,94.90322303447194,percent,ok,,process,
0.1,de879c93-e652-4062-858a-5e3e8947b4f8,1787673199707,98093,psutil,process_cpu_pct_raw,737.4,percent,ok,,process,
0.1,de879c93-e652-4062-858a-5e3e8947b4f8,1787673199707,98093,psutil,process_cpu_pct,36.87,percent,ok,,process,
0.1,de879c93-e652-4062-858a-5e3e8947b4f8,1787673199707,98093,psutil,process_memory_mb,7990.10546875,MiB,ok,,process,
0.1,de879c93-e652-4062-858a-5e3e8947b4f8,1787673199707,98093,win32_foreground,game_foreground,1.0,boolean,ok,,process,
0.1,de879c93-e652-4062-858a-5e3e8947b4f8,1787673196000,94386,presentmon,app_fps,52.34151793623032,fps,ok,,process,52
0.1,de879c93-e652-4062-858a-5e3e8947b4f8,1787673196000,94386,presentmon,frame_time_avg_ms,19.105292307692306,ms,ok,,process,52
0.1,de879c93-e652-4062-858a-5e3e8947b4f8,1787673196000,94386,presentmon,frame_time_p95_ms,26.5712,ms,ok,,process,52
0.1,de879c93-e652-4062-858a-5e3e8947b4f8,1787673196000,94386,presentmon,gpu_busy_median_ms,17.53445,ms,ok,,process,52
0.1,de879c93-e652-4062-858a-5e3e8947b4f8,1787673196000,94386,presentmon,gpu_busy_p95_ms,20.7734,ms,ok,,process,52
0.1,de879c93-e652-4062-858a-5e3e8947b4f8,1787673199707,98093,windows_pdh,process_gpu_pct,91.7970673061424,percent,ok,,process,
0.1,de879c93-e652-4062-858a-5e3e8947b4f8,1787673199707,98093,nvidia-smi,device_gpu_util_pct,92.0,percent,ok,,device,
0.1,de879c93-e652-4062-858a-5e3e8947b4f8,1787673199707,98093,nvidia-smi,device_vram_used_mb,5049.0,MiB,ok,,device,
0.1,de879c93-e652-4062-858a-5e3e8947b4f8,1787673199707,98093,nvidia-smi,device_gpu_temperature_c,63.0,celsius,ok,,device,
0.1,de879c93-e652-4062-858a-5e3e8947b4f8,1787673199707,98093,nvidia-smi,device_gpu_power_w,133.21,watt,ok,,device,
0.1,de879c93-e652-4062-858a-5e3e8947b4f8,1787673199707,98093,nvidia-smi,device_gpu_clock_mhz,1965.0,MHz,ok,,device,
0.1,de879c93-e652-4062-858a-5e3e8947b4f8,1787673200713,99099,psutil,process_cpu_pct_raw,746.9,percent,ok,,process,
0.1,de879c93-e652-4062-858a-5e3e8947b4f8,1787673200713,99099,psutil,process_cpu_pct,37.345,percent,ok,,process,
0.1,de879c93-e652-4062-858a-5e3e8947b4f8,1787673200713,99099,psutil,process_memory_mb,7994.08203125,MiB,ok,,process,
0.1,de879c93-e652-4062-858a-5e3e8947b4f8,1787673200713,99099,win32_foreground,game_foreground,1.0,boolean,ok,,process,
0.1,de879c93-e652-4062-858a-5e3e8947b4f8,1787673197000,95386,presentmon,app_fps,53.58981285444948,fps,ok,,process,54
0.1,de879c93-e652-4062-858a-5e3e8947b4f8,1787673197000,95386,presentmon,frame_time_avg_ms,18.66026296296296,ms,ok,,process,54
0.1,de879c93-e652-4062-858a-5e3e8947b4f8,1787673197000,95386,presentmon,frame_time_p95_ms,24.4366,ms,ok,,process,54
0.1,de879c93-e652-4062-858a-5e3e8947b4f8,1787673197000,95386,presentmon,gpu_busy_median_ms,17.197400000000002,ms,ok,,process,54
0.1,de879c93-e652-4062-858a-5e3e8947b4f8,1787673197000,95386,presentmon,gpu_busy_p95_ms,21.1718,ms,ok,,process,54
0.1,de879c93-e652-4062-858a-5e3e8947b4f8,1787673200713,99099,windows_pdh,process_gpu_pct,88.21030264516642,percent,ok,,process,
0.1,de879c93-e652-4062-858a-5e3e8947b4f8,1787673201703,100089,psutil,process_cpu_pct_raw,675.8,percent,ok,,process,
0.1,de879c93-e652-4062-858a-5e3e8947b4f8,1787673201703,100089,psutil,process_cpu_pct,33.79,percent,ok,,process,
0.1,de879c93-e652-4062-858a-5e3e8947b4f8,1787673201703,100089,psutil,process_memory_mb,7994.2265625,MiB,ok,,process,
0.1,de879c93-e652-4062-858a-5e3e8947b4f8,1787673201703,100089,win32_foreground,game_foreground,1.0,boolean,ok,,process,
0.1,de879c93-e652-4062-858a-5e3e8947b4f8,1787673198000,96386,presentmon,app_fps,50.2090957793732,fps,ok,,process,50
0.1,de879c93-e652-4062-858a-5e3e8947b4f8,1787673198000,96386,presentmon,frame_time_avg_ms,19.916710000000002,ms,ok,,process,50
0.1,de879c93-e652-4062-858a-5e3e8947b4f8,1787673198000,96386,presentmon,frame_time_p95_ms,23.9669,ms,ok,,process,50
0.1,de879c93-e652-4062-858a-5e3e8947b4f8,1787673198000,96386,presentmon,gpu_busy_median_ms,17.70915,ms,ok,,process,50
0.1,de879c93-e652-4062-858a-5e3e8947b4f8,1787673198000,96386,presentmon,gpu_busy_p95_ms,19.3649,ms,ok,,process,50
0.1,de879c93-e652-4062-858a-5e3e8947b4f8,1787673201703,100089,windows_pdh,process_gpu_pct,87.00454082035884,percent,ok,,process,
0.1,de879c93-e652-4062-858a-5e3e8947b4f8,1787673202709,101095,psutil,process_cpu_pct_raw,643.5,percent,ok,,process,
0.1,de879c93-e652-4062-858a-5e3e8947b4f8,1787673202709,101095,psutil,process_cpu_pct,32.175,percent,ok,,process,
0.1,de879c93-e652-4062-858a-5e3e8947b4f8,1787673202709,101095,psutil,process_memory_mb,7993.76953125,MiB,ok,,process,
0.1,de879c93-e652-4062-858a-5e3e8947b4f8,1787673202709,101095,win32_foreground,game_foreground,1.0,boolean,ok,,process,
0.1,de879c93-e652-4062-858a-5e3e8947b4f8,1787673199000,97386,presentmon,app_fps,51.99642264612195,fps,ok,,process,52
0.1,de879c93-e652-4062-858a-5e3e8947b4f8,1787673199000,97386,presentmon,frame_time_avg_ms,19.23209230769231,ms,ok,,process,52
0.1,de879c93-e652-4062-858a-5e3e8947b4f8,1787673199000,97386,presentmon,frame_time_p95_ms,25.1589,ms,ok,,process,52
0.1,de879c93-e652-4062-858a-5e3e8947b4f8,1787673199000,97386,presentmon,gpu_busy_median_ms,16.669150000000002,ms,ok,,process,52
0.1,de879c93-e652-4062-858a-5e3e8947b4f8,1787673199000,97386,presentmon,gpu_busy_p95_ms,18.1519,ms,ok,,process,52
0.1,de879c93-e652-4062-858a-5e3e8947b4f8,1787673202709,101095,windows_pdh,process_gpu_pct,95.46251665802623,percent,ok,,process,
0.1,de879c93-e652-4062-858a-5e3e8947b4f8,1787673203714,102100,psutil,process_cpu_pct_raw,757.8,percent,ok,,process,
0.1,de879c93-e652-4062-858a-5e3e8947b4f8,1787673203714,102100,psutil,process_cpu_pct,37.89,percent,ok,,process,
0.1,de879c93-e652-4062-858a-5e3e8947b4f8,1787673203714,102100,psutil,process_memory_mb,7994.21484375,MiB,ok,,process,
0.1,de879c93-e652-4062-858a-5e3e8947b4f8,1787673203714,102100,win32_foreground,game_foreground,1.0,boolean,ok,,process,
0.1,de879c93-e652-4062-858a-5e3e8947b4f8,1787673200000,98386,presentmon,app_fps,55.75076619970422,fps,ok,,process,56
0.1,de879c93-e652-4062-858a-5e3e8947b4f8,1787673200000,98386,presentmon,frame_time_avg_ms,17.936973214285715,ms,ok,,process,56
0.1,de879c93-e652-4062-858a-5e3e8947b4f8,1787673200000,98386,presentmon,frame_time_p95_ms,28.0821,ms,ok,,process,56
0.1,de879c93-e652-4062-858a-5e3e8947b4f8,1787673200000,98386,presentmon,gpu_busy_median_ms,16.14125,ms,ok,,process,56
0.1,de879c93-e652-4062-858a-5e3e8947b4f8,1787673200000,98386,presentmon,gpu_busy_p95_ms,16.8259,ms,ok,,process,56
0.1,de879c93-e652-4062-858a-5e3e8947b4f8,1787673203714,102100,windows_pdh,process_gpu_pct,89.21416399873767,percent,ok,,process,
0.1,de879c93-e652-4062-858a-5e3e8947b4f8,1787673204704,103090,psutil,process_cpu_pct_raw,734.5,percent,ok,,process,
0.1,de879c93-e652-4062-858a-5e3e8947b4f8,1787673204704,103090,psutil,process_cpu_pct,36.725,percent,ok,,process,
0.1,de879c93-e652-4062-858a-5e3e8947b4f8,1787673204704,103090,psutil,process_memory_mb,7993.83203125,MiB,ok,,process,
0.1,de879c93-e652-4062-858a-5e3e8947b4f8,1787673204704,103090,win32_foreground,game_foreground,1.0,boolean,ok,,process,
0.1,de879c93-e652-4062-858a-5e3e8947b4f8,1787673201000,99386,presentmon,app_fps,59.974642721057535,fps,ok,,process,60
0.1,de879c93-e652-4062-858a-5e3e8947b4f8,1787673201000,99386,presentmon,frame_time_avg_ms,16.673713333333335,ms,ok,,process,60
0.1,de879c93-e652-4062-858a-5e3e8947b4f8,1787673201000,99386,presentmon,frame_time_p95_ms,21.897,ms,ok,,process,60
0.1,de879c93-e652-4062-858a-5e3e8947b4f8,1787673201000,99386,presentmon,gpu_busy_median_ms,15.6593,ms,ok,,process,60
0.1,de879c93-e652-4062-858a-5e3e8947b4f8,1787673201000,99386,presentmon,gpu_busy_p95_ms,16.6835,ms,ok,,process,60
0.1,de879c93-e652-4062-858a-5e3e8947b4f8,1787673204704,103090,windows_pdh,process_gpu_pct,93.3104130699771,percent,ok,,process,
0.1,de879c93-e652-4062-858a-5e3e8947b4f8,1787673205710,104096,psutil,process_cpu_pct_raw,843.6,percent,ok,,process,
0.1,de879c93-e652-4062-858a-5e3e8947b4f8,1787673205710,104096,psutil,process_cpu_pct,42.18,percent,ok,,process,
0.1,de879c93-e652-4062-858a-5e3e8947b4f8,1787673205710,104096,psutil,process_memory_mb,7999.4453125,MiB,ok,,process,
0.1,de879c93-e652-4062-858a-5e3e8947b4f8,1787673205710,104096,win32_foreground,game_foreground,1.0,boolean,ok,,process,
0.1,de879c93-e652-4062-858a-5e3e8947b4f8,1787673202000,100386,presentmon,app_fps,52.17571214579339,fps,ok,,process,52
0.1,de879c93-e652-4062-858a-5e3e8947b4f8,1787673202000,100386,presentmon,frame_time_avg_ms,19.166005769230768,ms,ok,,process,52
0.1,de879c93-e652-4062-858a-5e3e8947b4f8,1787673202000,100386,presentmon,frame_time_p95_ms,26.3388,ms,ok,,process,52
0.1,de879c93-e652-4062-858a-5e3e8947b4f8,1787673202000,100386,presentmon,gpu_busy_median_ms,16.61015,ms,ok,,process,52
0.1,de879c93-e652-4062-858a-5e3e8947b4f8,1787673202000,100386,presentmon,gpu_busy_p95_ms,17.9064,ms,ok,,process,52
0.1,de879c93-e652-4062-858a-5e3e8947b4f8,1787673205710,104096,windows_pdh,process_gpu_pct,94.7749496585515,percent,ok,,process,
0.1,de879c93-e652-4062-858a-5e3e8947b4f8,1787673205710,104096,nvidia-smi,device_gpu_util_pct,94.0,percent,ok,,device,
0.1,de879c93-e652-4062-858a-5e3e8947b4f8,1787673205710,104096,nvidia-smi,device_vram_used_mb,5050.0,MiB,ok,,device,
0.1,de879c93-e652-4062-858a-5e3e8947b4f8,1787673205710,104096,nvidia-smi,device_gpu_temperature_c,64.0,celsius,ok,,device,
0.1,de879c93-e652-4062-858a-5e3e8947b4f8,1787673205710,104096,nvidia-smi,device_gpu_power_w,141.32,watt,ok,,device,
0.1,de879c93-e652-4062-858a-5e3e8947b4f8,1787673205710,104096,nvidia-smi,device_gpu_clock_mhz,1965.0,MHz,ok,,device,
0.1,de879c93-e652-4062-858a-5e3e8947b4f8,1787673206716,105102,psutil,process_cpu_pct_raw,681.2,percent,ok,,process,
0.1,de879c93-e652-4062-858a-5e3e8947b4f8,1787673206716,105102,psutil,process_cpu_pct,34.06,percent,ok,,process,
0.1,de879c93-e652-4062-858a-5e3e8947b4f8,1787673206716,105102,psutil,process_memory_mb,7999.515625,MiB,ok,,process,
0.1,de879c93-e652-4062-858a-5e3e8947b4f8,1787673206716,105102,win32_foreground,game_foreground,1.0,boolean,ok,,process,
0.1,de879c93-e652-4062-858a-5e3e8947b4f8,1787673203000,101386,presentmon,app_fps,57.80044396720323,fps,ok,,process,58
0.1,de879c93-e652-4062-858a-5e3e8947b4f8,1787673203000,101386,presentmon,frame_time_avg_ms,17.300905172413792,ms,ok,,process,58
0.1,de879c93-e652-4062-858a-5e3e8947b4f8,1787673203000,101386,presentmon,frame_time_p95_ms,21.4579,ms,ok,,process,58
0.1,de879c93-e652-4062-858a-5e3e8947b4f8,1787673203000,101386,presentmon,gpu_busy_median_ms,16.742449999999998,ms,ok,,process,58
0.1,de879c93-e652-4062-858a-5e3e8947b4f8,1787673203000,101386,presentmon,gpu_busy_p95_ms,17.7094,ms,ok,,process,58
0.1,de879c93-e652-4062-858a-5e3e8947b4f8,1787673206716,105102,windows_pdh,process_gpu_pct,92.63057283840614,percent,ok,,process,
0.1,de879c93-e652-4062-858a-5e3e8947b4f8,1787673207706,106092,psutil,process_cpu_pct_raw,664.1,percent,ok,,process,
0.1,de879c93-e652-4062-858a-5e3e8947b4f8,1787673207706,106092,psutil,process_cpu_pct,33.205,percent,ok,,process,
0.1,de879c93-e652-4062-858a-5e3e8947b4f8,1787673207706,106092,psutil,process_memory_mb,7998.8359375,MiB,ok,,process,
0.1,de879c93-e652-4062-858a-5e3e8947b4f8,1787673207706,106092,win32_foreground,game_foreground,1.0,boolean,ok,,process,
0.1,de879c93-e652-4062-858a-5e3e8947b4f8,1787673204000,102386,presentmon,app_fps,55.790895722830825,fps,ok,,process,56
0.1,de879c93-e652-4062-858a-5e3e8947b4f8,1787673204000,102386,presentmon,frame_time_avg_ms,17.92407142857143,ms,ok,,process,56
0.1,de879c93-e652-4062-858a-5e3e8947b4f8,1787673204000,102386,presentmon,frame_time_p95_ms,22.5345,ms,ok,,process,56
0.1,de879c93-e652-4062-858a-5e3e8947b4f8,1787673204000,102386,presentmon,gpu_busy_median_ms,16.5356,ms,ok,,process,56
0.1,de879c93-e652-4062-858a-5e3e8947b4f8,1787673204000,102386,presentmon,gpu_busy_p95_ms,18.1299,ms,ok,,process,56
0.1,de879c93-e652-4062-858a-5e3e8947b4f8,1787673207706,106092,windows_pdh,process_gpu_pct,85.78891245804432,percent,ok,,process,
0.1,de879c93-e652-4062-858a-5e3e8947b4f8,1787673208711,107097,psutil,process_cpu_pct_raw,792.2,percent,ok,,process,
0.1,de879c93-e652-4062-858a-5e3e8947b4f8,1787673208711,107097,psutil,process_cpu_pct,39.61,percent,ok,,process,
0.1,de879c93-e652-4062-858a-5e3e8947b4f8,1787673208711,107097,psutil,process_memory_mb,7999.40625,MiB,ok,,process,
0.1,de879c93-e652-4062-858a-5e3e8947b4f8,1787673208711,107097,win32_foreground,game_foreground,1.0,boolean,ok,,process,
0.1,de879c93-e652-4062-858a-5e3e8947b4f8,1787673205000,103386,presentmon,app_fps,53.438780482665116,fps,ok,,process,53
0.1,de879c93-e652-4062-858a-5e3e8947b4f8,1787673205000,103386,presentmon,frame_time_avg_ms,18.71300188679245,ms,ok,,process,53
0.1,de879c93-e652-4062-858a-5e3e8947b4f8,1787673205000,103386,presentmon,frame_time_p95_ms,24.6306,ms,ok,,process,53
0.1,de879c93-e652-4062-858a-5e3e8947b4f8,1787673205000,103386,presentmon,gpu_busy_median_ms,16.4151,ms,ok,,process,53
0.1,de879c93-e652-4062-858a-5e3e8947b4f8,1787673205000,103386,presentmon,gpu_busy_p95_ms,17.844,ms,ok,,process,53
0.1,de879c93-e652-4062-858a-5e3e8947b4f8,1787673208711,107097,windows_pdh,process_gpu_pct,89.99163718544277,percent,ok,,process,
0.1,de879c93-e652-4062-858a-5e3e8947b4f8,1787673209702,108088,psutil,process_cpu_pct_raw,659.9,percent,ok,,process,
0.1,de879c93-e652-4062-858a-5e3e8947b4f8,1787673209702,108088,psutil,process_cpu_pct,32.995,percent,ok,,process,
0.1,de879c93-e652-4062-858a-5e3e8947b4f8,1787673209702,108088,psutil,process_memory_mb,8001.07421875,MiB,ok,,process,
0.1,de879c93-e652-4062-858a-5e3e8947b4f8,1787673209702,108088,win32_foreground,game_foreground,1.0,boolean,ok,,process,
0.1,de879c93-e652-4062-858a-5e3e8947b4f8,1787673206000,104386,presentmon,app_fps,53.16225652313426,fps,ok,,process,53
0.1,de879c93-e652-4062-858a-5e3e8947b4f8,1787673206000,104386,presentmon,frame_time_avg_ms,18.810337735849057,ms,ok,,process,53
0.1,de879c93-e652-4062-858a-5e3e8947b4f8,1787673206000,104386,presentmon,frame_time_p95_ms,27.6502,ms,ok,,process,53
0.1,de879c93-e652-4062-858a-5e3e8947b4f8,1787673206000,104386,presentmon,gpu_busy_median_ms,16.1573,ms,ok,,process,53
0.1,de879c93-e652-4062-858a-5e3e8947b4f8,1787673206000,104386,presentmon,gpu_busy_p95_ms,18.1827,ms,ok,,process,53
0.1,de879c93-e652-4062-858a-5e3e8947b4f8,1787673209702,108088,windows_pdh,process_gpu_pct,87.9286128709499,percent,ok,,process,
0.1,de879c93-e652-4062-858a-5e3e8947b4f8,1787673210708,109094,psutil,process_cpu_pct_raw,785.1,percent,ok,,process,
0.1,de879c93-e652-4062-858a-5e3e8947b4f8,1787673210708,109094,psutil,process_cpu_pct,39.255,percent,ok,,process,
0.1,de879c93-e652-4062-858a-5e3e8947b4f8,1787673210708,109094,psutil,process_memory_mb,7999.73828125,MiB,ok,,process,
0.1,de879c93-e652-4062-858a-5e3e8947b4f8,1787673210708,109094,win32_foreground,game_foreground,1.0,boolean,ok,,process,
0.1,de879c93-e652-4062-858a-5e3e8947b4f8,1787673207000,105386,presentmon,app_fps,56.92001667952765,fps,ok,,process,58
0.1,de879c93-e652-4062-858a-5e3e8947b4f8,1787673207000,105386,presentmon,frame_time_avg_ms,17.568512068965518,ms,ok,,process,58
0.1,de879c93-e652-4062-858a-5e3e8947b4f8,1787673207000,105386,presentmon,frame_time_p95_ms,21.8347,ms,ok,,process,58
0.1,de879c93-e652-4062-858a-5e3e8947b4f8,1787673207000,105386,presentmon,gpu_busy_median_ms,15.5978,ms,ok,,process,58
0.1,de879c93-e652-4062-858a-5e3e8947b4f8,1787673207000,105386,presentmon,gpu_busy_p95_ms,17.6652,ms,ok,,process,58
0.1,de879c93-e652-4062-858a-5e3e8947b4f8,1787673208000,106386,presentmon,app_fps,52.41644868480074,fps,ok,,process,52
0.1,de879c93-e652-4062-858a-5e3e8947b4f8,1787673208000,106386,presentmon,frame_time_avg_ms,19.07798076923077,ms,ok,,process,52
0.1,de879c93-e652-4062-858a-5e3e8947b4f8,1787673208000,106386,presentmon,frame_time_p95_ms,25.621,ms,ok,,process,52
0.1,de879c93-e652-4062-858a-5e3e8947b4f8,1787673208000,106386,presentmon,gpu_busy_median_ms,16.607300000000002,ms,ok,,process,52
0.1,de879c93-e652-4062-858a-5e3e8947b4f8,1787673208000,106386,presentmon,gpu_busy_p95_ms,19.5757,ms,ok,,process,52
0.1,de879c93-e652-4062-858a-5e3e8947b4f8,1787673210708,109094,windows_pdh,process_gpu_pct,94.19164295348173,percent,ok,,process,
0.1,de879c93-e652-4062-858a-5e3e8947b4f8,1787673210708,109094,nvidia-smi,device_gpu_util_pct,87.0,percent,ok,,device,
0.1,de879c93-e652-4062-858a-5e3e8947b4f8,1787673210708,109094,nvidia-smi,device_vram_used_mb,5068.0,MiB,ok,,device,
0.1,de879c93-e652-4062-858a-5e3e8947b4f8,1787673210708,109094,nvidia-smi,device_gpu_temperature_c,64.0,celsius,ok,,device,
0.1,de879c93-e652-4062-858a-5e3e8947b4f8,1787673210708,109094,nvidia-smi,device_gpu_power_w,139.54,watt,ok,,device,
0.1,de879c93-e652-4062-858a-5e3e8947b4f8,1787673210708,109094,nvidia-smi,device_gpu_clock_mhz,1965.0,MHz,ok,,device,
0.1,de879c93-e652-4062-858a-5e3e8947b4f8,1787673211713,110099,psutil,process_cpu_pct_raw,745.3,percent,ok,,process,
0.1,de879c93-e652-4062-858a-5e3e8947b4f8,1787673211713,110099,psutil,process_cpu_pct,37.265,percent,ok,,process,
0.1,de879c93-e652-4062-858a-5e3e8947b4f8,1787673211713,110099,psutil,process_memory_mb,8000.8203125,MiB,ok,,process,
0.1,de879c93-e652-4062-858a-5e3e8947b4f8,1787673211713,110099,win32_foreground,game_foreground,1.0,boolean,ok,,process,
0.1,de879c93-e652-4062-858a-5e3e8947b4f8,1787673211713,110099,windows_pdh,process_gpu_pct,89.3859332674023,percent,ok,,process,
0.1,de879c93-e652-4062-858a-5e3e8947b4f8,1787673212703,111089,psutil,process_cpu_pct_raw,758.2,percent,ok,,process,
0.1,de879c93-e652-4062-858a-5e3e8947b4f8,1787673212703,111089,psutil,process_cpu_pct,37.910000000000004,percent,ok,,process,
0.1,de879c93-e652-4062-858a-5e3e8947b4f8,1787673212703,111089,psutil,process_memory_mb,8001.1796875,MiB,ok,,process,
0.1,de879c93-e652-4062-858a-5e3e8947b4f8,1787673212703,111089,win32_foreground,game_foreground,1.0,boolean,ok,,process,
0.1,de879c93-e652-4062-858a-5e3e8947b4f8,1787673209000,107386,presentmon,app_fps,52.8459803901529,fps,ok,,process,53
0.1,de879c93-e652-4062-858a-5e3e8947b4f8,1787673209000,107386,presentmon,frame_time_avg_ms,18.922915094339622,ms,ok,,process,53
0.1,de879c93-e652-4062-858a-5e3e8947b4f8,1787673209000,107386,presentmon,frame_time_p95_ms,26.586,ms,ok,,process,53
0.1,de879c93-e652-4062-858a-5e3e8947b4f8,1787673209000,107386,presentmon,gpu_busy_median_ms,17.3843,ms,ok,,process,53
0.1,de879c93-e652-4062-858a-5e3e8947b4f8,1787673209000,107386,presentmon,gpu_busy_p95_ms,18.5737,ms,ok,,process,53
0.1,de879c93-e652-4062-858a-5e3e8947b4f8,1787673212703,111089,windows_pdh,process_gpu_pct,90.16009369761099,percent,ok,,process,
0.1,de879c93-e652-4062-858a-5e3e8947b4f8,1787673213709,112095,psutil,process_cpu_pct_raw,658.9,percent,ok,,process,
0.1,de879c93-e652-4062-858a-5e3e8947b4f8,1787673213709,112095,psutil,process_cpu_pct,32.945,percent,ok,,process,
0.1,de879c93-e652-4062-858a-5e3e8947b4f8,1787673213709,112095,psutil,process_memory_mb,8003.1796875,MiB,ok,,process,
0.1,de879c93-e652-4062-858a-5e3e8947b4f8,1787673213709,112095,win32_foreground,game_foreground,1.0,boolean,ok,,process,
0.1,de879c93-e652-4062-858a-5e3e8947b4f8,1787673210000,108386,presentmon,app_fps,51.42775549913964,fps,ok,,process,51
0.1,de879c93-e652-4062-858a-5e3e8947b4f8,1787673210000,108386,presentmon,frame_time_avg_ms,19.44475294117647,ms,ok,,process,51
0.1,de879c93-e652-4062-858a-5e3e8947b4f8,1787673210000,108386,presentmon,frame_time_p95_ms,21.7551,ms,ok,,process,51
0.1,de879c93-e652-4062-858a-5e3e8947b4f8,1787673210000,108386,presentmon,gpu_busy_median_ms,17.592,ms,ok,,process,51
0.1,de879c93-e652-4062-858a-5e3e8947b4f8,1787673210000,108386,presentmon,gpu_busy_p95_ms,19.1295,ms,ok,,process,51
0.1,de879c93-e652-4062-858a-5e3e8947b4f8,1787673213709,112095,windows_pdh,process_gpu_pct,84.80206243098456,percent,ok,,process,
0.1,de879c93-e652-4062-858a-5e3e8947b4f8,1787673214714,113100,psutil,process_cpu_pct_raw,671.9,percent,ok,,process,
0.1,de879c93-e652-4062-858a-5e3e8947b4f8,1787673214714,113100,psutil,process_cpu_pct,33.595,percent,ok,,process,
0.1,de879c93-e652-4062-858a-5e3e8947b4f8,1787673214714,113100,psutil,process_memory_mb,7972.50390625,MiB,ok,,process,
0.1,de879c93-e652-4062-858a-5e3e8947b4f8,1787673214714,113100,win32_foreground,game_foreground,1.0,boolean,ok,,process,
0.1,de879c93-e652-4062-858a-5e3e8947b4f8,1787673211000,109386,presentmon,app_fps,49.027170858089555,fps,ok,,process,49
0.1,de879c93-e652-4062-858a-5e3e8947b4f8,1787673211000,109386,presentmon,frame_time_avg_ms,20.39685306122449,ms,ok,,process,49
0.1,de879c93-e652-4062-858a-5e3e8947b4f8,1787673211000,109386,presentmon,frame_time_p95_ms,24.1652,ms,ok,,process,49
0.1,de879c93-e652-4062-858a-5e3e8947b4f8,1787673211000,109386,presentmon,gpu_busy_median_ms,17.3601,ms,ok,,process,49
0.1,de879c93-e652-4062-858a-5e3e8947b4f8,1787673211000,109386,presentmon,gpu_busy_p95_ms,19.2678,ms,ok,,process,49
0.1,de879c93-e652-4062-858a-5e3e8947b4f8,1787673214714,113100,windows_pdh,process_gpu_pct,80.95009719550411,percent,ok,,process,
0.1,de879c93-e652-4062-858a-5e3e8947b4f8,1787673215704,114090,psutil,process_cpu_pct_raw,680.5,percent,ok,,process,
0.1,de879c93-e652-4062-858a-5e3e8947b4f8,1787673215704,114090,psutil,process_cpu_pct,34.025,percent,ok,,process,
0.1,de879c93-e652-4062-858a-5e3e8947b4f8,1787673215704,114090,psutil,process_memory_mb,7974.41015625,MiB,ok,,process,
0.1,de879c93-e652-4062-858a-5e3e8947b4f8,1787673215704,114090,win32_foreground,game_foreground,1.0,boolean,ok,,process,
0.1,de879c93-e652-4062-858a-5e3e8947b4f8,1787673212000,110386,presentmon,app_fps,47.73624768429473,fps,ok,,process,48
0.1,de879c93-e652-4062-858a-5e3e8947b4f8,1787673212000,110386,presentmon,frame_time_avg_ms,20.948441666666668,ms,ok,,process,48
0.1,de879c93-e652-4062-858a-5e3e8947b4f8,1787673212000,110386,presentmon,frame_time_p95_ms,28.9453,ms,ok,,process,48
0.1,de879c93-e652-4062-858a-5e3e8947b4f8,1787673212000,110386,presentmon,gpu_busy_median_ms,17.30755,ms,ok,,process,48
0.1,de879c93-e652-4062-858a-5e3e8947b4f8,1787673212000,110386,presentmon,gpu_busy_p95_ms,19.0274,ms,ok,,process,48
0.1,de879c93-e652-4062-858a-5e3e8947b4f8,1787673213000,111386,presentmon,app_fps,46.72152104595767,fps,ok,,process,47
0.1,de879c93-e652-4062-858a-5e3e8947b4f8,1787673213000,111386,presentmon,frame_time_avg_ms,21.403412765957448,ms,ok,,process,47
0.1,de879c93-e652-4062-858a-5e3e8947b4f8,1787673213000,111386,presentmon,frame_time_p95_ms,27.749,ms,ok,,process,47
0.1,de879c93-e652-4062-858a-5e3e8947b4f8,1787673213000,111386,presentmon,gpu_busy_median_ms,18.9279,ms,ok,,process,47
0.1,de879c93-e652-4062-858a-5e3e8947b4f8,1787673213000,111386,presentmon,gpu_busy_p95_ms,20.6261,ms,ok,,process,47
0.1,de879c93-e652-4062-858a-5e3e8947b4f8,1787673215704,114090,windows_pdh,process_gpu_pct,93.32467273818196,percent,ok,,process,
0.1,de879c93-e652-4062-858a-5e3e8947b4f8,1787673216710,115096,psutil,process_cpu_pct_raw,711.2,percent,ok,,process,
0.1,de879c93-e652-4062-858a-5e3e8947b4f8,1787673216710,115096,psutil,process_cpu_pct,35.56,percent,ok,,process,
0.1,de879c93-e652-4062-858a-5e3e8947b4f8,1787673216710,115096,psutil,process_memory_mb,7975.15234375,MiB,ok,,process,
0.1,de879c93-e652-4062-858a-5e3e8947b4f8,1787673216710,115096,win32_foreground,game_foreground,1.0,boolean,ok,,process,
0.1,de879c93-e652-4062-858a-5e3e8947b4f8,1787673216710,115096,windows_pdh,process_gpu_pct,92.3048557903139,percent,ok,,process,
0.1,de879c93-e652-4062-858a-5e3e8947b4f8,1787673216710,115096,nvidia-smi,device_gpu_util_pct,90.0,percent,ok,,device,
0.1,de879c93-e652-4062-858a-5e3e8947b4f8,1787673216710,115096,nvidia-smi,device_vram_used_mb,5077.0,MiB,ok,,device,
0.1,de879c93-e652-4062-858a-5e3e8947b4f8,1787673216710,115096,nvidia-smi,device_gpu_temperature_c,63.0,celsius,ok,,device,
0.1,de879c93-e652-4062-858a-5e3e8947b4f8,1787673216710,115096,nvidia-smi,device_gpu_power_w,134.45,watt,ok,,device,
0.1,de879c93-e652-4062-858a-5e3e8947b4f8,1787673216710,115096,nvidia-smi,device_gpu_clock_mhz,1965.0,MHz,ok,,device,
0.1,de879c93-e652-4062-858a-5e3e8947b4f8,1787673217716,116102,psutil,process_cpu_pct_raw,639.1,percent,ok,,process,
0.1,de879c93-e652-4062-858a-5e3e8947b4f8,1787673217716,116102,psutil,process_cpu_pct,31.955000000000002,percent,ok,,process,
0.1,de879c93-e652-4062-858a-5e3e8947b4f8,1787673217716,116102,psutil,process_memory_mb,7980.74609375,MiB,ok,,process,
0.1,de879c93-e652-4062-858a-5e3e8947b4f8,1787673217716,116102,win32_foreground,game_foreground,1.0,boolean,ok,,process,
0.1,de879c93-e652-4062-858a-5e3e8947b4f8,1787673214000,112386,presentmon,app_fps,47.18114729693184,fps,ok,,process,47
0.1,de879c93-e652-4062-858a-5e3e8947b4f8,1787673214000,112386,presentmon,frame_time_avg_ms,21.194906382978726,ms,ok,,process,47
0.1,de879c93-e652-4062-858a-5e3e8947b4f8,1787673214000,112386,presentmon,frame_time_p95_ms,26.2434,ms,ok,,process,47
0.1,de879c93-e652-4062-858a-5e3e8947b4f8,1787673214000,112386,presentmon,gpu_busy_median_ms,19.2235,ms,ok,,process,47
0.1,de879c93-e652-4062-858a-5e3e8947b4f8,1787673214000,112386,presentmon,gpu_busy_p95_ms,22.0056,ms,ok,,process,47
0.1,de879c93-e652-4062-858a-5e3e8947b4f8,1787673217716,116102,windows_pdh,process_gpu_pct,86.03582840164972,percent,ok,,process,
0.1,de879c93-e652-4062-858a-5e3e8947b4f8,1787673218706,117092,psutil,process_cpu_pct_raw,667.2,percent,ok,,process,
0.1,de879c93-e652-4062-858a-5e3e8947b4f8,1787673218706,117092,psutil,process_cpu_pct,33.36,percent,ok,,process,
0.1,de879c93-e652-4062-858a-5e3e8947b4f8,1787673218706,117092,psutil,process_memory_mb,7975.2890625,MiB,ok,,process,
0.1,de879c93-e652-4062-858a-5e3e8947b4f8,1787673218706,117092,win32_foreground,game_foreground,1.0,boolean,ok,,process,
0.1,de879c93-e652-4062-858a-5e3e8947b4f8,1787673215000,113386,presentmon,app_fps,49.969818229789205,fps,ok,,process,50
0.1,de879c93-e652-4062-858a-5e3e8947b4f8,1787673215000,113386,presentmon,frame_time_avg_ms,20.01208,ms,ok,,process,50
0.1,de879c93-e652-4062-858a-5e3e8947b4f8,1787673215000,113386,presentmon,frame_time_p95_ms,25.217,ms,ok,,process,50
0.1,de879c93-e652-4062-858a-5e3e8947b4f8,1787673215000,113386,presentmon,gpu_busy_median_ms,17.860950000000003,ms,ok,,process,50
0.1,de879c93-e652-4062-858a-5e3e8947b4f8,1787673215000,113386,presentmon,gpu_busy_p95_ms,19.8066,ms,ok,,process,50
0.1,de879c93-e652-4062-858a-5e3e8947b4f8,1787673216000,114386,presentmon,app_fps,44.2645871431897,fps,ok,,process,44
0.1,de879c93-e652-4062-858a-5e3e8947b4f8,1787673216000,114386,presentmon,frame_time_avg_ms,22.59142272727273,ms,ok,,process,44
0.1,de879c93-e652-4062-858a-5e3e8947b4f8,1787673216000,114386,presentmon,frame_time_p95_ms,29.762,ms,ok,,process,44
0.1,de879c93-e652-4062-858a-5e3e8947b4f8,1787673216000,114386,presentmon,gpu_busy_median_ms,19.54555,ms,ok,,process,44
0.1,de879c93-e652-4062-858a-5e3e8947b4f8,1787673216000,114386,presentmon,gpu_busy_p95_ms,22.3562,ms,ok,,process,44
0.1,de879c93-e652-4062-858a-5e3e8947b4f8,1787673218706,117092,windows_pdh,process_gpu_pct,92.957229295923,percent,ok,,process,
0.1,de879c93-e652-4062-858a-5e3e8947b4f8,1787673219711,118097,psutil,process_cpu_pct_raw,667.2,percent,ok,,process,
0.1,de879c93-e652-4062-858a-5e3e8947b4f8,1787673219711,118097,psutil,process_cpu_pct,33.36,percent,ok,,process,
0.1,de879c93-e652-4062-858a-5e3e8947b4f8,1787673219711,118097,psutil,process_memory_mb,7984.41015625,MiB,ok,,process,
0.1,de879c93-e652-4062-858a-5e3e8947b4f8,1787673219711,118097,win32_foreground,game_foreground,1.0,boolean,ok,,process,
0.1,de879c93-e652-4062-858a-5e3e8947b4f8,1787673219711,118097,windows_pdh,process_gpu_pct,94.24103955731238,percent,ok,,process,
0.1,de879c93-e652-4062-858a-5e3e8947b4f8,1787673220701,119087,psutil,process_cpu_pct_raw,642.4,percent,ok,,process,
0.1,de879c93-e652-4062-858a-5e3e8947b4f8,1787673220701,119087,psutil,process_cpu_pct,32.12,percent,ok,,process,
0.1,de879c93-e652-4062-858a-5e3e8947b4f8,1787673220701,119087,psutil,process_memory_mb,7983.9296875,MiB,ok,,process,
0.1,de879c93-e652-4062-858a-5e3e8947b4f8,1787673220701,119087,win32_foreground,game_foreground,1.0,boolean,ok,,process,
0.1,de879c93-e652-4062-858a-5e3e8947b4f8,1787673217000,115386,presentmon,app_fps,49.92607514579148,fps,ok,,process,51
0.1,de879c93-e652-4062-858a-5e3e8947b4f8,1787673217000,115386,presentmon,frame_time_avg_ms,20.029613725490197,ms,ok,,process,51
0.1,de879c93-e652-4062-858a-5e3e8947b4f8,1787673217000,115386,presentmon,frame_time_p95_ms,25.1856,ms,ok,,process,51
0.1,de879c93-e652-4062-858a-5e3e8947b4f8,1787673217000,115386,presentmon,gpu_busy_median_ms,18.5785,ms,ok,,process,51
0.1,de879c93-e652-4062-858a-5e3e8947b4f8,1787673217000,115386,presentmon,gpu_busy_p95_ms,20.3525,ms,ok,,process,51
0.1,de879c93-e652-4062-858a-5e3e8947b4f8,1787673218000,116386,presentmon,app_fps,52.30494026314308,fps,ok,,process,51
0.1,de879c93-e652-4062-858a-5e3e8947b4f8,1787673218000,116386,presentmon,frame_time_avg_ms,19.11865294117647,ms,ok,,process,51
0.1,de879c93-e652-4062-858a-5e3e8947b4f8,1787673218000,116386,presentmon,frame_time_p95_ms,25.2742,ms,ok,,process,51
0.1,de879c93-e652-4062-858a-5e3e8947b4f8,1787673218000,116386,presentmon,gpu_busy_median_ms,17.7309,ms,ok,,process,51
0.1,de879c93-e652-4062-858a-5e3e8947b4f8,1787673218000,116386,presentmon,gpu_busy_p95_ms,18.8604,ms,ok,,process,51
0.1,de879c93-e652-4062-858a-5e3e8947b4f8,1787673220701,119087,windows_pdh,process_gpu_pct,90.65372374534867,percent,ok,,process,
0.1,de879c93-e652-4062-858a-5e3e8947b4f8,1787673221707,120093,psutil,process_cpu_pct_raw,795.9,percent,ok,,process,
0.1,de879c93-e652-4062-858a-5e3e8947b4f8,1787673221707,120093,psutil,process_cpu_pct,39.795,percent,ok,,process,
0.1,de879c93-e652-4062-858a-5e3e8947b4f8,1787673221707,120093,psutil,process_memory_mb,7984.72265625,MiB,ok,,process,
0.1,de879c93-e652-4062-858a-5e3e8947b4f8,1787673221707,120093,win32_foreground,game_foreground,1.0,boolean,ok,,process,
0.1,de879c93-e652-4062-858a-5e3e8947b4f8,1787673221707,120093,windows_pdh,process_gpu_pct,92.67798965383034,percent,ok,,process,
0.1,de879c93-e652-4062-858a-5e3e8947b4f8,1787673221707,120093,nvidia-smi,device_gpu_util_pct,89.0,percent,ok,,device,
0.1,de879c93-e652-4062-858a-5e3e8947b4f8,1787673221707,120093,nvidia-smi,device_vram_used_mb,5068.0,MiB,ok,,device,
0.1,de879c93-e652-4062-858a-5e3e8947b4f8,1787673221707,120093,nvidia-smi,device_gpu_temperature_c,63.0,celsius,ok,,device,
0.1,de879c93-e652-4062-858a-5e3e8947b4f8,1787673221707,120093,nvidia-smi,device_gpu_power_w,142.01,watt,ok,,device,
0.1,de879c93-e652-4062-858a-5e3e8947b4f8,1787673221707,120093,nvidia-smi,device_gpu_clock_mhz,1965.0,MHz,ok,,device,
0.1,de879c93-e652-4062-858a-5e3e8947b4f8,1787673222713,121099,psutil,process_cpu_pct_raw,673.4,percent,ok,,process,
0.1,de879c93-e652-4062-858a-5e3e8947b4f8,1787673222713,121099,psutil,process_cpu_pct,33.67,percent,ok,,process,
0.1,de879c93-e652-4062-858a-5e3e8947b4f8,1787673222713,121099,psutil,process_memory_mb,7981.84375,MiB,ok,,process,
0.1,de879c93-e652-4062-858a-5e3e8947b4f8,1787673222713,121099,win32_foreground,game_foreground,1.0,boolean,ok,,process,
0.1,de879c93-e652-4062-858a-5e3e8947b4f8,1787673219000,117386,presentmon,app_fps,55.187266952951454,fps,ok,,process,55
0.1,de879c93-e652-4062-858a-5e3e8947b4f8,1787673219000,117386,presentmon,frame_time_avg_ms,18.12012181818182,ms,ok,,process,55
0.1,de879c93-e652-4062-858a-5e3e8947b4f8,1787673219000,117386,presentmon,frame_time_p95_ms,24.6637,ms,ok,,process,55
0.1,de879c93-e652-4062-858a-5e3e8947b4f8,1787673219000,117386,presentmon,gpu_busy_median_ms,16.3545,ms,ok,,process,55
0.1,de879c93-e652-4062-858a-5e3e8947b4f8,1787673219000,117386,presentmon,gpu_busy_p95_ms,17.9474,ms,ok,,process,55
0.1,de879c93-e652-4062-858a-5e3e8947b4f8,1787673220000,118386,presentmon,app_fps,59.52778394827353,fps,ok,,process,60
0.1,de879c93-e652-4062-858a-5e3e8947b4f8,1787673220000,118386,presentmon,frame_time_avg_ms,16.79887833333333,ms,ok,,process,60
0.1,de879c93-e652-4062-858a-5e3e8947b4f8,1787673220000,118386,presentmon,frame_time_p95_ms,21.7612,ms,ok,,process,60
0.1,de879c93-e652-4062-858a-5e3e8947b4f8,1787673220000,118386,presentmon,gpu_busy_median_ms,15.508099999999999,ms,ok,,process,60
0.1,de879c93-e652-4062-858a-5e3e8947b4f8,1787673220000,118386,presentmon,gpu_busy_p95_ms,16.4185,ms,ok,,process,60
0.1,de879c93-e652-4062-858a-5e3e8947b4f8,1787673222713,121099,windows_pdh,process_gpu_pct,93.8583206099601,percent,ok,,process,
0.1,de879c93-e652-4062-858a-5e3e8947b4f8,1787673223703,122089,psutil,process_cpu_pct_raw,724.9,percent,ok,,process,
0.1,de879c93-e652-4062-858a-5e3e8947b4f8,1787673223703,122089,psutil,process_cpu_pct,36.245,percent,ok,,process,
0.1,de879c93-e652-4062-858a-5e3e8947b4f8,1787673223703,122089,psutil,process_memory_mb,7983.2578125,MiB,ok,,process,
0.1,de879c93-e652-4062-858a-5e3e8947b4f8,1787673223703,122089,win32_foreground,game_foreground,1.0,boolean,ok,,process,
0.1,de879c93-e652-4062-858a-5e3e8947b4f8,1787673223703,122089,windows_pdh,process_gpu_pct,91.26110787657747,percent,ok,,process,
0.1,de879c93-e652-4062-858a-5e3e8947b4f8,1787673224708,123094,psutil,process_cpu_pct_raw,612.7,percent,ok,,process,
0.1,de879c93-e652-4062-858a-5e3e8947b4f8,1787673224708,123094,psutil,process_cpu_pct,30.635,percent,ok,,process,
0.1,de879c93-e652-4062-858a-5e3e8947b4f8,1787673224708,123094,psutil,process_memory_mb,7982.234375,MiB,ok,,process,
0.1,de879c93-e652-4062-858a-5e3e8947b4f8,1787673224708,123094,win32_foreground,game_foreground,1.0,boolean,ok,,process,
0.1,de879c93-e652-4062-858a-5e3e8947b4f8,1787673221000,119386,presentmon,app_fps,61.16225735253053,fps,ok,,process,61
0.1,de879c93-e652-4062-858a-5e3e8947b4f8,1787673221000,119386,presentmon,frame_time_avg_ms,16.349952459016393,ms,ok,,process,61
0.1,de879c93-e652-4062-858a-5e3e8947b4f8,1787673221000,119386,presentmon,frame_time_p95_ms,20.0047,ms,ok,,process,61
0.1,de879c93-e652-4062-858a-5e3e8947b4f8,1787673221000,119386,presentmon,gpu_busy_median_ms,15.4806,ms,ok,,process,61
0.1,de879c93-e652-4062-858a-5e3e8947b4f8,1787673221000,119386,presentmon,gpu_busy_p95_ms,16.3269,ms,ok,,process,61
0.1,de879c93-e652-4062-858a-5e3e8947b4f8,1787673222000,120386,presentmon,app_fps,51.83809408075757,fps,ok,,process,52
0.1,de879c93-e652-4062-858a-5e3e8947b4f8,1787673222000,120386,presentmon,frame_time_avg_ms,19.290832692307692,ms,ok,,process,52
0.1,de879c93-e652-4062-858a-5e3e8947b4f8,1787673222000,120386,presentmon,frame_time_p95_ms,27.2354,ms,ok,,process,52
0.1,de879c93-e652-4062-858a-5e3e8947b4f8,1787673222000,120386,presentmon,gpu_busy_median_ms,16.944699999999997,ms,ok,,process,52
0.1,de879c93-e652-4062-858a-5e3e8947b4f8,1787673222000,120386,presentmon,gpu_busy_p95_ms,19.5304,ms,ok,,process,52
0.1,de879c93-e652-4062-858a-5e3e8947b4f8,1787673224708,123094,windows_pdh,process_gpu_pct,93.48207248490436,percent,ok,,process,
0.1,de879c93-e652-4062-858a-5e3e8947b4f8,1787673225699,124085,psutil,process_cpu_pct_raw,652.0,percent,ok,,process,
0.1,de879c93-e652-4062-858a-5e3e8947b4f8,1787673225699,124085,psutil,process_cpu_pct,32.6,percent,ok,,process,
0.1,de879c93-e652-4062-858a-5e3e8947b4f8,1787673225699,124085,psutil,process_memory_mb,7983.35546875,MiB,ok,,process,
0.1,de879c93-e652-4062-858a-5e3e8947b4f8,1787673225699,124085,win32_foreground,game_foreground,1.0,boolean,ok,,process,
0.1,de879c93-e652-4062-858a-5e3e8947b4f8,1787673223000,121386,presentmon,app_fps,51.246155784696214,fps,ok,,process,51
0.1,de879c93-e652-4062-858a-5e3e8947b4f8,1787673223000,121386,presentmon,frame_time_avg_ms,19.51365882352941,ms,ok,,process,51
0.1,de879c93-e652-4062-858a-5e3e8947b4f8,1787673223000,121386,presentmon,frame_time_p95_ms,25.0693,ms,ok,,process,51
0.1,de879c93-e652-4062-858a-5e3e8947b4f8,1787673223000,121386,presentmon,gpu_busy_median_ms,18.332,ms,ok,,process,51
0.1,de879c93-e652-4062-858a-5e3e8947b4f8,1787673223000,121386,presentmon,gpu_busy_p95_ms,20.0643,ms,ok,,process,51
0.1,de879c93-e652-4062-858a-5e3e8947b4f8,1787673225699,124085,windows_pdh,process_gpu_pct,94.46727957620634,percent,ok,,process,
0.1,de879c93-e652-4062-858a-5e3e8947b4f8,1787673226704,125090,psutil,process_cpu_pct_raw,695.3,percent,ok,,process,
0.1,de879c93-e652-4062-858a-5e3e8947b4f8,1787673226704,125090,psutil,process_cpu_pct,34.765,percent,ok,,process,
0.1,de879c93-e652-4062-858a-5e3e8947b4f8,1787673226704,125090,psutil,process_memory_mb,8008.33984375,MiB,ok,,process,
0.1,de879c93-e652-4062-858a-5e3e8947b4f8,1787673226704,125090,win32_foreground,game_foreground,1.0,boolean,ok,,process,
0.1,de879c93-e652-4062-858a-5e3e8947b4f8,1787673224000,122386,presentmon,app_fps,48.7563984066409,fps,ok,,process,49
0.1,de879c93-e652-4062-858a-5e3e8947b4f8,1787673224000,122386,presentmon,frame_time_avg_ms,20.51012857142857,ms,ok,,process,49
0.1,de879c93-e652-4062-858a-5e3e8947b4f8,1787673224000,122386,presentmon,frame_time_p95_ms,27.8328,ms,ok,,process,49
0.1,de879c93-e652-4062-858a-5e3e8947b4f8,1787673224000,122386,presentmon,gpu_busy_median_ms,18.9595,ms,ok,,process,49
0.1,de879c93-e652-4062-858a-5e3e8947b4f8,1787673224000,122386,presentmon,gpu_busy_p95_ms,20.5325,ms,ok,,process,49
0.1,de879c93-e652-4062-858a-5e3e8947b4f8,1787673226704,125090,windows_pdh,process_gpu_pct,89.41066231815574,percent,ok,,process,
0.1,de879c93-e652-4062-858a-5e3e8947b4f8,1787673227710,126096,psutil,process_cpu_pct_raw,655.8,percent,ok,,process,
0.1,de879c93-e652-4062-858a-5e3e8947b4f8,1787673227710,126096,psutil,process_cpu_pct,32.79,percent,ok,,process,
0.1,de879c93-e652-4062-858a-5e3e8947b4f8,1787673227710,126096,psutil,process_memory_mb,7968.58984375,MiB,ok,,process,
0.1,de879c93-e652-4062-858a-5e3e8947b4f8,1787673227710,126096,win32_foreground,game_foreground,1.0,boolean,ok,,process,
0.1,de879c93-e652-4062-858a-5e3e8947b4f8,1787673227710,126096,windows_pdh,process_gpu_pct,96.59154105500754,percent,ok,,process,
0.1,de879c93-e652-4062-858a-5e3e8947b4f8,1787673227710,126096,nvidia-smi,device_gpu_util_pct,90.0,percent,ok,,device,
0.1,de879c93-e652-4062-858a-5e3e8947b4f8,1787673227710,126096,nvidia-smi,device_vram_used_mb,5078.0,MiB,ok,,device,
0.1,de879c93-e652-4062-858a-5e3e8947b4f8,1787673227710,126096,nvidia-smi,device_gpu_temperature_c,63.0,celsius,ok,,device,
0.1,de879c93-e652-4062-858a-5e3e8947b4f8,1787673227710,126096,nvidia-smi,device_gpu_power_w,145.31,watt,ok,,device,
0.1,de879c93-e652-4062-858a-5e3e8947b4f8,1787673227710,126096,nvidia-smi,device_gpu_clock_mhz,1965.0,MHz,ok,,device,
0.1,de879c93-e652-4062-858a-5e3e8947b4f8,1787673228715,127101,psutil,process_cpu_pct_raw,720.3,percent,ok,,process,
0.1,de879c93-e652-4062-858a-5e3e8947b4f8,1787673228715,127101,psutil,process_cpu_pct,36.015,percent,ok,,process,
0.1,de879c93-e652-4062-858a-5e3e8947b4f8,1787673228715,127101,psutil,process_memory_mb,7937.30078125,MiB,ok,,process,
0.1,de879c93-e652-4062-858a-5e3e8947b4f8,1787673228715,127101,win32_foreground,game_foreground,1.0,boolean,ok,,process,
0.1,de879c93-e652-4062-858a-5e3e8947b4f8,1787673225000,123386,presentmon,app_fps,49.230017410346356,fps,ok,,process,49
0.1,de879c93-e652-4062-858a-5e3e8947b4f8,1787673225000,123386,presentmon,frame_time_avg_ms,20.312810204081632,ms,ok,,process,49
0.1,de879c93-e652-4062-858a-5e3e8947b4f8,1787673225000,123386,presentmon,frame_time_p95_ms,33.2247,ms,ok,,process,49
0.1,de879c93-e652-4062-858a-5e3e8947b4f8,1787673225000,123386,presentmon,gpu_busy_median_ms,18.7196,ms,ok,,process,49
0.1,de879c93-e652-4062-858a-5e3e8947b4f8,1787673225000,123386,presentmon,gpu_busy_p95_ms,20.0065,ms,ok,,process,49
0.1,de879c93-e652-4062-858a-5e3e8947b4f8,1787673226000,124386,presentmon,app_fps,50.269607734422706,fps,ok,,process,51
0.1,de879c93-e652-4062-858a-5e3e8947b4f8,1787673226000,124386,presentmon,frame_time_avg_ms,19.892735294117646,ms,ok,,process,51
0.1,de879c93-e652-4062-858a-5e3e8947b4f8,1787673226000,124386,presentmon,frame_time_p95_ms,25.287,ms,ok,,process,51
0.1,de879c93-e652-4062-858a-5e3e8947b4f8,1787673226000,124386,presentmon,gpu_busy_median_ms,18.8276,ms,ok,,process,51
0.1,de879c93-e652-4062-858a-5e3e8947b4f8,1787673226000,124386,presentmon,gpu_busy_p95_ms,19.8688,ms,ok,,process,51
0.1,de879c93-e652-4062-858a-5e3e8947b4f8,1787673228715,127101,windows_pdh,process_gpu_pct,96.35181620442808,percent,ok,,process,
0.1,de879c93-e652-4062-858a-5e3e8947b4f8,1787673229706,128092,psutil,process_cpu_pct_raw,806.2,percent,ok,,process,
0.1,de879c93-e652-4062-858a-5e3e8947b4f8,1787673229706,128092,psutil,process_cpu_pct,40.31,percent,ok,,process,
0.1,de879c93-e652-4062-858a-5e3e8947b4f8,1787673229706,128092,psutil,process_memory_mb,7937.484375,MiB,ok,,process,
0.1,de879c93-e652-4062-858a-5e3e8947b4f8,1787673229706,128092,win32_foreground,game_foreground,1.0,boolean,ok,,process,
0.1,de879c93-e652-4062-858a-5e3e8947b4f8,1787673227000,125386,presentmon,app_fps,51.031910253481506,fps,ok,,process,51
0.1,de879c93-e652-4062-858a-5e3e8947b4f8,1787673227000,125386,presentmon,frame_time_avg_ms,19.595582352941175,ms,ok,,process,51
0.1,de879c93-e652-4062-858a-5e3e8947b4f8,1787673227000,125386,presentmon,frame_time_p95_ms,24.4602,ms,ok,,process,51
0.1,de879c93-e652-4062-858a-5e3e8947b4f8,1787673227000,125386,presentmon,gpu_busy_median_ms,18.8184,ms,ok,,process,51
0.1,de879c93-e652-4062-858a-5e3e8947b4f8,1787673227000,125386,presentmon,gpu_busy_p95_ms,19.9488,ms,ok,,process,51
0.1,de879c93-e652-4062-858a-5e3e8947b4f8,1787673229706,128092,windows_pdh,process_gpu_pct,95.17928219656935,percent,ok,,process,
0.1,de879c93-e652-4062-858a-5e3e8947b4f8,1787673230711,129097,psutil,process_cpu_pct_raw,654.7,percent,ok,,process,
0.1,de879c93-e652-4062-858a-5e3e8947b4f8,1787673230711,129097,psutil,process_cpu_pct,32.735,percent,ok,,process,
0.1,de879c93-e652-4062-858a-5e3e8947b4f8,1787673230711,129097,psutil,process_memory_mb,7935.0078125,MiB,ok,,process,
0.1,de879c93-e652-4062-858a-5e3e8947b4f8,1787673230711,129097,win32_foreground,game_foreground,1.0,boolean,ok,,process,
0.1,de879c93-e652-4062-858a-5e3e8947b4f8,1787673228000,126386,presentmon,app_fps,50.215615811170004,fps,ok,,process,50
0.1,de879c93-e652-4062-858a-5e3e8947b4f8,1787673228000,126386,presentmon,frame_time_avg_ms,19.914124,ms,ok,,process,50
0.1,de879c93-e652-4062-858a-5e3e8947b4f8,1787673228000,126386,presentmon,frame_time_p95_ms,26.7397,ms,ok,,process,50
0.1,de879c93-e652-4062-858a-5e3e8947b4f8,1787673228000,126386,presentmon,gpu_busy_median_ms,18.033250000000002,ms,ok,,process,50
0.1,de879c93-e652-4062-858a-5e3e8947b4f8,1787673228000,126386,presentmon,gpu_busy_p95_ms,18.7368,ms,ok,,process,50
0.1,de879c93-e652-4062-858a-5e3e8947b4f8,1787673230711,129097,windows_pdh,process_gpu_pct,90.1458196474544,percent,ok,,process,
0.1,de879c93-e652-4062-858a-5e3e8947b4f8,1787673231701,130087,psutil,process_cpu_pct_raw,528.2,percent,ok,,process,
0.1,de879c93-e652-4062-858a-5e3e8947b4f8,1787673231701,130087,psutil,process_cpu_pct,26.410000000000004,percent,ok,,process,
0.1,de879c93-e652-4062-858a-5e3e8947b4f8,1787673231701,130087,psutil,process_memory_mb,7932.87890625,MiB,ok,,process,
0.1,de879c93-e652-4062-858a-5e3e8947b4f8,1787673231701,130087,win32_foreground,game_foreground,1.0,boolean,ok,,process,
0.1,de879c93-e652-4062-858a-5e3e8947b4f8,1787673229000,127386,presentmon,app_fps,51.773206959334175,fps,ok,,process,51
0.1,de879c93-e652-4062-858a-5e3e8947b4f8,1787673229000,127386,presentmon,frame_time_avg_ms,19.31500980392157,ms,ok,,process,51
0.1,de879c93-e652-4062-858a-5e3e8947b4f8,1787673229000,127386,presentmon,frame_time_p95_ms,24.2603,ms,ok,,process,51
0.1,de879c93-e652-4062-858a-5e3e8947b4f8,1787673229000,127386,presentmon,gpu_busy_median_ms,17.5797,ms,ok,,process,51
0.1,de879c93-e652-4062-858a-5e3e8947b4f8,1787673229000,127386,presentmon,gpu_busy_p95_ms,18.3458,ms,ok,,process,51
0.1,de879c93-e652-4062-858a-5e3e8947b4f8,1787673231701,130087,windows_pdh,process_gpu_pct,92.18418560864546,percent,ok,,process,
0.1,de879c93-e652-4062-858a-5e3e8947b4f8,1787673232707,131093,psutil,process_cpu_pct_raw,603.4,percent,ok,,process,
0.1,de879c93-e652-4062-858a-5e3e8947b4f8,1787673232707,131093,psutil,process_cpu_pct,30.169999999999998,percent,ok,,process,
0.1,de879c93-e652-4062-858a-5e3e8947b4f8,1787673232707,131093,psutil,process_memory_mb,7933.21484375,MiB,ok,,process,
0.1,de879c93-e652-4062-858a-5e3e8947b4f8,1787673232707,131093,win32_foreground,game_foreground,1.0,boolean,ok,,process,
0.1,de879c93-e652-4062-858a-5e3e8947b4f8,1787673230000,128386,presentmon,app_fps,53.60518707614676,fps,ok,,process,54
0.1,de879c93-e652-4062-858a-5e3e8947b4f8,1787673230000,128386,presentmon,frame_time_avg_ms,18.65491111111111,ms,ok,,process,54
0.1,de879c93-e652-4062-858a-5e3e8947b4f8,1787673230000,128386,presentmon,frame_time_p95_ms,23.2073,ms,ok,,process,54
0.1,de879c93-e652-4062-858a-5e3e8947b4f8,1787673230000,128386,presentmon,gpu_busy_median_ms,17.26285,ms,ok,,process,54
0.1,de879c93-e652-4062-858a-5e3e8947b4f8,1787673230000,128386,presentmon,gpu_busy_p95_ms,17.8559,ms,ok,,process,54
0.1,de879c93-e652-4062-858a-5e3e8947b4f8,1787673232707,131093,windows_pdh,process_gpu_pct,90.2846716378373,percent,ok,,process,
0.1,de879c93-e652-4062-858a-5e3e8947b4f8,1787673232707,131093,nvidia-smi,device_gpu_util_pct,90.0,percent,ok,,device,
0.1,de879c93-e652-4062-858a-5e3e8947b4f8,1787673232707,131093,nvidia-smi,device_vram_used_mb,5038.0,MiB,ok,,device,
0.1,de879c93-e652-4062-858a-5e3e8947b4f8,1787673232707,131093,nvidia-smi,device_gpu_temperature_c,63.0,celsius,ok,,device,
0.1,de879c93-e652-4062-858a-5e3e8947b4f8,1787673232707,131093,nvidia-smi,device_gpu_power_w,130.85,watt,ok,,device,
0.1,de879c93-e652-4062-858a-5e3e8947b4f8,1787673232707,131093,nvidia-smi,device_gpu_clock_mhz,1965.0,MHz,ok,,device,
0.1,de879c93-e652-4062-858a-5e3e8947b4f8,1787673233697,132083,psutil,process_cpu_pct_raw,702.7,percent,ok,,process,
0.1,de879c93-e652-4062-858a-5e3e8947b4f8,1787673233697,132083,psutil,process_cpu_pct,35.135000000000005,percent,ok,,process,
0.1,de879c93-e652-4062-858a-5e3e8947b4f8,1787673233697,132083,psutil,process_memory_mb,7949.94140625,MiB,ok,,process,
0.1,de879c93-e652-4062-858a-5e3e8947b4f8,1787673233697,132083,win32_foreground,game_foreground,1.0,boolean,ok,,process,
0.1,de879c93-e652-4062-858a-5e3e8947b4f8,1787673231000,129386,presentmon,app_fps,45.60452666566073,fps,ok,,process,46
0.1,de879c93-e652-4062-858a-5e3e8947b4f8,1787673231000,129386,presentmon,frame_time_avg_ms,21.927647826086957,ms,ok,,process,46
0.1,de879c93-e652-4062-858a-5e3e8947b4f8,1787673231000,129386,presentmon,frame_time_p95_ms,30.4263,ms,ok,,process,46
0.1,de879c93-e652-4062-858a-5e3e8947b4f8,1787673231000,129386,presentmon,gpu_busy_median_ms,17.84375,ms,ok,,process,46
0.1,de879c93-e652-4062-858a-5e3e8947b4f8,1787673231000,129386,presentmon,gpu_busy_p95_ms,23.5818,ms,ok,,process,46
0.1,de879c93-e652-4062-858a-5e3e8947b4f8,1787673233697,132083,windows_pdh,process_gpu_pct,82.12688108360575,percent,ok,,process,
0.1,de879c93-e652-4062-858a-5e3e8947b4f8,1787673234703,133089,psutil,process_cpu_pct_raw,784.4,percent,ok,,process,
0.1,de879c93-e652-4062-858a-5e3e8947b4f8,1787673234703,133089,psutil,process_cpu_pct,39.22,percent,ok,,process,
0.1,de879c93-e652-4062-858a-5e3e8947b4f8,1787673234703,133089,psutil,process_memory_mb,7949.30859375,MiB,ok,,process,
0.1,de879c93-e652-4062-858a-5e3e8947b4f8,1787673234703,133089,win32_foreground,game_foreground,1.0,boolean,ok,,process,
0.1,de879c93-e652-4062-858a-5e3e8947b4f8,1787673232000,130386,presentmon,app_fps,50.83518653005829,fps,ok,,process,50
0.1,de879c93-e652-4062-858a-5e3e8947b4f8,1787673232000,130386,presentmon,frame_time_avg_ms,19.671414,ms,ok,,process,50
0.1,de879c93-e652-4062-858a-5e3e8947b4f8,1787673232000,130386,presentmon,frame_time_p95_ms,25.0775,ms,ok,,process,50
0.1,de879c93-e652-4062-858a-5e3e8947b4f8,1787673232000,130386,presentmon,gpu_busy_median_ms,17.2987,ms,ok,,process,50
0.1,de879c93-e652-4062-858a-5e3e8947b4f8,1787673232000,130386,presentmon,gpu_busy_p95_ms,20.8277,ms,ok,,process,50
0.1,de879c93-e652-4062-858a-5e3e8947b4f8,1787673234703,133089,windows_pdh,process_gpu_pct,96.5603575752759,percent,ok,,process,
0.1,de879c93-e652-4062-858a-5e3e8947b4f8,1787673235708,134094,psutil,process_cpu_pct_raw,678.9,percent,ok,,process,
0.1,de879c93-e652-4062-858a-5e3e8947b4f8,1787673235708,134094,psutil,process_cpu_pct,33.945,percent,ok,,process,
0.1,de879c93-e652-4062-858a-5e3e8947b4f8,1787673235708,134094,psutil,process_memory_mb,7949.16796875,MiB,ok,,process,
0.1,de879c93-e652-4062-858a-5e3e8947b4f8,1787673235708,134094,win32_foreground,game_foreground,1.0,boolean,ok,,process,
0.1,de879c93-e652-4062-858a-5e3e8947b4f8,1787673233000,131386,presentmon,app_fps,48.489507315928634,fps,ok,,process,49
0.1,de879c93-e652-4062-858a-5e3e8947b4f8,1787673233000,131386,presentmon,frame_time_avg_ms,20.62301836734694,ms,ok,,process,49
0.1,de879c93-e652-4062-858a-5e3e8947b4f8,1787673233000,131386,presentmon,frame_time_p95_ms,27.1557,ms,ok,,process,49
0.1,de879c93-e652-4062-858a-5e3e8947b4f8,1787673233000,131386,presentmon,gpu_busy_median_ms,19.2835,ms,ok,,process,49
0.1,de879c93-e652-4062-858a-5e3e8947b4f8,1787673233000,131386,presentmon,gpu_busy_p95_ms,21.7054,ms,ok,,process,49
0.1,de879c93-e652-4062-858a-5e3e8947b4f8,1787673235708,134094,windows_pdh,process_gpu_pct,93.08401835865538,percent,ok,,process,
0.1,de879c93-e652-4062-858a-5e3e8947b4f8,1787673236714,135100,psutil,process_cpu_pct_raw,728.1,percent,ok,,process,
0.1,de879c93-e652-4062-858a-5e3e8947b4f8,1787673236714,135100,psutil,process_cpu_pct,36.405,percent,ok,,process,
0.1,de879c93-e652-4062-858a-5e3e8947b4f8,1787673236714,135100,psutil,process_memory_mb,7948.76953125,MiB,ok,,process,
0.1,de879c93-e652-4062-858a-5e3e8947b4f8,1787673236714,135100,win32_foreground,game_foreground,1.0,boolean,ok,,process,
0.1,de879c93-e652-4062-858a-5e3e8947b4f8,1787673234000,132386,presentmon,app_fps,48.36977568171029,fps,ok,,process,49
0.1,de879c93-e652-4062-858a-5e3e8947b4f8,1787673234000,132386,presentmon,frame_time_avg_ms,20.674067346938777,ms,ok,,process,49
0.1,de879c93-e652-4062-858a-5e3e8947b4f8,1787673234000,132386,presentmon,frame_time_p95_ms,30.7106,ms,ok,,process,49
0.1,de879c93-e652-4062-858a-5e3e8947b4f8,1787673234000,132386,presentmon,gpu_busy_median_ms,19.0474,ms,ok,,process,49
0.1,de879c93-e652-4062-858a-5e3e8947b4f8,1787673234000,132386,presentmon,gpu_busy_p95_ms,20.9858,ms,ok,,process,49
0.1,de879c93-e652-4062-858a-5e3e8947b4f8,1787673236714,135100,windows_pdh,process_gpu_pct,91.54593581980133,percent,ok,,process,
0.1,de879c93-e652-4062-858a-5e3e8947b4f8,1787673237704,136090,psutil,process_cpu_pct_raw,634.5,percent,ok,,process,
0.1,de879c93-e652-4062-858a-5e3e8947b4f8,1787673237704,136090,psutil,process_cpu_pct,31.725,percent,ok,,process,
0.1,de879c93-e652-4062-858a-5e3e8947b4f8,1787673237704,136090,psutil,process_memory_mb,7947.1796875,MiB,ok,,process,
0.1,de879c93-e652-4062-858a-5e3e8947b4f8,1787673237704,136090,win32_foreground,game_foreground,1.0,boolean,ok,,process,
0.1,de879c93-e652-4062-858a-5e3e8947b4f8,1787673235000,133386,presentmon,app_fps,51.20527488066867,fps,ok,,process,50
0.1,de879c93-e652-4062-858a-5e3e8947b4f8,1787673235000,133386,presentmon,frame_time_avg_ms,19.529238,ms,ok,,process,50
0.1,de879c93-e652-4062-858a-5e3e8947b4f8,1787673235000,133386,presentmon,frame_time_p95_ms,25.1949,ms,ok,,process,50
0.1,de879c93-e652-4062-858a-5e3e8947b4f8,1787673235000,133386,presentmon,gpu_busy_median_ms,18.28105,ms,ok,,process,50
0.1,de879c93-e652-4062-858a-5e3e8947b4f8,1787673235000,133386,presentmon,gpu_busy_p95_ms,21.2789,ms,ok,,process,50
0.1,de879c93-e652-4062-858a-5e3e8947b4f8,1787673237704,136090,windows_pdh,process_gpu_pct,98.1597437884476,percent,ok,,process,
0.1,de879c93-e652-4062-858a-5e3e8947b4f8,1787673238710,137096,psutil,process_cpu_pct_raw,640.4,percent,ok,,process,
0.1,de879c93-e652-4062-858a-5e3e8947b4f8,1787673238710,137096,psutil,process_cpu_pct,32.019999999999996,percent,ok,,process,
0.1,de879c93-e652-4062-858a-5e3e8947b4f8,1787673238710,137096,psutil,process_memory_mb,7948.19921875,MiB,ok,,process,
0.1,de879c93-e652-4062-858a-5e3e8947b4f8,1787673238710,137096,win32_foreground,game_foreground,1.0,boolean,ok,,process,
0.1,de879c93-e652-4062-858a-5e3e8947b4f8,1787673236000,134386,presentmon,app_fps,52.51204755173973,fps,ok,,process,53
0.1,de879c93-e652-4062-858a-5e3e8947b4f8,1787673236000,134386,presentmon,frame_time_avg_ms,19.043249056603774,ms,ok,,process,53
0.1,de879c93-e652-4062-858a-5e3e8947b4f8,1787673236000,134386,presentmon,frame_time_p95_ms,23.2616,ms,ok,,process,53
0.1,de879c93-e652-4062-858a-5e3e8947b4f8,1787673236000,134386,presentmon,gpu_busy_median_ms,18.5617,ms,ok,,process,53
0.1,de879c93-e652-4062-858a-5e3e8947b4f8,1787673236000,134386,presentmon,gpu_busy_p95_ms,20.2704,ms,ok,,process,53
0.1,de879c93-e652-4062-858a-5e3e8947b4f8,1787673238710,137096,windows_pdh,process_gpu_pct,98.30941189720349,percent,ok,,process,
0.1,de879c93-e652-4062-858a-5e3e8947b4f8,1787673238710,137096,nvidia-smi,device_gpu_util_pct,96.0,percent,ok,,device,
0.1,de879c93-e652-4062-858a-5e3e8947b4f8,1787673238710,137096,nvidia-smi,device_vram_used_mb,5036.0,MiB,ok,,device,
0.1,de879c93-e652-4062-858a-5e3e8947b4f8,1787673238710,137096,nvidia-smi,device_gpu_temperature_c,64.0,celsius,ok,,device,
0.1,de879c93-e652-4062-858a-5e3e8947b4f8,1787673238710,137096,nvidia-smi,device_gpu_power_w,147.89,watt,ok,,device,
0.1,de879c93-e652-4062-858a-5e3e8947b4f8,1787673238710,137096,nvidia-smi,device_gpu_clock_mhz,1965.0,MHz,ok,,device,
0.1,de879c93-e652-4062-858a-5e3e8947b4f8,1787673239715,138101,psutil,process_cpu_pct_raw,690.6,percent,ok,,process,
0.1,de879c93-e652-4062-858a-5e3e8947b4f8,1787673239715,138101,psutil,process_cpu_pct,34.53,percent,ok,,process,
0.1,de879c93-e652-4062-858a-5e3e8947b4f8,1787673239715,138101,psutil,process_memory_mb,7948.45703125,MiB,ok,,process,
0.1,de879c93-e652-4062-858a-5e3e8947b4f8,1787673239715,138101,win32_foreground,game_foreground,1.0,boolean,ok,,process,
0.1,de879c93-e652-4062-858a-5e3e8947b4f8,1787673237000,135386,presentmon,app_fps,50.49447956726033,fps,ok,,process,51
0.1,de879c93-e652-4062-858a-5e3e8947b4f8,1787673237000,135386,presentmon,frame_time_avg_ms,19.804145098039214,ms,ok,,process,51
0.1,de879c93-e652-4062-858a-5e3e8947b4f8,1787673237000,135386,presentmon,frame_time_p95_ms,25.5404,ms,ok,,process,51
0.1,de879c93-e652-4062-858a-5e3e8947b4f8,1787673237000,135386,presentmon,gpu_busy_median_ms,19.3868,ms,ok,,process,51
0.1,de879c93-e652-4062-858a-5e3e8947b4f8,1787673237000,135386,presentmon,gpu_busy_p95_ms,20.6029,ms,ok,,process,51
0.1,de879c93-e652-4062-858a-5e3e8947b4f8,1787673239715,138101,windows_pdh,process_gpu_pct,98.11827636688885,percent,ok,,process,
0.1,de879c93-e652-4062-858a-5e3e8947b4f8,1787673240706,139092,psutil,process_cpu_pct_raw,650.0,percent,ok,,process,
0.1,de879c93-e652-4062-858a-5e3e8947b4f8,1787673240706,139092,psutil,process_cpu_pct,32.5,percent,ok,,process,
0.1,de879c93-e652-4062-858a-5e3e8947b4f8,1787673240706,139092,psutil,process_memory_mb,7949.390625,MiB,ok,,process,
0.1,de879c93-e652-4062-858a-5e3e8947b4f8,1787673240706,139092,win32_foreground,game_foreground,1.0,boolean,ok,,process,
0.1,de879c93-e652-4062-858a-5e3e8947b4f8,1787673238000,136386,presentmon,app_fps,51.88356148705612,fps,ok,,process,51
0.1,de879c93-e652-4062-858a-5e3e8947b4f8,1787673238000,136386,presentmon,frame_time_avg_ms,19.27392745098039,ms,ok,,process,51
0.1,de879c93-e652-4062-858a-5e3e8947b4f8,1787673238000,136386,presentmon,frame_time_p95_ms,24.8345,ms,ok,,process,51
0.1,de879c93-e652-4062-858a-5e3e8947b4f8,1787673238000,136386,presentmon,gpu_busy_median_ms,19.1345,ms,ok,,process,51
0.1,de879c93-e652-4062-858a-5e3e8947b4f8,1787673238000,136386,presentmon,gpu_busy_p95_ms,20.1863,ms,ok,,process,51
0.1,de879c93-e652-4062-858a-5e3e8947b4f8,1787673240706,139092,windows_pdh,process_gpu_pct,99.01801893381358,percent,ok,,process,
0.1,de879c93-e652-4062-858a-5e3e8947b4f8,1787673241711,140097,psutil,process_cpu_pct_raw,671.9,percent,ok,,process,
0.1,de879c93-e652-4062-858a-5e3e8947b4f8,1787673241711,140097,psutil,process_cpu_pct,33.595,percent,ok,,process,
0.1,de879c93-e652-4062-858a-5e3e8947b4f8,1787673241711,140097,psutil,process_memory_mb,7948.17578125,MiB,ok,,process,
0.1,de879c93-e652-4062-858a-5e3e8947b4f8,1787673241711,140097,win32_foreground,game_foreground,1.0,boolean,ok,,process,
0.1,de879c93-e652-4062-858a-5e3e8947b4f8,1787673239000,137386,presentmon,app_fps,48.937252654646215,fps,ok,,process,49
0.1,de879c93-e652-4062-858a-5e3e8947b4f8,1787673239000,137386,presentmon,frame_time_avg_ms,20.4343306122449,ms,ok,,process,49
0.1,de879c93-e652-4062-858a-5e3e8947b4f8,1787673239000,137386,presentmon,frame_time_p95_ms,27.6746,ms,ok,,process,49
0.1,de879c93-e652-4062-858a-5e3e8947b4f8,1787673239000,137386,presentmon,gpu_busy_median_ms,19.899,ms,ok,,process,49
0.1,de879c93-e652-4062-858a-5e3e8947b4f8,1787673239000,137386,presentmon,gpu_busy_p95_ms,21.4805,ms,ok,,process,49
0.1,de879c93-e652-4062-858a-5e3e8947b4f8,1787673241711,140097,windows_pdh,process_gpu_pct,94.75306825029683,percent,ok,,process,
0.1,de879c93-e652-4062-858a-5e3e8947b4f8,1787673242701,141087,psutil,process_cpu_pct_raw,755.1,percent,ok,,process,
0.1,de879c93-e652-4062-858a-5e3e8947b4f8,1787673242701,141087,psutil,process_cpu_pct,37.755,percent,ok,,process,
0.1,de879c93-e652-4062-858a-5e3e8947b4f8,1787673242701,141087,psutil,process_memory_mb,7949.2421875,MiB,ok,,process,
0.1,de879c93-e652-4062-858a-5e3e8947b4f8,1787673242701,141087,win32_foreground,game_foreground,1.0,boolean,ok,,process,
0.1,de879c93-e652-4062-858a-5e3e8947b4f8,1787673240000,138386,presentmon,app_fps,50.14245865778864,fps,ok,,process,51
0.1,de879c93-e652-4062-858a-5e3e8947b4f8,1787673240000,138386,presentmon,frame_time_avg_ms,19.943178431372548,ms,ok,,process,51
0.1,de879c93-e652-4062-858a-5e3e8947b4f8,1787673240000,138386,presentmon,frame_time_p95_ms,28.7591,ms,ok,,process,51
0.1,de879c93-e652-4062-858a-5e3e8947b4f8,1787673240000,138386,presentmon,gpu_busy_median_ms,18.9452,ms,ok,,process,51
0.1,de879c93-e652-4062-858a-5e3e8947b4f8,1787673240000,138386,presentmon,gpu_busy_p95_ms,25.0422,ms,ok,,process,51
0.1,de879c93-e652-4062-858a-5e3e8947b4f8,1787673242701,141087,windows_pdh,process_gpu_pct,97.01747775456087,percent,ok,,process,
0.1,de879c93-e652-4062-858a-5e3e8947b4f8,1787673243707,142093,psutil,process_cpu_pct_raw,546.5,percent,ok,,process,
0.1,de879c93-e652-4062-858a-5e3e8947b4f8,1787673243707,142093,psutil,process_cpu_pct,27.325,percent,ok,,process,
0.1,de879c93-e652-4062-858a-5e3e8947b4f8,1787673243707,142093,psutil,process_memory_mb,7949.98046875,MiB,ok,,process,
0.1,de879c93-e652-4062-858a-5e3e8947b4f8,1787673243707,142093,win32_foreground,game_foreground,1.0,boolean,ok,,process,
0.1,de879c93-e652-4062-858a-5e3e8947b4f8,1787673243707,142093,windows_pdh,process_gpu_pct,98.92835951143053,percent,ok,,process,
0.1,de879c93-e652-4062-858a-5e3e8947b4f8,1787673243707,142093,nvidia-smi,device_gpu_util_pct,96.0,percent,ok,,device,
0.1,de879c93-e652-4062-858a-5e3e8947b4f8,1787673243707,142093,nvidia-smi,device_vram_used_mb,4998.0,MiB,ok,,device,
0.1,de879c93-e652-4062-858a-5e3e8947b4f8,1787673243707,142093,nvidia-smi,device_gpu_temperature_c,64.0,celsius,ok,,device,
0.1,de879c93-e652-4062-858a-5e3e8947b4f8,1787673243707,142093,nvidia-smi,device_gpu_power_w,146.03,watt,ok,,device,
0.1,de879c93-e652-4062-858a-5e3e8947b4f8,1787673243707,142093,nvidia-smi,device_gpu_clock_mhz,1965.0,MHz,ok,,device,
0.1,de879c93-e652-4062-858a-5e3e8947b4f8,1787673244713,143099,psutil,process_cpu_pct_raw,573.4,percent,ok,,process,
0.1,de879c93-e652-4062-858a-5e3e8947b4f8,1787673244713,143099,psutil,process_cpu_pct,28.669999999999998,percent,ok,,process,
0.1,de879c93-e652-4062-858a-5e3e8947b4f8,1787673244713,143099,psutil,process_memory_mb,7951.91015625,MiB,ok,,process,
0.1,de879c93-e652-4062-858a-5e3e8947b4f8,1787673244713,143099,win32_foreground,game_foreground,1.0,boolean,ok,,process,
0.1,de879c93-e652-4062-858a-5e3e8947b4f8,1787673241000,139386,presentmon,app_fps,52.83057589899607,fps,ok,,process,52
0.1,de879c93-e652-4062-858a-5e3e8947b4f8,1787673241000,139386,presentmon,frame_time_avg_ms,18.92843269230769,ms,ok,,process,52
0.1,de879c93-e652-4062-858a-5e3e8947b4f8,1787673241000,139386,presentmon,frame_time_p95_ms,22.0776,ms,ok,,process,52
0.1,de879c93-e652-4062-858a-5e3e8947b4f8,1787673241000,139386,presentmon,gpu_busy_median_ms,18.65685,ms,ok,,process,52
0.1,de879c93-e652-4062-858a-5e3e8947b4f8,1787673241000,139386,presentmon,gpu_busy_p95_ms,19.5186,ms,ok,,process,52
0.1,de879c93-e652-4062-858a-5e3e8947b4f8,1787673244713,143099,windows_pdh,process_gpu_pct,98.78214701306317,percent,ok,,process,
0.1,de879c93-e652-4062-858a-5e3e8947b4f8,1787673245703,144089,psutil,process_cpu_pct_raw,582.2,percent,ok,,process,
0.1,de879c93-e652-4062-858a-5e3e8947b4f8,1787673245703,144089,psutil,process_cpu_pct,29.110000000000003,percent,ok,,process,
0.1,de879c93-e652-4062-858a-5e3e8947b4f8,1787673245703,144089,psutil,process_memory_mb,7953.6015625,MiB,ok,,process,
0.1,de879c93-e652-4062-858a-5e3e8947b4f8,1787673245703,144089,win32_foreground,game_foreground,0.0,boolean,ok,,process,
0.1,de879c93-e652-4062-858a-5e3e8947b4f8,1787673242000,140386,presentmon,app_fps,55.23096405647761,fps,ok,,process,56
0.1,de879c93-e652-4062-858a-5e3e8947b4f8,1787673242000,140386,presentmon,frame_time_avg_ms,18.105785714285712,ms,ok,,process,56
0.1,de879c93-e652-4062-858a-5e3e8947b4f8,1787673242000,140386,presentmon,frame_time_p95_ms,22.2492,ms,ok,,process,56
0.1,de879c93-e652-4062-858a-5e3e8947b4f8,1787673242000,140386,presentmon,gpu_busy_median_ms,17.80165,ms,ok,,process,56
0.1,de879c93-e652-4062-858a-5e3e8947b4f8,1787673242000,140386,presentmon,gpu_busy_p95_ms,19.0732,ms,ok,,process,56
0.1,de879c93-e652-4062-858a-5e3e8947b4f8,1787673243000,141386,presentmon,app_fps,55.95706160312911,fps,ok,,process,55
0.1,de879c93-e652-4062-858a-5e3e8947b4f8,1787673243000,141386,presentmon,frame_time_avg_ms,17.870845454545456,ms,ok,,process,55
0.1,de879c93-e652-4062-858a-5e3e8947b4f8,1787673243000,141386,presentmon,frame_time_p95_ms,21.0196,ms,ok,,process,55
0.1,de879c93-e652-4062-858a-5e3e8947b4f8,1787673243000,141386,presentmon,gpu_busy_median_ms,17.3163,ms,ok,,process,55
0.1,de879c93-e652-4062-858a-5e3e8947b4f8,1787673243000,141386,presentmon,gpu_busy_p95_ms,18.5253,ms,ok,,process,55
0.1,de879c93-e652-4062-858a-5e3e8947b4f8,1787673245703,144089,windows_pdh,process_gpu_pct,98.21460948100471,percent,ok,,process,
0.1,de879c93-e652-4062-858a-5e3e8947b4f8,1787673246708,145094,psutil,process_cpu_pct_raw,560.3,percent,ok,,process,
0.1,de879c93-e652-4062-858a-5e3e8947b4f8,1787673246708,145094,psutil,process_cpu_pct,28.014999999999997,percent,ok,,process,
0.1,de879c93-e652-4062-858a-5e3e8947b4f8,1787673246708,145094,psutil,process_memory_mb,7955.77734375,MiB,ok,,process,
0.1,de879c93-e652-4062-858a-5e3e8947b4f8,1787673246708,145094,win32_foreground,game_foreground,0.0,boolean,ok,,process,
0.1,de879c93-e652-4062-858a-5e3e8947b4f8,1787673244000,142386,presentmon,app_fps,57.74074980743958,fps,ok,,process,58
0.1,de879c93-e652-4062-858a-5e3e8947b4f8,1787673244000,142386,presentmon,frame_time_avg_ms,17.318791379310344,ms,ok,,process,58
0.1,de879c93-e652-4062-858a-5e3e8947b4f8,1787673244000,142386,presentmon,frame_time_p95_ms,20.705,ms,ok,,process,58
0.1,de879c93-e652-4062-858a-5e3e8947b4f8,1787673244000,142386,presentmon,gpu_busy_median_ms,17.18065,ms,ok,,process,58
0.1,de879c93-e652-4062-858a-5e3e8947b4f8,1787673244000,142386,presentmon,gpu_busy_p95_ms,17.7805,ms,ok,,process,58
0.1,de879c93-e652-4062-858a-5e3e8947b4f8,1787673246708,145094,windows_pdh,process_gpu_pct,99.06237598574917,percent,ok,,process,
0.1,de879c93-e652-4062-858a-5e3e8947b4f8,1787673247714,146100,psutil,process_cpu_pct_raw,651.6,percent,ok,,process,
0.1,de879c93-e652-4062-858a-5e3e8947b4f8,1787673247714,146100,psutil,process_cpu_pct,32.58,percent,ok,,process,
0.1,de879c93-e652-4062-858a-5e3e8947b4f8,1787673247714,146100,psutil,process_memory_mb,7949.953125,MiB,ok,,process,
0.1,de879c93-e652-4062-858a-5e3e8947b4f8,1787673247714,146100,win32_foreground,game_foreground,0.0,boolean,ok,,process,
0.1,de879c93-e652-4062-858a-5e3e8947b4f8,1787673245000,143386,presentmon,app_fps,58.72608977208504,fps,ok,,process,59
0.1,de879c93-e652-4062-858a-5e3e8947b4f8,1787673245000,143386,presentmon,frame_time_avg_ms,17.02820677966102,ms,ok,,process,59
0.1,de879c93-e652-4062-858a-5e3e8947b4f8,1787673245000,143386,presentmon,frame_time_p95_ms,22.5346,ms,ok,,process,59
0.1,de879c93-e652-4062-858a-5e3e8947b4f8,1787673245000,143386,presentmon,gpu_busy_median_ms,16.8172,ms,ok,,process,59
0.1,de879c93-e652-4062-858a-5e3e8947b4f8,1787673245000,143386,presentmon,gpu_busy_p95_ms,17.3898,ms,ok,,process,59
0.1,de879c93-e652-4062-858a-5e3e8947b4f8,1787673247714,146100,windows_pdh,process_gpu_pct,99.02731317188909,percent,ok,,process,
0.1,de879c93-e652-4062-858a-5e3e8947b4f8,1787673248704,147090,psutil,process_cpu_pct_raw,561.5,percent,ok,,process,
0.1,de879c93-e652-4062-858a-5e3e8947b4f8,1787673248704,147090,psutil,process_cpu_pct,28.075,percent,ok,,process,
0.1,de879c93-e652-4062-858a-5e3e8947b4f8,1787673248704,147090,psutil,process_memory_mb,7946.9921875,MiB,ok,,process,
0.1,de879c93-e652-4062-858a-5e3e8947b4f8,1787673248704,147090,win32_foreground,game_foreground,0.0,boolean,ok,,process,
0.1,de879c93-e652-4062-858a-5e3e8947b4f8,1787673246000,144386,presentmon,app_fps,58.74952726545645,fps,ok,,process,59
0.1,de879c93-e652-4062-858a-5e3e8947b4f8,1787673246000,144386,presentmon,frame_time_avg_ms,17.021413559322035,ms,ok,,process,59
0.1,de879c93-e652-4062-858a-5e3e8947b4f8,1787673246000,144386,presentmon,frame_time_p95_ms,20.0499,ms,ok,,process,59
0.1,de879c93-e652-4062-858a-5e3e8947b4f8,1787673246000,144386,presentmon,gpu_busy_median_ms,16.8175,ms,ok,,process,59
0.1,de879c93-e652-4062-858a-5e3e8947b4f8,1787673246000,144386,presentmon,gpu_busy_p95_ms,17.2265,ms,ok,,process,59
0.1,de879c93-e652-4062-858a-5e3e8947b4f8,1787673248704,147090,windows_pdh,process_gpu_pct,99.18260263468025,percent,ok,,process,
0.1,de879c93-e652-4062-858a-5e3e8947b4f8,1787673249710,148096,psutil,process_cpu_pct_raw,549.6,percent,ok,,process,
0.1,de879c93-e652-4062-858a-5e3e8947b4f8,1787673249710,148096,psutil,process_cpu_pct,27.48,percent,ok,,process,
0.1,de879c93-e652-4062-858a-5e3e8947b4f8,1787673249710,148096,psutil,process_memory_mb,7945.51171875,MiB,ok,,process,
0.1,de879c93-e652-4062-858a-5e3e8947b4f8,1787673249710,148096,win32_foreground,game_foreground,0.0,boolean,ok,,process,
0.1,de879c93-e652-4062-858a-5e3e8947b4f8,1787673247000,145386,presentmon,app_fps,60.876413372762315,fps,ok,,process,60
0.1,de879c93-e652-4062-858a-5e3e8947b4f8,1787673247000,145386,presentmon,frame_time_avg_ms,16.42672333333333,ms,ok,,process,60
0.1,de879c93-e652-4062-858a-5e3e8947b4f8,1787673247000,145386,presentmon,frame_time_p95_ms,19.6333,ms,ok,,process,60
0.1,de879c93-e652-4062-858a-5e3e8947b4f8,1787673247000,145386,presentmon,gpu_busy_median_ms,16.18835,ms,ok,,process,60
0.1,de879c93-e652-4062-858a-5e3e8947b4f8,1787673247000,145386,presentmon,gpu_busy_p95_ms,16.7305,ms,ok,,process,60
0.1,de879c93-e652-4062-858a-5e3e8947b4f8,1787673249710,148096,windows_pdh,process_gpu_pct,98.80905584532084,percent,ok,,process,
0.1,de879c93-e652-4062-858a-5e3e8947b4f8,1787673249710,148096,nvidia-smi,device_gpu_util_pct,96.0,percent,ok,,device,
0.1,de879c93-e652-4062-858a-5e3e8947b4f8,1787673249710,148096,nvidia-smi,device_vram_used_mb,4960.0,MiB,ok,,device,
0.1,de879c93-e652-4062-858a-5e3e8947b4f8,1787673249710,148096,nvidia-smi,device_gpu_temperature_c,64.0,celsius,ok,,device,
0.1,de879c93-e652-4062-858a-5e3e8947b4f8,1787673249710,148096,nvidia-smi,device_gpu_power_w,148.84,watt,ok,,device,
0.1,de879c93-e652-4062-858a-5e3e8947b4f8,1787673249710,148096,nvidia-smi,device_gpu_clock_mhz,1965.0,MHz,ok,,device,
0.1,de879c93-e652-4062-858a-5e3e8947b4f8,1787673250715,149101,psutil,process_cpu_pct_raw,650.0,percent,ok,,process,
0.1,de879c93-e652-4062-858a-5e3e8947b4f8,1787673250715,149101,psutil,process_cpu_pct,32.5,percent,ok,,process,
0.1,de879c93-e652-4062-858a-5e3e8947b4f8,1787673250715,149101,psutil,process_memory_mb,7946.81640625,MiB,ok,,process,
0.1,de879c93-e652-4062-858a-5e3e8947b4f8,1787673250715,149101,win32_foreground,game_foreground,0.0,boolean,ok,,process,
0.1,de879c93-e652-4062-858a-5e3e8947b4f8,1787673248000,146386,presentmon,app_fps,61.97598430608139,fps,ok,,process,62
0.1,de879c93-e652-4062-858a-5e3e8947b4f8,1787673248000,146386,presentmon,frame_time_avg_ms,16.135282258064517,ms,ok,,process,62
0.1,de879c93-e652-4062-858a-5e3e8947b4f8,1787673248000,146386,presentmon,frame_time_p95_ms,19.9685,ms,ok,,process,62
0.1,de879c93-e652-4062-858a-5e3e8947b4f8,1787673248000,146386,presentmon,gpu_busy_median_ms,15.947199999999999,ms,ok,,process,62
0.1,de879c93-e652-4062-858a-5e3e8947b4f8,1787673248000,146386,presentmon,gpu_busy_p95_ms,16.4051,ms,ok,,process,62
0.1,de879c93-e652-4062-858a-5e3e8947b4f8,1787673250715,149101,windows_pdh,process_gpu_pct,98.7739128169258,percent,ok,,process,
0.1,de879c93-e652-4062-858a-5e3e8947b4f8,1787673251706,150092,psutil,process_cpu_pct_raw,518.8,percent,ok,,process,
0.1,de879c93-e652-4062-858a-5e3e8947b4f8,1787673251706,150092,psutil,process_cpu_pct,25.939999999999998,percent,ok,,process,
0.1,de879c93-e652-4062-858a-5e3e8947b4f8,1787673251706,150092,psutil,process_memory_mb,7947.4375,MiB,ok,,process,
0.1,de879c93-e652-4062-858a-5e3e8947b4f8,1787673251706,150092,win32_foreground,game_foreground,0.0,boolean,ok,,process,
0.1,de879c93-e652-4062-858a-5e3e8947b4f8,1787673249000,147386,presentmon,app_fps,61.534943510921856,fps,ok,,process,62
0.1,de879c93-e652-4062-858a-5e3e8947b4f8,1787673249000,147386,presentmon,frame_time_avg_ms,16.250929032258064,ms,ok,,process,62
0.1,de879c93-e652-4062-858a-5e3e8947b4f8,1787673249000,147386,presentmon,frame_time_p95_ms,18.8776,ms,ok,,process,62
0.1,de879c93-e652-4062-858a-5e3e8947b4f8,1787673249000,147386,presentmon,gpu_busy_median_ms,15.97205,ms,ok,,process,62
0.1,de879c93-e652-4062-858a-5e3e8947b4f8,1787673249000,147386,presentmon,gpu_busy_p95_ms,16.4531,ms,ok,,process,62
0.1,de879c93-e652-4062-858a-5e3e8947b4f8,1787673251706,150092,windows_pdh,process_gpu_pct,98.6852210046304,percent,ok,,process,
0.1,de879c93-e652-4062-858a-5e3e8947b4f8,1787673252711,151097,psutil,process_cpu_pct_raw,770.3,percent,ok,,process,
0.1,de879c93-e652-4062-858a-5e3e8947b4f8,1787673252711,151097,psutil,process_cpu_pct,38.515,percent,ok,,process,
0.1,de879c93-e652-4062-858a-5e3e8947b4f8,1787673252711,151097,psutil,process_memory_mb,7947.66015625,MiB,ok,,process,
0.1,de879c93-e652-4062-858a-5e3e8947b4f8,1787673252711,151097,win32_foreground,game_foreground,0.0,boolean,ok,,process,
0.1,de879c93-e652-4062-858a-5e3e8947b4f8,1787673250000,148386,presentmon,app_fps,62.65149479505304,fps,ok,,process,63
0.1,de879c93-e652-4062-858a-5e3e8947b4f8,1787673250000,148386,presentmon,frame_time_avg_ms,15.96131111111111,ms,ok,,process,63
0.1,de879c93-e652-4062-858a-5e3e8947b4f8,1787673250000,148386,presentmon,frame_time_p95_ms,17.8722,ms,ok,,process,63
0.1,de879c93-e652-4062-858a-5e3e8947b4f8,1787673250000,148386,presentmon,gpu_busy_median_ms,15.8191,ms,ok,,process,63
0.1,de879c93-e652-4062-858a-5e3e8947b4f8,1787673250000,148386,presentmon,gpu_busy_p95_ms,16.2381,ms,ok,,process,63
0.1,de879c93-e652-4062-858a-5e3e8947b4f8,1787673252711,151097,windows_pdh,process_gpu_pct,99.15118593044538,percent,ok,,process,
0.1,de879c93-e652-4062-858a-5e3e8947b4f8,1787673253701,152087,psutil,process_cpu_pct_raw,637.7,percent,ok,,process,
0.1,de879c93-e652-4062-858a-5e3e8947b4f8,1787673253701,152087,psutil,process_cpu_pct,31.885,percent,ok,,process,
0.1,de879c93-e652-4062-858a-5e3e8947b4f8,1787673253701,152087,psutil,process_memory_mb,7948.0703125,MiB,ok,,process,
0.1,de879c93-e652-4062-858a-5e3e8947b4f8,1787673253701,152087,win32_foreground,game_foreground,0.0,boolean,ok,,process,
0.1,de879c93-e652-4062-858a-5e3e8947b4f8,1787673251000,149386,presentmon,app_fps,63.38354651668175,fps,ok,,process,63
0.1,de879c93-e652-4062-858a-5e3e8947b4f8,1787673251000,149386,presentmon,frame_time_avg_ms,15.776965079365079,ms,ok,,process,63
0.1,de879c93-e652-4062-858a-5e3e8947b4f8,1787673251000,149386,presentmon,frame_time_p95_ms,18.3264,ms,ok,,process,63
0.1,de879c93-e652-4062-858a-5e3e8947b4f8,1787673251000,149386,presentmon,gpu_busy_median_ms,15.6035,ms,ok,,process,63
0.1,de879c93-e652-4062-858a-5e3e8947b4f8,1787673251000,149386,presentmon,gpu_busy_p95_ms,15.9545,ms,ok,,process,63
0.1,de879c93-e652-4062-858a-5e3e8947b4f8,1787673253701,152087,windows_pdh,process_gpu_pct,98.9426815688339,percent,ok,,process,
0.1,de879c93-e652-4062-858a-5e3e8947b4f8,1787673254707,153093,psutil,process_cpu_pct_raw,577.3,percent,ok,,process,
0.1,de879c93-e652-4062-858a-5e3e8947b4f8,1787673254707,153093,psutil,process_cpu_pct,28.865,percent,ok,,process,
0.1,de879c93-e652-4062-858a-5e3e8947b4f8,1787673254707,153093,psutil,process_memory_mb,7949.4140625,MiB,ok,,process,
0.1,de879c93-e652-4062-858a-5e3e8947b4f8,1787673254707,153093,win32_foreground,game_foreground,0.0,boolean,ok,,process,
0.1,de879c93-e652-4062-858a-5e3e8947b4f8,1787673252000,150386,presentmon,app_fps,63.29887195381714,fps,ok,,process,63
0.1,de879c93-e652-4062-858a-5e3e8947b4f8,1787673252000,150386,presentmon,frame_time_avg_ms,15.798069841269841,ms,ok,,process,63
0.1,de879c93-e652-4062-858a-5e3e8947b4f8,1787673252000,150386,presentmon,frame_time_p95_ms,17.741,ms,ok,,process,63
0.1,de879c93-e652-4062-858a-5e3e8947b4f8,1787673252000,150386,presentmon,gpu_busy_median_ms,15.5742,ms,ok,,process,63
0.1,de879c93-e652-4062-858a-5e3e8947b4f8,1787673252000,150386,presentmon,gpu_busy_p95_ms,16.0505,ms,ok,,process,63
0.1,de879c93-e652-4062-858a-5e3e8947b4f8,1787673254707,153093,windows_pdh,process_gpu_pct,98.73074637848696,percent,ok,,process,
